symbol,date,close,MA12,MA36,MA50,MA150,MA200,EMA10,52w_low,52w_high,cond1_price_above_150_200,cond2_ma150_above_ma200,cond3_ma200_trending_up_1m,cond4_ma50_above_150_200,cond5_price_above_ma50,cond6_30pct_above_52w_low,cond7_within_25pct_52w_high,cond9_price_above_ema10,fresh_ma12_cross_today,12m_return_pct,volume_signal,relative_volume,bull_snort,inside_bar,is_52w_high,is_52w_low,data_source,industry_group,industry,rs_percentile,cond8_rs_at_least_70,all_conditions_met
20MICRONS.NS,2026-09-16,203.22999572753906,214.09083302815756,204.16305626763238,203.88465728759766,185.04674123128254,186.13970092773437,210.62181807815222,128.8197409252814,236.00219585750858,True,False,False,True,False,True,True,False,False,-9.755167967060308,noise,69.83999044280964,False,False,False,False,,Minerals & Mining,Industrial Minerals,54.20944558521561,False,False
21STCENMGM.NS,2026-09-17,38.619998931884766,38.54083283742269,41.24416637420654,39.45999984741211,35.34413333892822,37.535050039291384,38.873249718519794,28.25,54.5,True,False,False,True,False,True,False,False,False,-27.310374260350468,noise,64.39754825092912,False,False,False,False,,Capital Markets,Other Capital Market related Services,31.468172484599588,False,False
360ONE.NS,2026-09-17,1061.300048828125,1103.6250101725261,1152.7472262912327,1141.7180029296876,1094.364336344401,1106.5587783813476,1089.9425982676128,900.8207868154223,1229.0652744329707,False,False,False,True,False,False,True,False,False,-1.6689486474033233,noise,43.38071084720919,False,False,False,False,,Capital Markets,Stockbroking & Allied,62.885010266940455,False,False
3BBLACKBIO.NS,2026-09-17,,,,,,,,,,False,False,False,False,False,False,False,False,False,,noise,,False,False,False,False,,Healthcare Services,Healthcare Service Provider,,False,False
3IINFOLTD.NS,2026-09-16,25.020000457763672,22.77166684468587,24.019722355736626,22.67480007171631,18.31699998219808,17.719200015068054,23.320268839995276,12.680000305175781,27.799999237060547,True,True,True,True,True,True,True,True,False,1.7073173568335154,ppv,64.79685127884618,False,False,False,False,,IT - Software,Computers - Software & Consulting,66.0164271047228,False,False
3MINDIA.NS,2026-09-16,31935.0,32770.0,34240.13888888889,34495.088828125,33218.66841145833,33502.001845703126,32654.0669171161,28319.862583025053,37487.09942436396,False,False,False,True,False,False,True,False,False,4.609278517584814,ppv,666.3186943304675,False,False,False,False,,Diversified,Diversified,68.17248459958932,False,False
3PLAND.NS,2026-09-18,31.09000015258789,31.83666690190633,31.88444439570109,31.919599952697755,32.57880002339681,33.600300025939944,31.502926841913087,28.510000228881836,46.88999938964844,False,False,False,False,False,False,False,False,False,-31.730347985154683,dry,16.00877485134709,False,True,False,False,,Finance,Investment Company,25.308008213552363,False,False
5PAISA.NS,2026-09-16,316.8500061035156,332.7624994913737,359.56388685438367,363.46299926757814,334.0444667561849,335.6773501586914,330.8949762660596,245.5,416.95001220703125,False,False,False,True,False,False,True,False,False,-13.298674094990371,noise,51.535519454751245,False,False,False,False,,Capital Markets,Stockbroking & Allied,49.2299794661191,False,False
63MOONS.NS,2026-09-18,884.75,874.0965525309244,834.0148111979166,805.7035339355468,690.0629056803385,692.1645355224609,867.3237477075913,465.91898526941185,963.7639157977978,True,False,False,True,True,True,True,True,False,-3.9321002148510087,noise,24.783219280093498,False,False,False,False,,IT - Software,Computers - Software & Consulting,60.677618069815196,False,False
ABB.NS,2026-09-18,7270.5,7303.708333333333,7462.844048394098,7394.512578125,6851.876285807291,6422.329853515625,7252.459416269912,4564.870705303207,7832.294844565128,True,True,True,True,False,True,True,True,False,37.14169506211999,ppv,128.39655189405613,False,False,False,False,,Electrical Equipment,Heavy Electrical Equipment,86.19096509240246,True,False
ABINFRA.NS,2026-09-16,11.380000114440918,11.350000063578287,11.237500031789144,10.94640001296997,13.532800019582112,14.85010000705719,11.397408305607406,8.819999694824219,23.559999465942383,False,False,False,False,True,False,False,False,False,-40.12430454085647,dry,4.44861888176295,False,False,False,False,,Construction,Civil Construction,16.83778234086242,False,False
ABLBL.NS,2026-09-18,81.16999816894531,83.67000007629395,87.25705994500055,89.36117385864257,96.68422790527343,101.98586818695068,83.16264497318785,80.80999755859375,149.99351685072722,False,False,False,False,False,False,False,False,False,-44.181531320441266,red,140.61103825489718,False,False,False,True,,Retailing,Speciality Retail,12.577002053388089,False,False
ABMINTLLTD.NS,2026-09-16,51.0,54.298333485921226,52.52194436391195,49.46959999084473,45.87453341166179,44.70120008468628,53.5078552790682,34.0,72.80000305175781,True,True,False,True,True,True,False,False,False,12.70718232044199,dry,6.696756201379715,False,False,False,False,,Commercial Services & Supplies,Trading & Distributors,75.41067761806981,True,False
ABREL.NS,2026-09-17,1257.4000244140625,1316.1083374023438,1371.3722296820747,1385.3556396484375,1328.1828653971354,1382.3613641357422,1293.8823602364241,1078.220335805519,1961.880003431885,False,False,False,True,False,False,False,False,False,-34.77334343462359,noise,53.034462691113845,False,False,False,False,,Realty,"Residential, Commercial Projects",21.817248459958932,False,False
AEROPLANE.NS,2026-09-18,,,,,,,,,,False,False,False,False,False,False,False,False,False,,green,115.02017888539329,False,False,False,False,,Agricultural Food & other Products,Other Agricultural Products,,False,False
AGUL.NS,2026-09-16,45.75,46.20000076293945,52.24861166212294,53.30300048828125,62.55200045267741,63.5637502861023,46.412443428011954,43.650001525878906,86.0,False,False,False,False,False,False,False,False,False,-27.952755905511808,dry,0.0,False,False,False,True,,Industrial Products,Iron & Steel Products,30.184804928131413,False,False
AKCAPIT.NS,2026-09-17,,,,,,,,,,False,False,False,False,False,False,False,False,False,,noise,,False,False,False,False,,Finance,Non Banking Financial Company (NBFC),,False,False
A2ZINFRA.NS,2026-09-16,14.699999809265137,15.68916654586792,15.59805546866523,14.884399948120118,15.304799931844075,15.211649961471558,15.366534201358505,12.0,19.450000762939453,False,True,False,False,False,False,True,False,False,-23.636364627194094,noise,62.394278632465614,False,False,False,False,,Construction,Civil Construction,36.96098562628337,False,False
AAATECH.NS,2026-09-17,84.56999969482422,91.68083254496257,92.54277780320909,92.38840026855469,95.3711331685384,96.69389991760254,90.96884140206483,76.11000061035156,136.0,False,False,False,False,False,False,False,False,False,6.310492081062824,red,668.570300038777,False,False,False,False,,Commercial Services & Supplies,Consulting Services,69.6611909650924,False,False
AADHARHFC.NS,2026-09-17,469.3500061035156,470.0375010172526,482.11805640326605,491.06300048828126,484.30366658528646,483.6222496032715,466.0812059706217,430.1499938964844,563.0,False,True,False,True,False,False,True,True,False,-12.727776727991225,noise,69.53957067414022,False,False,False,False,,Finance,Housing Finance Company,50.05133470225873,False,False
AAKASH.NS,2026-09-17,8.920000076293945,8.805833419164022,8.826111104753283,8.88899995803833,8.847533295949301,8.746649973392486,8.855678854730245,7.210000038146973,13.399999618530273,True,True,False,True,True,False,False,True,False,-10.710707901292126,noise,32.974550722107686,False,False,False,False,,Oil,Offshore Support Solution Drilling,52.72073921971252,False,False
AAREYDRUGS.NS,2026-09-16,99.94000244140625,95.94416681925456,86.51472240024142,84.36639999389648,79.9278667195638,77.3061501121521,96.36907827355937,50.310001373291016,101.29000091552734,True,True,False,True,True,True,True,True,False,35.42005190882689,green,367.5241738990783,True,False,False,False,,Pharmaceuticals & Biotechnology,Pharmaceuticals,85.4722792607803,True,False
AARNAV.NS,2026-09-18,,,,,,,,,,False,False,False,False,False,False,False,False,False,,dry,3.587222039156368,False,False,False,False,,Textiles & Apparels,Trading - Textile Products,,False,False
AARON.NS,2026-09-16,124.70999908447266,127.89499918619792,133.46962102254233,130.1538883972168,132.77008433024088,141.89431579589845,128.02579647846133,106.42114596713844,227.19119369856435,False,False,False,False,False,False,False,False,False,-37.613295910954506,noise,44.15288717711108,False,True,False,False,,Industrial Manufacturing,Industrial Products,19.404517453798768,False,False
AARTECH.NS,2026-09-16,50.2400016784668,50.249167124430336,48.87638886769613,48.67040000915527,46.291666666666664,47.010150051116945,50.613703009815765,33.5099983215332,64.75,True,False,False,True,True,True,True,False,False,-11.332162371542998,noise,24.65558024869908,False,False,False,False,,Electrical Equipment,Heavy Electrical Equipment,51.79671457905543,False,False
AARTIDRUGS.NS,2026-09-18,431.79998779296875,427.5208333333333,421.3791664971246,418.9909997558594,385.742333984375,386.37868423461913,427.3068498399826,318.95001220703125,531.6963704720772,True,False,False,True,True,True,True,True,False,-15.974559854701042,noise,44.36777577064976,False,True,False,False,,Pharmaceuticals & Biotechnology,Pharmaceuticals,46.09856262833675,False,False
AARTIIND.NS,2026-09-18,491.1499938964844,489.7809066772461,508.2897016737196,502.54009704589845,471.3101200358073,448.39117309570315,489.19198210719264,337.3793264159987,550.655353408149,True,True,True,True,False,True,True,True,False,25.8957121543002,noise,45.22738267265956,False,False,False,False,,Chemicals & Petrochemicals,Specialty Chemicals,82.13552361396303,True,False
AARTIPHARM.NS,2026-09-18,820.4000244140625,836.4574381510416,810.4427897135416,777.6501586914062,714.5667757161458,723.5174609375,824.9555952196602,583.5851680913014,936.2409542546694,True,False,False,True,True,True,True,False,False,-10.264361427806069,ppv,257.6018456461669,False,False,False,False,,Pharmaceuticals & Biotechnology,Pharmaceuticals,53.4394250513347,False,False
AARTISURF.NS,2026-09-16,500.45001220703125,522.7624969482422,532.0666664971245,491.1859991455078,422.01899983723956,417.29174957275393,519.3701822517356,316.0,677.7000122070312,True,True,True,True,True,True,False,False,False,3.098225418120415,noise,37.75905442638661,False,False,False,False,,Chemicals & Petrochemicals,Specialty Chemicals,66.94045174537987,False,False
AARVI.NS,2026-09-16,140.07000732421875,142.63666788736978,148.97523880004883,149.5771627807617,136.21315806070965,133.3777981185913,142.59146754507734,114.50170544065007,166.2392228417855,True,True,True,True,False,False,True,False,False,14.151753746036011,noise,20.082063493758476,False,False,False,False,,Commercial Services & Supplies,Diversified Commercial Services,76.69404517453799,True,False
AASTHA.NS,2026-09-17,,,,,,,,,,False,False,False,False,False,False,False,False,False,,dry,7.785514987876247,False,False,False,False,,Textiles & Apparels,Other Textile Products,,False,False
AATMAJ.NS,2026-09-16,19.25,18.65833346048991,18.691666656070286,18.662000007629395,19.579666748046876,20.240000038146974,18.83814542143982,16.700000762939453,25.5,False,False,False,False,True,False,True,True,False,-8.767774161247976,noise,54.347826086956516,False,True,False,False,,Healthcare Services,Hospital,55.441478439425055,False,False
AAVAS.NS,2026-09-16,1282.5,1281.1916605631511,1339.241675482856,1375.8260107421875,1339.0980045572917,1369.5090032958985,1286.0760155483845,1060.4000244140625,1771.9000244140625,False,False,False,True,False,False,False,False,False,-23.217388342903046,noise,61.231273783565555,False,False,False,False,,Finance,Housing Finance Company,37.42299794661191,False,False
ABCOTS.NS,2026-09-16,204.6300048828125,208.16666793823242,204.96666717529297,205.08340057373047,275.10646677652994,309.9193503570557,206.3762772473474,196.80999755859375,504.0,False,False,False,False,False,False,False,False,False,-51.67552273377532,dry,8.674463814823822,False,True,False,False,,Textiles & Apparels,Other Textile Products,7.494866529774128,False,False
ABAN.NS,2026-09-16,14.600000381469727,14.65500005086263,16.388610945807564,15.904599933624267,17.826799920399985,19.279999918937683,14.735662251516455,12.890000343322754,45.619998931884766,False,False,False,False,False,False,False,False,False,-66.73501803485289,noise,33.5424155923319,False,False,False,False,,Oil,Offshore Support Solution Drilling,2.1047227926078027,False,False
ABANSENT.NS,2026-09-17,,,,,,,,,,False,False,False,False,False,False,False,False,False,,noise,,False,False,False,True,,Metals & Minerals Trading,Trading - Metals,,False,False
AFSL.NS,2026-09-16,201.02000427246094,204.21750259399414,203.6797226799859,203.03240020751954,202.18300028483074,202.0805502319336,202.43820071901285,194.41000366210938,227.0,False,True,False,True,False,False,True,False,False,-6.844612573895947,noise,58.96787109510768,False,False,False,False,,Finance,Holding Company,58.0082135523614,False,False
ABBOTINDIA.NS,2026-09-16,26125.0,25818.333333333332,26737.5,26880.7787890625,26144.674830729167,26461.6905078125,25867.883569487298,24574.941813474234,30682.034358824003,False,False,False,True,False,False,True,True,False,-13.50265240857219,noise,57.720497791006665,False,False,False,False,,Pharmaceuticals & Biotechnology,Pharmaceuticals,48.76796714579055,False,False
AILIMITED.NS,2026-09-16,19.100000381469727,20.458333333333332,23.486805333031548,27.802499885559083,34.70983327229818,34.60662495613098,19.88355255151089,16.350000381469727,47.5,False,True,False,False,False,False,False,False,False,-53.30073430587902,noise,86.20689655172413,False,False,False,False,,Construction,Civil Construction,6.7761806981519515,False,False
ABMKNO.NS,2026-09-17,,,,,,,,,,False,False,False,False,False,False,False,False,False,,noise,,False,True,False,False,,IT - Software,Software Products,,False,False
ABSMARINE.NS,2026-09-17,304.6000061035156,312.25000254313153,264.22222306993274,253.12100006103515,226.27400014241536,218.0794999694824,306.0715874143059,143.0500030517578,347.75,True,True,True,True,True,True,True,False,False,65.4535556789962,green,122.4520839671433,False,False,False,False,,Transport Services,Shipping,92.50513347022587,True,True
ACC.NS,2026-09-17,1232.5,1253.5999959309895,1304.8111131456162,1322.126005859375,1376.0267643229167,1462.2919567871095,1248.1141511307849,1219.0999755859375,1975.569036609613,False,False,False,False,False,False,False,False,False,-33.20951151107011,noise,44.7246386398968,False,False,False,False,,Cement & Cement Products,Cement & Cement Products,23.870636550308006,False,False
ACCELYA.NS,2026-09-18,1123.0,1122.7749938964844,1132.638888888889,1134.7500073242188,1143.7773372395834,1175.6502270507813,1121.1683003826802,1012.4000244140625,1437.2792755088935,False,False,False,False,False,False,True,True,False,-17.796467352308486,noise,58.534643825162505,False,False,False,False,,IT - Software,Computers - Software & Consulting,44.096509240246405,False,False
ACCENTMIC.NS,2026-09-16,660.0999755859375,647.4791666666666,586.8263863457573,564.7439739990234,462.4477510579427,431.1229080200195,661.8759963421575,237.53315895751183,731.7000122070312,True,True,True,True,True,True,True,False,False,149.14046583287183,noise,90.97744360902256,False,False,False,False,,Pharmaceuticals & Biotechnology,Pharmaceuticals,98.56262833675564,True,True
ACCORD.NS,2026-09-16,188.4499969482422,190.92499923706055,196.31944825914172,198.1150036621094,104.18866776784262,84.96750087738037,190.08155922629172,19.850000381469727,211.0,True,True,True,True,False,True,True,False,False,762.4713668566363,dry,0.0,False,False,False,False,,Telecom - Services,Other Telecom Services,100.0,True,False
ACCURACY.NS,2026-09-16,4.489999771118164,4.299166639645894,4.579999989933437,4.7170000076293945,4.949999993642171,5.0804499959945675,4.347606068582436,3.4000000953674316,7.510000228881836,False,False,False,False,False,True,False,True,False,-37.20280124153722,green,130.49150666905916,False,False,False,False,,Transport Services,Logistics Solution Provider,19.917864476386036,False,False
ACEINTEG.NS,2026-09-16,17.610000610351562,17.510000228881836,18.087777826521133,18.679799995422364,19.050466690063477,19.574200010299684,17.612032127666378,14.199999809265137,27.899999618530273,False,False,False,False,False,False,False,False,False,-32.3472910264415,noise,50.14911002046084,False,False,False,False,,Commercial Services & Supplies,Diversified Commercial Services,24.743326488706366,False,False
ACMESOLAR.NS,2026-09-18,435.25,411.1708297729492,392.65277777777777,387.29399963378904,325.74339965820315,300.4224989318848,413.46629594125403,195.72747422084996,440.70001220703125,True,True,True,True,True,True,True,True,False,43.37127576791184,ppv,534.3338495069636,True,False,True,False,,Power,Power Generation,88.14168377823408,True,True
ACSTECH.NS,2026-09-17,,,,,,,,,,False,False,False,False,False,False,False,False,False,,noise,,False,False,True,False,,IT - Services,IT Enabled Services,,False,False
ACE.NS,2026-09-18,1229.199951171875,1144.0083109537761,1128.4666375054253,1096.9056079101563,962.990048421224,948.4695297241211,1159.725423432402,743.7339869667156,1241.5,True,True,True,True,True,True,True,True,False,7.541495607233273,ppv,162.94903171882765,False,False,True,False,,"Agricultural, Commercial & Construction Vehicles",Construction Vehicles,70.84188911704312,True,True
ACUTAAS.NS,2026-09-18,3440.300048828125,3294.6316935221353,3244.8631998697915,3308.01265625,2903.139471028646,2617.5348455810545,3325.361381729911,1301.0268289605388,3737.2044731885353,True,True,True,True,True,True,True,True,False,134.04985705595473,ppv,163.94720752536972,False,False,False,False,,Pharmaceuticals & Biotechnology,Pharmaceuticals,97.8952772073922,True,True
ADANIENSOL.NS,2026-09-18,1436.0999755859375,1389.5166625976562,1513.7333306206597,1563.61,1377.1590018717447,1276.154250793457,1398.73630676512,803.0999755859375,1789.0,True,True,True,True,False,True,True,True,False,71.45415681051368,noise,74.38907697415443,False,False,False,False,,Power,Power Distribution,93.73716632443532,True,False
ADANIENT.NS,2026-09-17,2923.199951171875,2975.633341471354,3006.7916734483506,3036.8880029296874,2665.3325984700523,2545.008818359375,2977.6267940505395,1752.216581309528,3245.0,True,True,True,True,False,True,True,False,False,21.75299554259398,noise,38.56202302311451,False,False,False,False,,Metals & Minerals Trading,Trading - Minerals,80.3388090349076,True,False
ADANIGREEN.NS,2026-09-18,1334.5,1291.4250081380208,1319.0833367241753,1365.1480029296874,1265.1320003255207,1190.6777499389648,1292.0305531640593,765.0,1631.5,True,True,True,True,False,True,True,True,False,36.2499344905741,ppv,131.12412464758484,False,False,False,False,,Power,Power Generation,85.72895277207392,True,False
ADANIPORTS.NS,2026-09-18,1824.0,1740.8500162760417,1702.986111111111,1728.3640014648438,1665.8825740559896,1616.088091430664,1747.188367085856,1286.5777387006826,1891.0999755859375,True,True,True,True,True,True,True,True,False,29.649427344837175,green,189.9493567947113,False,False,False,False,,Transport Infrastructure,Port & Port services,83.52156057494867,True,True
ADANIPOWER.NS,2026-09-18,206.60000610351562,207.79833221435547,207.50472174750433,209.71339996337892,200.57133392333984,186.20255043029786,206.80880435465647,125.19999694824219,254.1999969482422,True,True,True,True,False,True,True,False,False,63.61765391308436,noise,87.48595678424392,False,False,False,False,,Power,Integrated Power Utilities,92.09445585215606,True,False
ATGL.NS,2026-09-18,660.7000122070312,607.2000020345052,636.0791659884983,651.3459997558593,632.4308481852214,614.4212101745605,611.3786271588951,462.63840779150803,859.5498025483846,True,True,False,True,True,True,True,True,False,8.875833736906502,ppv,2150.6208865779977,True,False,False,False,,Gas,LPG/CNG/PNG/LNG Supplier,72.1252566735113,True,False
ADDIND.NS,2026-09-17,,,,,,,,,,False,False,False,False,False,False,False,False,False,,noise,,False,False,False,False,,Textiles & Apparels,Garments & Apparels,,False,False
ADFFOODS.NS,2026-09-18,261.45001220703125,268.4249979654948,267.999388800727,278.38257690429685,255.10015411376952,241.7578825378418,267.4254655819898,152.76382902708204,346.1881784193172,True,True,True,True,False,True,True,False,True,11.408030637489963,noise,54.760284580810584,False,True,False,False,,Food Products,Packaged Foods,74.53798767967146,True,False
BIRLAMONEY.NS,2026-09-18,120.48999786376953,122.99750073750813,128.02694490220813,131.0822003173828,132.94100016276042,134.14170001983643,121.82986502179047,95.0,185.5,False,False,False,False,False,False,False,False,False,-33.46402324789344,noise,22.451013180854044,False,False,False,False,,Capital Markets,Stockbroking & Allied,23.51129363449692,False,False
ABSLAMC.NS,2026-09-18,1060.4000244140625,1067.4000142415364,1035.527784559462,1040.3401940917968,1012.6438724772136,953.2968762207031,1066.9068972631103,690.6919781874805,1194.9557175378152,True,True,True,True,True,True,True,False,False,32.66279557753877,red,139.70282991790245,False,False,False,False,,Capital Markets,Asset Management Company,84.44558521560575,True,True
ABFRL.NS,2026-09-18,50.15999984741211,50.94166692097982,54.7155557208591,55.59519996643066,60.174200032552086,63.32899993896484,50.66931114881835,48.709999084472656,94.94999694824219,False,False,False,False,False,False,False,False,False,-44.19225480616643,noise,60.19952910965033,False,False,False,False,,Retailing,Speciality Retail,12.474332648870638,False,False
ABCAPITAL.NS,2026-09-17,390.0,395.35416412353516,404.0999993218316,403.08899963378906,366.93566630045575,363.2137495422363,392.55865763175007,277.70001220703125,430.70001220703125,True,True,True,True,False,True,True,False,False,37.34811876523059,noise,86.24012070443344,False,False,False,False,,Finance,Investment Company,86.44763860369609,True,False
CPPLUS.NS,2026-09-18,3355.10009765625,3684.0333455403647,3601.002780490451,3587.13705078125,2841.8650439453127,2500.7001287841795,3592.631891041756,1226.4431802909007,4094.0,True,True,True,True,False,True,True,False,False,132.14767457712097,red,366.5780627055465,False,False,False,False,,Industrial Manufacturing,Industrial Products,97.74127310061603,True,False
AVL.NS,2026-09-17,633.25,611.5624949137369,610.8213060167101,615.9044653320312,557.8357529703776,542.1593321228028,615.4252259616071,435.6227250181752,703.5025243881884,True,True,True,True,True,True,True,True,True,25.06857413948036,noise,33.91812323497681,False,False,False,False,,Retailing,Speciality Retail,81.82751540041068,True,True
ADOR.NS,2026-09-16,1536.199951171875,1644.6083170572917,1569.7166646321614,1519.5807543945311,1205.050086669922,1160.3343508911132,1604.0509138433506,833.6830524113437,1766.4000244140625,True,True,True,True,True,True,True,False,False,58.38043699461337,noise,40.50773661275847,False,False,False,False,,Industrial Products,Other Industrial Products,91.22176591375771,True,True
ADROITINFO.NS,2026-09-16,11.199999809265137,10.640833457310995,10.21861113442315,9.891800003051758,9.556666653951009,9.666049990653992,10.791109147828859,7.550000190734863,12.199999809265137,True,False,False,True,True,True,True,True,False,6.666664850144155,green,190.18798608973086,False,False,False,False,,IT - Services,IT Enabled Services,70.2258726899384,True,False
ADVAIT.NS,2026-09-17,,,,,,,,,,False,False,False,False,False,False,False,False,False,,noise,38.67361060795348,False,False,False,False,,Electrical Equipment,Other Electrical Equipment,,False,False
ADVANCE.NS,2026-09-18,,,,,,,,,,False,False,False,False,False,False,False,False,False,,noise,22.88760349797849,False,True,False,False,,Fertilizers & Agrochemicals,Pesticides & Agrochemicals,,False,False
ADVENZYMES.NS,2026-09-17,288.1000061035156,294.3416697184245,302.48055691189234,307.1477960205078,319.77831604003904,313.4695365905762,292.88165456436445,250.86763242464252,417.20001286678644,False,True,False,False,False,False,False,False,False,-14.911622820201265,noise,63.62752679137235,False,True,False,False,,Pharmaceuticals & Biotechnology,Biotechnology,47.535934291581114,False,False
ADVANIHOTR.NS,2026-09-16,47.18000030517578,48.88000011444092,49.953611056009926,50.54819999694824,51.86309005737305,52.79533264160156,48.64398497859899,46.30266926768015,63.408491802268294,False,False,False,False,False,False,False,False,False,-18.96206318846547,red,116.15129329728799,False,False,False,False,,Leisure Services,Hotels & Resorts,42.60780287474333,False,False
ADVENTHTL.NS,2026-09-18,,,,,,,,,,False,False,False,False,False,False,False,False,False,,green,102.4204284314866,False,False,False,False,,Leisure Services,Hotels & Resorts,,False,False
ADVIKCA.NS,2026-09-17,,,,,,,,,,False,False,False,False,False,False,False,False,False,,noise,,False,False,False,True,,Finance,Non Banking Financial Company (NBFC),,False,False
RAMBHAJO.NS,2026-09-18,,,,,,,,,,False,False,False,False,False,False,False,False,False,,noise,99.26614263035522,False,False,True,False,,Consumer Durables,"Gems, Jewellery And Watches",,False,False
AEGISLOG.NS,2026-09-18,1415.4000244140625,1325.941650390625,1322.0611063639324,1318.7759985351563,958.7734895833333,897.9082388305665,1346.6445995089605,573.0465115667306,1497.800048828125,True,True,True,True,True,True,True,True,True,77.65677732475173,green,112.31600981530265,False,False,False,False,,Gas,Trading - Gas,94.45585215605749,True,True
AEGISVOPAK.NS,2026-09-17,310.70001220703125,293.58333587646484,282.3405541314019,283.9555993652344,232.38381917317707,233.08110794067383,295.4368303224851,157.88530940558778,316.0,True,False,False,True,True,True,True,True,False,27.39201196814618,ppv,379.0782269330215,True,False,True,False,,Oil,Oil Storage & Transportation,82.8028747433265,True,False
AEQUS.NS,2026-09-18,,,,,,,,,,False,False,False,False,False,False,False,False,False,,noise,30.28608464296766,False,False,False,False,,Aerospace & Defense,Aerospace & Defense,,False,False
AEROFLEX.NS,2026-09-18,510.8999938964844,542.0708440144857,495.9138904147678,474.46815185546876,381.8726169840495,332.2269376373291,529.043527252473,157.8500633749001,584.1500244140625,True,True,True,True,True,True,True,False,False,175.13063682535258,noise,60.317832502920496,False,False,False,False,,Industrial Products,Iron & Steel Products,98.870636550308,True,True
AEROENTER.NS,2026-09-17,122.94000244140625,136.48916498819986,133.42039002312555,129.90901000976564,106.49091420491537,100.4256697845459,130.58088436819787,62.02029581540144,159.60000610351562,True,True,True,True,False,True,True,False,False,40.10933994330239,ppv,263.2511546486799,False,False,False,False,,Industrial Products,Iron & Steel Products,87.26899383983573,True,False
AERONEU.NS,2026-09-16,64.94999694824219,74.31166648864746,80.85194439358182,82.79039978027343,81.88793319702148,79.94145000457763,71.98294327271977,63.209999084472656,112.94000244140625,False,True,False,True,False,False,False,False,False,-38.31323356113309,red,195.24922102652852,False,False,False,False,,Industrial Products,Packaging,18.8911704312115,False,False
AETHER.NS,2026-09-16,1603.0999755859375,1638.2999877929688,1617.9444410536025,1574.957998046875,1278.646670328776,1191.4455029296876,1632.3133422348742,726.4500122070312,1717.0,True,True,True,True,True,True,True,False,False,118.1385116790672,noise,49.39438032617548,False,False,False,False,,Chemicals & Petrochemicals,Specialty Chemicals,96.97125256673512,True,True
AFCONS.NS,2026-09-18,263.3999938964844,271.24166615804035,275.5125003390842,278.7485101318359,299.1762249755859,315.43474822998047,266.81225891155947,225.35000610351562,476.09320955207187,False,False,False,False,False,False,False,False,False,-41.70780485834761,red,150.25303339600515,False,True,False,False,,Construction,Civil Construction,14.989733059548255,False,False
AFFLE.NS,2026-09-18,1603.5,1573.1333312988281,1633.7305603027344,1603.1180102539063,1494.4226627604166,1542.6119982910157,1578.4248975231042,1251.300048828125,2185.89990234375,True,False,False,True,True,False,False,True,False,-25.269141236441385,green,102.93501820649531,False,False,False,False,,IT - Services,IT Enabled Services,34.034907597535934,False,False
AFFORDABLE.NS,2026-09-17,167.30999755859375,160.86249923706055,171.39972305297852,176.17620086669922,174.12299992879232,179.97420009613037,162.5654651275326,119.70999908447266,297.0,False,False,False,False,False,True,False,True,False,-34.181746826432956,green,105.53386544432155,False,False,False,False,,Industrial Manufacturing,Industrial Products,22.484599589322382,False,False
AGARWALFT.NS,2026-09-16,26.700000762939453,28.1125005086263,33.406944539811875,35.26500019073487,33.72199998219808,34.699499940872194,27.945882083576883,21.850000381469727,68.0,False,False,False,True,False,False,False,False,False,-59.90990784584728,dry,0.0,False,False,False,False,,Industrial Products,Glass - Industrial,4.158110882956879,False,False
AGARIND.NS,2026-09-17,407.75,430.6035868326823,470.24485354953345,478.75673583984377,472.5800799560547,530.9841157531738,426.2451864882261,357.0996041900608,997.8949946427913,False,False,False,False,False,False,False,False,False,-55.541666112094546,dry,18.391315339125157,False,True,False,False,,Chemicals & Petrochemicals,Petrochemicals,5.544147843942506,False,False
AGI.NS,2026-09-16,717.2999877929688,757.7083384195963,731.9513939751519,720.5570031738281,634.2406671142578,650.800750579834,750.6935884762048,465.0,939.0,True,False,False,True,False,True,True,False,False,-14.490074665385311,red,102.53568321017423,False,False,False,False,,Industrial Products,Packaging,47.8952772073922,False,False
AGIIL.NS,2026-09-17,266.1499938964844,275.26666768391925,290.3000013563368,301.1800012207031,329.0643342081706,313.136000289917,272.7299922858734,224.6999969482422,434.3999938964844,False,True,False,False,False,False,False,False,False,14.080578831985168,noise,20.73158715466594,False,False,False,False,,Realty,"Residential, Commercial Projects",76.64271047227926,True,False
AGNI.NS,2026-09-16,15.649999618530273,15.858333428700766,16.094444539811875,16.50700008392334,17.92833330790202,18.994000015258788,15.956677699409848,13.600000381469727,30.5,False,False,False,False,False,False,False,False,False,-44.30605193567715,red,149.7005988023952,False,False,False,False,,Construction,Civil Construction,12.371663244353183,False,False
AGRITECH.NS,2026-09-16,98.0999984741211,99.88166681925456,104.26555569966634,106.31220001220703,111.98653310139974,120.05650005340576,99.48131692702032,92.5199966430664,187.19000244140625,False,False,False,False,False,False,False,False,False,-29.062113502931098,noise,55.856795002450546,False,False,False,False,,Agricultural Food & other Products,Other Agricultural Products,28.696098562628336,False,False
AGROPHOS.NS,2026-09-16,23.18000030517578,24.366666793823242,26.487777762942844,27.353600006103516,30.261933314005535,32.24244998931885,23.98315424048603,21.0,47.470001220703125,False,False,False,False,False,False,False,False,False,-41.56610581072451,noise,55.761135179320384,False,False,False,False,,Fertilizers & Agrochemicals,Fertilizers,15.349075975359344,False,False
AGSTRA.NS,2026-09-16,1.9299999475479126,1.9491666654745738,2.011111090580622,2.0893999838829043,2.6007999841372174,2.969049990773201,1.9359447206896014,1.850000023841858,5.440000057220459,False,False,False,False,False,False,False,False,False,-59.45378456418088,noise,48.24316211723762,False,False,False,False,,Financial Technology (Fintech),Financial Technology (Fintech),4.209445585215605,False,False
AHIMSA.NS,2026-09-16,25.75,25.762499809265137,25.534722116258408,25.3010001373291,24.94400033315023,24.880000286102295,25.75510121124521,23.299999237060547,28.5,True,True,True,True,True,False,True,False,False,0.7827818744094106,dry,0.0,False,False,False,False,,Industrial Products,Plastic Products - Industrial,65.40041067761807,False,False
AHLADA.NS,2026-09-16,36.560001373291016,36.54500039418539,37.565833727518715,37.724800186157225,40.7645334370931,43.26130012512207,36.21710041777983,31.219999313354492,72.0,False,False,False,False,False,False,False,True,False,-34.97813887521638,ppv,266.89567219228064,False,False,False,False,,Consumer Durables,"Furniture, Home Furnishing",21.765913757700204,False,False
AHLUCONT.NS,2026-09-16,569.2999877929688,596.5833333333334,703.3874969482422,741.9259985351563,782.1980000813802,818.5104995727539,598.4347269908116,565.0499877929688,1077.949951171875,False,False,False,False,False,False,False,False,False,-40.26365067860564,red,128.5086789577201,False,False,False,True,,Construction,Civil Construction,16.73511293634497,False,False
AIAENG.NS,2026-09-16,3805.800048828125,4139.473958333333,4371.680908203125,4453.71056640625,4190.132555338541,4112.178734130859,4078.684025346264,2990.7577241624354,5160.600958593338,False,True,True,True,False,False,False,False,False,25.86425232539382,red,225.27240685202793,False,False,False,False,,Industrial Products,Castings & Forgings,82.08418891170432,True,False
AIMTRON.NS,2026-09-17,1616.449951171875,1660.0208129882812,1638.6138712565105,1558.8419897460938,1204.1263317871094,1108.1959985351561,1663.223611443259,675.0,1800.0,True,True,True,True,True,True,True,False,False,130.01778031616863,ppv,274.65105808194505,False,False,False,False,,Industrial Manufacturing,Industrial Products,97.58726899383984,True,True
GOLDTECH.NS,2026-09-16,41.290000915527344,46.32833321889242,50.144166734483505,52.454600219726565,45.72066679636637,46.53855006217957,45.56753693861653,29.68000030517578,72.0199966430664,False,False,False,True,False,True,False,False,False,-38.39152046600554,red,117.1612419887008,False,False,False,False,,IT - Software,Software Products,18.634496919917865,False,False
AIRAN.NS,2026-09-16,15.720000267028809,16.038333415985107,15.378333356645372,15.390000019073486,16.12293336868286,16.32980003833771,16.25175089896901,12.630000114440918,27.489999771118164,False,False,False,False,True,False,False,False,False,-38.328754773703075,red,269.4210156376808,False,False,False,False,,IT - Services,IT Enabled Services,18.788501026694046,False,False
AIROLAM.NS,2026-09-16,88.54000091552734,86.60916646321614,88.06444401211209,88.05199966430663,87.54573333740234,90.25149997711182,86.61189583748114,78.0,123.30000305175781,False,False,False,False,True,False,False,True,False,-17.759615545425866,ppv,342.37773988682136,True,False,False,False,,Consumer Durables,Plywood Boards/ Laminates,44.19917864476386,False,False
AJANTPHARM.NS,2026-09-18,3563.60009765625,3522.0499877929688,3545.3375108506943,3502.794775390625,3152.839012044271,3042.434466552734,3532.837498787296,2283.1397649802702,3796.0,True,True,True,True,True,True,True,True,False,42.287538954445104,ppv,220.41655380630817,False,False,False,False,,Pharmaceuticals & Biotechnology,Pharmaceuticals,87.93634496919918,True,True
AJAXENGG.NS,2026-09-17,566.5999755859375,580.8333282470703,576.731945461697,578.1479992675781,537.8873315429687,545.9927487182617,578.0775507433077,394.79998779296875,697.5499877929688,True,False,False,True,False,True,True,False,False,-12.984726354607357,noise,38.83431282519008,False,True,False,False,,"Agricultural, Commercial & Construction Vehicles",Construction Vehicles,49.64065708418891,False,False
AJMERA.NS,2026-09-18,115.5999984741211,115.59710057576497,117.93421385023329,120.70115631103516,122.16562683105468,135.47834815979004,115.37179338418028,97.172872635822,219.46418351965167,False,False,False,False,False,False,False,True,False,-41.107127115501676,noise,89.40644314828322,False,False,False,False,,Realty,"Residential, Commercial Projects",15.862422997946613,False,False
AJOONI.NS,2026-09-16,3.299999952316284,3.571666677792867,3.758055547873179,3.815399990081787,4.067533348401388,4.130900008678436,3.5078677581015723,3.0799999237060547,5.940000057220459,False,False,False,False,False,False,False,False,False,-35.922332209571685,red,125.07240997336955,False,False,False,True,,Food Products,Animal Feed,21.149897330595483,False,False
AKASH.NS,2026-09-16,24.18000030517578,24.96583350499471,25.481111102634006,25.91860008239746,26.168933347066243,26.025200004577638,24.83454135223206,22.799999237060547,36.0,False,True,False,False,False,False,False,False,False,-16.649430836258293,noise,62.37528491099991,False,False,False,False,,Construction,Civil Construction,45.27720739219713,False,False
AKG.NS,2026-09-16,10.550000190734863,9.87083331743876,9.391666597790188,9.619399929046631,10.836799952189127,11.31799997806549,10.1296775124246,8.0600004196167,15.069999694824219,False,False,False,False,True,True,False,True,False,-14.157850093726243,dry,6.734778087419391,False,True,False,False,,Commercial Services & Supplies,Trading & Distributors,48.30595482546201,False,False
AKI.NS,2026-09-16,5.550000190734863,6.321666717529297,4.913333323266771,4.801199979782105,4.931133333841959,5.377050006389618,6.021767460968508,3.799999952316284,10.479999542236328,True,False,False,False,True,True,False,False,False,-42.84242874427415,noise,40.85939086882502,False,False,False,False,,Consumer Durables,Leather And Leather Products,13.809034907597537,False,False
AKIKO.NS,2026-09-17,421.04998779296875,416.75,381.13055589463977,363.3939990234375,281.61933298746743,273.0887498474121,420.6454517287754,190.25,438.95001220703125,True,True,True,True,True,True,True,True,False,77.62074767872336,dry,19.10828025477707,False,False,False,False,,Finance,Other Financial Services,94.40451745379876,True,True
AFIL.NS,2026-09-17,8.369999885559082,8.975833415985107,9.308333370420668,9.349200019836426,8.985066690444945,8.265100023746491,8.815435435217466,3.9200000762939453,11.100000381469727,False,True,True,True,False,True,True,False,False,8.419690583324414,noise,34.550495474434975,False,True,False,False,,Finance,Non Banking Financial Company (NBFC),71.71457905544148,True,False
AKSHOPTFBR.NS,2026-09-16,7.960000038146973,7.929999987284343,7.069722228580051,6.740600004196167,6.139866658846537,6.123299995660782,8.093440566240897,3.819999933242798,9.010000228881836,True,True,False,True,True,True,True,False,False,3.5110530418396957,noise,82.67206253199049,False,False,False,False,,Telecom -  Equipment & Accessories,Telecom -  Equipment & Accessories,67.24845995893224,False,False
AKSHAR.NS,2026-09-16,0.41999998688697815,0.41583332419395447,0.4116666615009308,0.41559999585151675,0.4397999966144562,0.4574499961733818,0.4155332180344443,0.36000001430511475,0.7599999904632568,False,False,False,False,True,False,False,True,False,-25.000002660921627,noise,58.49958321767896,False,False,False,False,,Textiles & Apparels,Other Textile Products,34.394250513347025,False,False
AKSHARCHEM.NS,2026-09-16,381.95001220703125,415.46666717529297,333.1916669209798,305.6152001953125,237.68539967854818,237.55199981689452,405.51509959534224,141.3000030517578,472.0,True,True,True,True,True,True,True,False,False,40.914971189288266,noise,97.08492464442146,False,False,False,False,,Chemicals & Petrochemicals,Dyes And Pigments,87.47433264887063,True,True
AKUMS.NS,2026-09-17,766.7000122070312,762.9666646321615,741.2249959309896,725.00599609375,596.0729461669922,556.0070265197754,764.7716930474312,407.37371334346585,796.5499877929688,True,True,True,True,True,True,True,True,False,63.777050871407596,noise,60.969335384854716,False,False,False,False,,Pharmaceuticals & Biotechnology,Pharmaceuticals,92.14579055441479,True,True
ALANKIT.NS,2026-09-17,7.670000076293945,7.9416667222976685,8.029722266727024,8.006000032424927,8.358599980672201,8.840799984931946,7.875807943262618,6.800000190734863,14.15999984741211,False,False,False,False,False,False,False,False,False,-44.89942504126765,red,171.12635822579583,False,False,False,False,,Commercial Services & Supplies,Diversified Commercial Services,11.652977412731007,False,False
ALBERTDAVD.NS,2026-09-17,838.4500122070312,854.1000010172526,823.268052842882,785.6464392089844,729.6369580078125,728.4202236938477,851.7723030285415,575.6902111808453,931.8499755859375,True,True,False,True,True,True,True,False,False,4.57916015195885,noise,29.11628380463379,False,False,False,False,,Pharmaceuticals & Biotechnology,Pharmaceuticals,68.1211498973306,False,False
ALEMBICLTD.NS,2026-09-16,98.94999694824219,104.93833414713542,95.15372064378526,92.85226196289062,88.26267176310222,90.14209632873535,103.0215237632176,68.6152946732243,117.72000122070312,True,False,False,True,True,True,True,False,False,-5.79432591556105,noise,53.684738690840774,False,False,False,False,,Realty,"Residential, Commercial Projects",58.624229979466115,False,False
APLLTD.NS,2026-09-18,845.75,816.5250091552734,820.3236134847006,818.1733898925781,761.4724853515625,773.7514660644531,822.6832682953599,626.4825498908483,983.3745824758901,True,False,False,True,True,True,True,True,False,-12.245317487026563,ppv,508.31353919239905,False,False,False,False,,Pharmaceuticals & Biotechnology,Pharmaceuticals,50.82135523613963,False,False
ALFREDHE.NS,2026-09-17,,,,,,,,,,False,False,False,False,False,False,False,False,False,,noise,,False,False,False,True,,Finance,Non Banking Financial Company (NBFC),,False,False
ALGOQUANT.NS,2026-09-18,,,,,,,,,,False,False,False,False,False,False,False,False,False,,ppv,270.31242214573876,False,False,True,False,,Finance,Other Financial Services,,False,False
ALICON.NS,2026-09-16,688.3499755859375,700.1416727701823,710.8666670057509,691.3209997558594,686.8991044108072,713.3346020507812,707.055071286932,578.2026889823056,1018.832993642693,False,False,False,False,False,False,False,False,False,-20.532896728798868,noise,79.60819546672185,False,False,False,False,,Auto Components,Auto Components & Equipments,40.965092402464066,False,False
ALIVUS.NS,2026-09-16,1370.5999755859375,1391.9833374023438,1337.9109598795574,1281.6136010742186,1106.2771411132812,1054.2595321655274,1378.259886353129,816.0868402393627,1488.4866814641196,True,True,True,True,True,True,True,False,False,46.81316224240091,noise,91.67455234725604,False,False,False,False,,Pharmaceuticals & Biotechnology,Pharmaceuticals,88.75770020533881,True,True
ALKALI.NS,2026-09-16,72.2300033569336,73.82250022888184,69.69018003675673,72.4671551513672,70.73779810587565,71.95030197143555,74.7677973923669,46.13075799853828,105.84446550225782,True,False,False,True,False,True,False,False,False,-18.116124349468887,noise,92.77122769294184,False,False,False,False,,Chemicals & Petrochemicals,Specialty Chemicals,43.737166324435314,False,False
ALKEM.NS,2026-09-17,5348.5,5179.416666666667,5379.720608181424,5447.8110546875,5430.292552083333,5477.091853027344,5205.3298147572095,5051.0,5875.534417311879,False,False,False,False,False,False,True,True,False,-1.8486935937433224,green,171.10614364854845,False,False,False,False,,Pharmaceuticals & Biotechnology,Pharmaceuticals,62.73100616016427,False,False
ALKYLAMINE.NS,2026-09-16,1823.0999755859375,1941.8666687011719,1935.375006781684,1914.8100024414061,1681.4647216796875,1657.3561846923828,1905.3731779379764,1205.1967651271746,2115.0,True,True,True,True,False,True,True,False,False,-11.060858270115471,noise,45.68371273348424,False,False,False,False,,Chemicals & Petrochemicals,Specialty Chemicals,52.25872689938398,False,False
ALLETEC.NS,2026-09-16,125.69999694824219,131.70416641235352,130.7277772691515,133.2739993286133,148.1313331604004,163.7445000076294,130.29969593209344,115.80000305175781,297.0,False,False,False,False,False,False,False,False,False,-55.03448391052872,noise,73.97133610725844,False,False,False,False,,IT - Software,Computers - Software & Consulting,5.903490759753593,False,False
ALLTIME.NS,2026-09-17,208.00999450683594,208.73666636149088,212.1974991692437,218.40479919433594,227.1390663655599,233.96884971618653,209.92522279564875,186.0,314.70001220703125,False,False,False,False,False,False,False,False,False,-29.927576139479672,noise,34.25391002258414,False,True,False,False,,Consumer Durables,Houseware,27.566735112936346,False,False
AGL.NS,2026-09-18,,,,,,,,,,False,False,False,False,False,False,False,False,False,,noise,24.40058941604108,False,False,False,False,,Transport Services,Logistics Solution Provider,,False,False
ALLCARGO.NS,2026-09-17,11.029999732971191,12.170833428700766,11.017500042915344,10.180600051879884,9.145733340581257,9.555049998760223,11.827107219876074,7.110000133514404,36.54999923706055,True,False,False,True,True,True,False,False,False,-67.23113552295749,noise,31.054492605910166,False,True,False,False,,Transport Services,Logistics Solution Provider,1.9507186858316223,False,False
ATL.NS,2026-09-18,24.239999771118164,24.711666584014893,24.74305550257365,24.341999893188476,24.41759999593099,24.849399976730346,24.689762937781158,18.200000762939453,40.5099983215332,False,False,False,False,False,True,False,False,False,-21.34977283861256,noise,43.54560820115349,False,True,False,False,,Transport Infrastructure,Port & Port services,39.78439425051335,False,False
ALLDIGI.NS,2026-09-16,792.5,802.9375,810.3789961073134,806.2064611816406,789.5397957356771,789.3638336181641,801.2489338182014,675.4414915283778,935.3887118048539,True,True,False,True,False,False,True,False,False,-12.075404723176053,noise,27.238323423492734,False,False,False,False,,Commercial Services & Supplies,Business Process Outsourcing (BPO)/ Knowledge Process Outsourcing (KPO),51.18069815195072,False,False
ABDL.NS,2026-09-17,653.0999755859375,619.2583363850912,615.7777811686198,618.1040014648438,561.5923712158203,556.7988661193848,629.0095341409657,378.81990505354565,711.7000122070312,True,True,False,True,True,True,True,True,False,19.361290893277385,ppv,145.1945459937246,False,False,False,False,,Beverages,Breweries & Distilleries,78.74743326488706,True,False
ADSL.NS,2026-09-16,95.26000213623047,101.28416697184245,107.65196842617459,110.39459320068359,113.9097076924642,120.75526947021484,100.08977668665548,85.06657071182701,206.60714465148004,False,False,False,False,False,False,False,False,False,-42.51256527117615,noise,90.36270242319961,False,False,False,False,,IT - Services,IT Enabled Services,14.219712525667353,False,False
ALMONDZ.NS,2026-09-17,18.40999984741211,18.487500031789143,15.987777789433798,15.202399997711181,14.701866664886474,15.069650020599365,18.200108774688587,10.680000305175781,20.700000762939453,True,False,False,True,True,True,True,True,False,-8.225322345255403,green,149.6290572558228,False,False,False,False,,Capital Markets,Stockbroking & Allied,56.006160164271044,False,False
ALOKINDS.NS,2026-09-18,7.050000190734863,7.409166733423869,9.854166640175713,10.51900001525879,12.336199995676676,13.194000034332275,7.503067418872284,6.980000019073486,19.34000015258789,False,False,False,False,False,False,False,False,False,-62.65889563499003,noise,126.50742944265654,False,False,False,True,,Textiles & Apparels,Other Textile Products,3.0800821355236137,False,False
ALPA.NS,2026-09-16,61.119998931884766,62.33333269755045,64.1986108356052,65.36960014343262,66.18540013631186,68.35850011825562,62.00998438435737,46.099998474121094,96.80000305175781,False,False,False,False,False,True,False,False,False,-35.95305591907262,noise,88.47087015126553,False,False,False,False,,Pharmaceuticals & Biotechnology,Pharmaceuticals,21.098562628336754,False,False
ALPEXSOLAR.NS,2026-09-16,893.3499755859375,893.9291687011719,847.4874996609158,844.7759997558594,885.5970003255209,875.5687481689453,899.0558671483927,660.0,1370.0,True,True,False,False,True,True,False,False,False,-33.64652640208593,noise,73.97191574724172,False,False,False,False,,Electrical Equipment,Other Electrical Equipment,23.254620123203285,False,False
ALPHAGEO.NS,2026-09-17,294.95001220703125,308.9624888102214,292.1338971455892,265.83232147216796,225.34774149576822,223.2765870666504,304.4643128892148,162.23939856576865,362.2821402259545,True,True,True,True,True,True,True,False,False,11.276479899897573,dry,8.157957961425339,False,False,False,False,,Oil,Offshore Support Solution Drilling,74.2299794661191,True,True
ALPINETEX.NS,2026-09-18,,,,,,,,,,False,False,False,False,False,False,False,False,False,,noise,,False,False,False,False,,Textiles & Apparels,Other Textile Products,,False,False
ALUFLUOR.NS,2026-09-17,,,,,,,,,,False,False,False,False,False,False,False,False,False,,noise,,False,False,False,False,,Chemicals & Petrochemicals,Commodity Chemicals,,False,False
ALUWIND.NS,2026-09-16,46.0,47.541666666666664,48.74027813805474,48.16100021362305,52.2753333791097,56.32075002670288,47.33428651832365,40.0,95.80000305175781,False,False,False,False,False,False,False,False,False,-41.02564102564102,dry,7.64525993883792,False,True,False,False,,Industrial Products,"Aluminium, Copper & Zinc Products",15.965092402464066,False,False
AMAGI.NS,2026-09-17,,,,,,,,,,False,False,False,False,False,False,False,False,False,,noise,42.8694810348687,False,False,False,False,,IT - Services,IT Enabled Services,,False,False
AMAL.NS,2026-09-17,,,,,,,,,,False,False,False,False,False,False,False,False,False,,ppv,,False,False,False,False,,Chemicals & Petrochemicals,Specialty Chemicals,,False,False
AMANTA.NS,2026-09-17,189.9499969482422,194.96916580200195,181.20722156100803,177.65199951171874,143.18726618448892,133.86064956665038,193.9050309279225,92.0,209.9499969482422,True,True,True,True,True,True,True,False,False,38.6496328089359,green,108.13479888503912,False,False,False,False,,Pharmaceuticals & Biotechnology,Pharmaceuticals,86.60164271047228,True,True
ARE&M.NS,2026-09-18,796.0,822.2416737874349,890.6347249348959,890.3269372558593,843.10591796875,854.6550796508789,816.8412832293312,666.0087356197063,1027.7670143394755,False,False,False,True,False,False,True,False,False,-21.88944490305914,ppv,85.91133501491515,False,False,False,False,,Auto Components,Auto Components & Equipments,39.06570841889117,False,False
AMARJOTHI.NS,2026-09-16,,,,,,,,,,False,False,False,False,False,False,False,False,False,,noise,,False,False,False,False,,Textiles & Apparels,Other Textile Products,,False,False
AMBALALSA.NS,2026-09-17,,,,,,,,,,False,False,False,False,False,False,False,False,False,,dry,14.94692002981561,False,False,False,False,,Pharmaceuticals & Biotechnology,Pharmaceuticals,,False,False
AMBER.NS,2026-09-18,7125.0,7256.75,7331.194444444444,7409.67,7505.55,7240.025,7193.377009460835,5400.5,8974.0,False,True,False,False,False,True,True,False,False,-14.027149321266963,noise,29.659524493468716,False,False,False,False,,Consumer Durables,Household Appliances,48.408624229979466,False,False
AMBICAAGAR.NS,2026-09-18,24.889999389648438,25.456666469573975,24.988055494096542,24.932799911499025,24.369200032552083,24.504400072097777,25.10451051519876,20.0,29.68000030517578,True,False,False,True,False,False,True,False,False,-5.897925626818202,noise,30.731827246155106,False,False,False,False,,Household Products,Household Products,58.47022587268994,False,False
AMBIKCO.NS,2026-09-16,1564.9000244140625,1617.0166524251301,1660.008327907986,1677.9719897460936,1553.4319954427083,1476.9829974365234,1605.7047191640377,1101.0,1931.0,True,True,True,True,False,True,True,False,False,6.21160446315947,noise,65.44092920534186,False,False,False,False,,Textiles & Apparels,Other Textile Products,69.45585215605749,False,False
AMBUJACEM.NS,2026-09-17,383.25,394.32916768391925,412.07777828640405,417.8189996337891,434.9057845052083,460.9203890991211,391.1103960843156,379.54998779296875,597.8407381419596,False,False,False,False,False,False,False,False,False,-33.82921629079211,noise,56.892015693146035,False,False,False,False,,Cement & Cement Products,Cement & Cement Products,22.843942505133473,False,False
AMDIND.NS,2026-09-17,66.58000183105469,61.42416636149088,54.70666662851969,52.37419998168945,46.51959991455078,46.739099979400635,62.590510941966805,33.77000045776367,74.38999938964844,True,False,False,True,True,True,True,True,False,22.07554219548904,green,135.64657283650098,False,True,False,False,,Industrial Products,Packaging,80.64681724845995,True,False
AMEYA.NS,2026-09-16,129.35000610351562,114.61666742960612,110.88194508022733,110.8570002746582,107.05800018310546,104.61025005340576,118.18747848361882,86.0,132.8000030517578,True,True,False,True,True,True,True,True,False,27.87939115396043,ppv,502.283105022831,False,False,True,False,,Industrial Products,Other Industrial Products,82.95687885010267,True,False
AMIABLE.NS,2026-09-16,73.94999694824219,73.21666463216145,69.85555458068848,70.63199844360352,73.0569994099935,73.31849956512451,73.13270720839779,52.5,97.5,True,False,False,False,True,True,True,True,False,18.319995117187492,dry,0.0,False,False,False,False,,Transport Services,Logistics Solution Provider,78.33675564681725,True,False
AMNPLST.NS,2026-09-18,171.50999450683594,168.80026626586914,183.67569181654187,187.76230041503905,177.48190073649087,179.08567344665528,168.70274871392016,126.62184308118806,249.2555891812046,False,False,False,True,False,True,False,True,False,-24.021814778923968,ppv,84.89423600561781,False,False,False,False,,Chemicals & Petrochemicals,Commodity Chemicals,36.190965092402465,False,False
AMJLAND.NS,2026-09-16,36.43000030517578,38.610833485921226,38.67681884765625,38.31542861938477,38.68079551696778,41.10095392227173,38.15407531003031,30.143694033373624,57.50183178211723,False,False,False,False,False,False,False,False,False,-34.71402787854666,dry,16.806504627627366,False,False,False,False,,Realty,"Residential, Commercial Projects",21.971252566735114,False,False
AMRUTANJAN.NS,2026-09-17,491.0,495.27561442057294,505.34623463948566,511.0914813232422,537.8647178141276,562.5569618225097,494.2034139202417,476.5,765.1663079554738,False,False,False,False,False,False,False,False,False,-35.243775724851986,dry,12.471743867127149,False,True,False,False,,Pharmaceuticals & Biotechnology,Pharmaceuticals,21.611909650924023,False,False
ARSSBL.NS,2026-09-17,,,,,,,,,,False,False,False,False,False,False,False,False,False,,noise,75.10907503686967,False,True,False,False,,Capital Markets,Stockbroking & Allied,,False,False
ANANDRATHI.NS,2026-09-18,2229.39990234375,2208.1333211263022,2166.505537245009,2140.867990722656,1866.3623917643229,1774.9085974121094,2206.885685696307,1351.1991966764108,2268.39990234375,True,True,True,True,True,True,True,True,False,46.36721161804975,ppv,346.6235956042696,False,False,False,False,,Capital Markets,Financial Products Distributor,88.55236139630391,True,True
ANANTRAJ.NS,2026-09-18,606.1500244140625,609.1208292643229,614.0333336724175,608.8619934082031,541.5306717936198,541.7514387512207,601.7670895531674,402.3389018697037,742.4300925158334,True,False,False,True,False,True,True,True,False,3.6970079447882664,noise,56.09740923951433,False,False,False,False,,Realty,"Residential, Commercial Projects",67.35112936344969,False,False
ACL.NS,2026-09-16,42.70000076293945,43.178333600362144,45.40055592854818,46.37460021972656,51.33786674499512,55.1085000038147,43.090188577074,40.5,100.01000213623047,False,False,False,False,False,False,False,False,False,-54.718982628767264,noise,98.15920717773818,False,False,False,False,,Cement & Cement Products,Cement & Cement Products,6.108829568788502,False,False
ANDHRAPAP.NS,2026-09-16,73.31999969482422,67.77833271026611,63.059699376424156,62.45155464172363,63.34675951639811,63.85694667816162,69.58385511296623,57.5321815380666,86.18916380875459,True,False,False,False,True,False,True,True,False,-7.361584348229943,noise,49.32926920377848,False,False,False,False,,"Paper, Forest & Jute Products",Paper & Paper Products,57.59753593429158,False,False
ANDHRSUGAR.NS,2026-09-17,92.3899917602539,95.98990567525227,94.72933472527399,91.63599044799804,84.75713556925456,81.65759403228759,94.70235340262113,65.64734140930214,105.85510736650535,True,True,True,True,True,True,True,False,False,20.65293664668726,dry,18.94483807638912,False,False,False,False,,Chemicals & Petrochemicals,Commodity Chemicals,79.7741273100616,True,True
ANDREWYU.NS,2026-09-16,,,,,,,,,,False,False,False,False,False,False,False,False,False,,noise,,False,False,False,False,,Agricultural Food & other Products,Tea & Coffee,,False,False
ANGELONE.NS,2026-09-16,293.5,295.4791615804036,294.4333309597439,302.77697509765625,296.3540893554688,284.84012786865236,297.3727792120053,206.12108714450565,359.3387168134344,False,True,False,True,False,True,True,False,False,34.13094415489968,noise,46.37024116614098,False,False,False,False,,Capital Markets,Stockbroking & Allied,84.95893223819301,True,False
AISL.NS,2026-09-16,54.099998474121094,57.024999936421715,57.49999978807237,57.629999771118165,59.66066650390625,65.20249992370606,56.50381840248093,49.0,105.0999984741211,False,False,False,False,False,False,False,False,False,-44.59805670378441,red,452.9201430274136,False,False,False,False,,Commercial Services & Supplies,Diversified Commercial Services,11.858316221765913,False,False
ANIKINDS.NS,2026-09-16,42.86000061035156,44.37500031789144,43.89500003390842,43.628200149536134,43.59220006306966,45.39950008392334,43.8658643719969,32.5,83.4000015258789,False,False,False,False,False,True,False,False,False,-41.40005336612352,green,184.67753570913288,False,True,False,False,,Commercial Services & Supplies,Trading & Distributors,15.503080082135522,False,False
APCL.NS,2026-09-18,97.8499984741211,99.46166737874348,101.66361151801215,102.16420013427734,111.3859999593099,115.89604984283447,99.21065330958743,96.1500015258789,148.77999877929688,False,False,False,False,False,False,False,False,False,-29.44697040043621,red,204.5482060854851,False,True,False,True,,Cement & Cement Products,Cement & Cement Products,28.336755646817245,False,False
ANKITMETAL.NS,2026-09-16,1.6699999570846558,1.666666676600774,1.626111110051473,1.5866000032424927,1.5770000044504802,1.6165000075101852,1.6538652694236207,1.2899999618530273,2.119999885559082,True,False,False,False,True,False,True,True,False,-12.105264313663488,dry,6.361553668563054,False,False,False,False,,Ferrous Metals,Iron & Steel,51.078028747433265,False,False
AHCL.NS,2026-09-18,22.899999618530273,18.357500155766804,15.986944463517931,15.763000030517578,14.253479995727538,14.092579989433288,19.55149240434246,10.371000289916992,24.780000686645508,True,True,False,True,True,True,True,True,False,72.23225355917207,ppv,960.8725824262709,False,False,True,False,,Pharmaceuticals & Biotechnology,Pharmaceuticals,93.94250513347022,True,False
ANLON.NS,2026-09-16,675.0,662.3666687011719,645.0611114501953,642.0090014648438,550.3793336995443,510.58524993896486,668.3700212180134,335.0,748.0,True,True,True,True,True,True,True,True,False,39.31888544891642,noise,20.920502092050206,False,True,False,False,,Commercial Services & Supplies,Diversified Commercial Services,86.75564681724846,True,True
ANMOL.NS,2026-09-16,14.390000343322754,12.829166968663534,11.006944550408257,10.885600090026855,11.25246669769287,11.762300019264222,13.868258127207957,8.399999618530273,18.549999237060547,True,False,False,False,True,True,True,True,False,-10.286786022607552,red,205.8251315478922,False,False,False,False,,Consumable Fuels,Trading - Coal,53.336755646817245,False,False
ANNAPURNA.NS,2026-09-18,132.5500030517578,139.04333114624023,145.06888834635416,141.01259963989258,151.15253311157227,164.81114978790282,137.8400804154337,120.75,287.0,False,False,False,False,False,False,False,False,False,-47.59833775412942,noise,69.59383735459687,False,False,False,False,,Food Products,Packaged Foods,9.856262833675565,False,False
ANNU.NS,2026-09-17,,,,,,,,,,False,False,False,False,False,False,False,False,False,,noise,,False,False,False,True,,Construction,Civil Construction,,False,False
ANSALBU.NS,2026-09-17,,,,,,,,,,False,False,False,False,False,False,False,False,False,,noise,,False,True,False,False,,Realty,"Residential, Commercial Projects",,False,False
ANSALAPI.NS,2026-09-16,3.4600000381469727,3.3441666762034097,3.381388889418708,3.212200002670288,3.437800008455912,3.403150007724762,3.3802763098543442,2.509999990463257,5.179999828338623,True,True,False,False,True,True,False,True,False,-31.349205072714824,noise,76.16019854076386,False,False,False,False,,Realty,"Residential, Commercial Projects",26.07802874743326,False,False
ANTGRAPHIC.NS,2026-09-16,0.7200000286102295,0.73416668176651,0.7372222344080607,0.7440000057220459,0.7976666696866354,0.8393500021100044,0.7338445842679899,0.6399999856948853,1.1699999570846558,False,False,False,False,False,False,False,False,False,-32.71028099856381,noise,56.00513912047768,False,False,False,False,,Industrial Products,Packaging,24.435318275154007,False,False
ANTELOPUS.NS,2026-09-18,1104.8499755859375,1090.9624938964844,907.0791659884983,890.5519982910156,754.4429974365235,679.4222477722168,1086.4710436193222,357.0,1218.300048828125,True,True,True,True,True,True,True,True,False,90.55708845244928,noise,34.09191949948999,False,False,False,False,,Oil,Oil Exploration & Production,95.58521560574948,True,True
ANTHEM.NS,2026-09-17,927.4000244140625,938.0250040690104,892.2111138237847,858.6570031738281,772.8202844238281,740.114010925293,930.6047854191627,577.6439689831894,977.5499877929688,True,True,True,True,True,True,True,False,False,7.555572481216299,noise,55.721720145909195,False,True,False,False,,Pharmaceuticals & Biotechnology,Biotechnology,70.89322381930184,True,True
AWHCL.NS,2026-09-18,364.8999938964844,367.0708312988281,386.22953542073566,401.9401477050781,449.5878025309245,461.0996653747559,366.92034542812803,337.54998779296875,608.2235193409729,False,False,False,False,False,False,False,False,False,-38.31405600776734,red,178.86413556734556,False,True,False,False,,Other Utilities,Waste Management,18.83983572895277,False,False
ANUHPHR.NS,2026-09-17,93.68000030517578,89.70333353678386,82.19886419508192,81.09044128417969,78.08146545410156,77.64170352935791,90.55589677451923,65.74983978271484,99.5,True,True,False,True,True,True,True,True,False,8.91182681859133,green,228.7006489530136,False,False,False,False,,Pharmaceuticals & Biotechnology,Pharmaceuticals,72.17659137577002,True,False
ANURAS.NS,2026-09-18,1207.699951171875,1220.1749979654949,1225.6222364637588,1233.1700122070313,1274.7546695963542,1279.667504272461,1212.0988304744305,1045.199951171875,1415.0,False,False,False,False,False,False,True,False,False,9.890805384156053,green,144.11211466192256,False,False,False,False,,Chemicals & Petrochemicals,Specialty Chemicals,72.99794661190965,True,False
APARINDS.NS,2026-09-17,17801.0,17341.215657552082,16780.381808810766,15942.6509375,13440.307975260417,12178.423923339844,17322.567922113245,6777.469795325622,18401.11382486979,True,True,True,True,True,True,True,True,False,99.74060777028315,ppv,134.1346205275774,False,False,False,False,,Electrical Equipment,Other Electrical Equipment,96.30390143737166,True,True
APCOTEXIND.NS,2026-09-16,581.0999755859375,618.5000050862631,618.4624989827474,595.8089965820312,484.62444295247394,454.3403523254394,605.0568793164232,307.1774227167927,712.0,True,True,True,True,False,True,True,False,False,41.59961782980992,noise,45.45323337301418,False,False,False,False,,Industrial Products,Rubber,87.73100616016427,True,False
PARKHOTELS.NS,2026-09-16,105.8499984741211,111.23416646321614,116.1219442155626,119.10579971313477,119.27919972737631,121.93014995574951,110.33139816318979,95.0999984741211,163.38629614722876,False,False,False,False,False,False,False,False,False,-34.00696253210591,noise,85.4191785267808,False,False,False,False,,Leisure Services,Hotels & Resorts,22.741273100616016,False,False
APEX.NS,2026-09-18,345.3500061035156,366.77124786376953,377.82123226589624,381.7239019775391,404.44981770833334,376.5137062072754,362.9540421078597,218.41563847380195,511.1200184186195,False,True,True,False,False,True,False,False,False,40.052517703144105,noise,29.333484048959356,False,True,False,False,,Food Products,Seafood,87.217659137577,True,False
APLAPOLLO.NS,2026-09-18,2270.10009765625,2180.3915405273438,2098.3580356174043,2019.7691845703125,1969.1343473307293,1959.5059503173827,2177.2224649765144,1646.9555379628491,2292.568366695916,True,True,True,True,True,True,True,True,False,34.90677392085484,green,175.6102471591849,False,False,False,False,,Industrial Products,Iron & Steel Products,85.21560574948666,True,True
APOLLOHOSP.NS,2026-09-17,8768.5,8781.375,8809.934000651041,8826.07203125,8242.956442057291,7954.5359716796875,8782.385579140659,6679.845437739152,9039.4765625,True,True,True,True,False,True,True,False,False,11.439685857025438,noise,60.826373312744686,False,False,False,False,,Healthcare Services,Hospital,74.58932238193019,True,False
APOLLO.NS,2026-09-18,370.70001220703125,398.7041702270508,392.50000254313153,393.6280010986328,336.0246001180013,313.96544998168946,393.35610751082703,179.5,466.5,True,True,True,True,False,True,True,False,False,9.061494222893973,green,150.98793599598514,False,False,False,False,,Aerospace & Defense,Aerospace & Defense,72.3305954825462,True,False
APOLLOPIPE.NS,2026-09-18,543.5999755859375,570.0291620890299,564.7638829549154,546.5752325439453,478.90956705729167,431.69561462402345,556.2413750713583,251.75001240064898,668.7999877929688,True,True,True,True,False,True,True,False,False,36.618315723142715,noise,86.78937312810551,False,False,False,False,,Industrial Products,Plastic Products - Industrial,85.93429158110884,True,False
APOLSINHOT.NS,2026-09-16,1185.800048828125,1217.9166564941406,1213.5499979654949,1215.8759936523438,1194.732998453776,1209.7402481079102,1213.018715771376,950.0,1450.0999755859375,False,False,False,True,False,False,True,False,False,-13.290460907586843,noise,29.839149625564136,False,False,False,False,,Leisure Services,Hotels & Resorts,49.28131416837782,False,False
APOLLOTYRE.NS,2026-09-18,409.29998779296875,417.6999969482422,432.7291666666667,431.0660009765625,422.7604736328125,442.4260954284668,416.25804685238086,363.2227809620478,533.7088183031568,False,False,False,False,False,False,True,False,False,-14.455026347034593,red,289.12128843422687,False,False,False,False,,Auto Components,Tyres & Rubber Products,47.997946611909654,False,False
APOORVA.NS,2026-09-17,,,,,,,,,,False,False,False,False,False,False,False,False,False,,noise,,False,False,True,False,,Finance,Other Financial Services,,False,False
APTECHT.NS,2026-09-16,86.97000122070312,89.28333282470703,91.98111089070638,93.01079971313476,93.26024653116862,91.80771808624267,88.59404223929268,66.31145685193937,128.47999572753906,False,True,False,False,False,True,False,False,False,-30.718386679452504,noise,35.08566288946799,False,False,False,False,,Other Consumer Services,Education,26.69404517453799,False,False
APTUS.NS,2026-09-17,239.16000366210938,251.40750122070312,255.35000144110785,265.273000793457,253.98719095865886,258.9362326049805,247.84911361997385,191.24135126964168,331.0221362379736,False,False,False,True,False,False,False,False,False,-26.1147772896698,red,101.74179459427218,False,False,False,False,,Finance,Housing Finance Company,32.75154004106776,False,False
AQYLON.NS,2026-09-18,17.979999542236328,21.389166514078777,23.48527791765001,25.736200065612792,54.66840000152588,230.85085131645204,20.843164679023097,17.940000534057617,1714.9000244140625,False,False,False,False,False,False,False,False,False,-98.17313561072643,red,1093.8325165503163,False,False,False,True,,Entertainment,TV Broadcasting & Software Production,0.051334702258726904,False,False
ARABIAN.NS,2026-09-16,82.0,84.29166666666667,82.40138901604547,78.75300003051758,72.86433319091798,72.3075,82.51576597586784,63.20000076293945,94.30000305175781,True,True,True,True,True,False,True,False,False,10.512133925286626,noise,53.76344086021505,False,False,False,False,,Petroleum Products,Lubricants,73.40862422997947,True,False
ACI.NS,2026-09-16,461.45001220703125,484.55000559488934,505.44722323947485,517.5710021972657,548.1588720703126,544.0722615051269,477.96182193425636,446.0,720.5955100435929,False,True,False,False,False,False,False,False,False,-34.320703676744166,noise,59.36619172410469,False,False,False,False,,Chemicals & Petrochemicals,Specialty Chemicals,22.381930184804926,False,False
ADL.NS,2026-09-16,71.91000366210938,73.11166699727376,72.27027829488118,71.87620025634766,71.29179982503256,72.36569995880127,72.31275220392672,50.2599983215332,109.9000015258789,False,False,False,False,True,True,False,False,False,-15.53910714397727,noise,55.65762455419865,False,True,False,False,,Consumer Durables,Plywood Boards/ Laminates,47.02258726899384,False,False
ARCHIDPLY.NS,2026-09-18,104.80000305175781,103.08166631062825,97.65388912624783,93.0952001953125,83.9570667775472,85.22135007858276,102.4735452100104,60.0,124.77999877929688,True,False,True,True,True,True,True,True,False,1.3931912083038789,noise,35.276613560996665,False,False,False,False,,Consumer Durables,Plywood Boards/ Laminates,65.81108829568788,False,False
ARCHIES.NS,2026-09-16,12.210000038146973,12.794166564941406,13.449999968210856,13.607999992370605,14.238000011444091,15.120650010108948,12.662113898472626,10.859999656677246,24.3799991607666,False,False,False,False,False,False,False,False,False,-34.071275721656455,noise,24.58398168092465,False,False,False,False,,Consumer Durables,Leisure Products,22.587268993839835,False,False
ARCL.NS,2026-09-17,,,,,,,,,,False,False,False,False,False,False,False,False,False,,noise,,False,False,False,False,,Chemicals & Petrochemicals,Commodity Chemicals,,False,False
ARDEE.NS,2026-09-18,,,,,,,,,,False,False,False,False,False,False,False,False,False,,noise,,False,False,False,False,,Diversified Metals,Diversified Metals,,False,False
ARFIN.NS,2026-09-17,87.87999725341797,87.7424996693929,86.18111101786296,86.74759963989258,86.38426651000977,82.69454999923705,86.39680796787064,41.710687996462454,106.19999694824219,True,True,True,True,True,True,True,True,False,103.95437810384126,noise,78.7891907317587,False,False,False,False,,Non - Ferrous Metals,Aluminium,96.50924024640656,True,True
ARIES.NS,2026-09-16,480.70001220703125,481.56667073567706,425.89027913411456,402.61400024414064,366.8749989827474,355.4264990234375,477.71914011014394,285.3500061035156,524.75,True,True,True,True,True,True,True,True,False,15.267818985452086,dry,17.273471635853088,False,False,False,False,,Fertilizers & Agrochemicals,Fertilizers,77.15605749486653,True,True
ARIHANT.NS,2026-09-16,,,,,,,,,,False,False,False,False,False,False,False,False,False,,dry,16.577307735734788,False,False,False,False,,Realty,"Residential, Commercial Projects",,False,False
ARIHANTACA.NS,2026-09-16,498.75,494.26725006103516,477.23829481336804,473.6891693115234,469.09923970540365,469.7906684875488,494.5180371894718,383.4599833428105,552.7799769827852,True,False,False,True,True,True,True,True,False,29.22658988524298,red,1104.9723756906078,False,False,False,False,,Other Consumer Services,Education,83.26488706365504,True,False
ARIHANTCAP.NS,2026-09-16,80.44999694824219,78.81666628519694,77.3436107635498,76.75879943847656,72.61413330078125,76.59964992523193,79.02215074377924,56.970001220703125,120.0,True,False,False,True,True,True,False,True,False,-27.722774381034434,red,183.0866142150503,False,False,False,False,,Capital Markets,Stockbroking & Allied,30.69815195071869,False,False
ARIHANTSUP.NS,2026-09-16,220.4499969482422,231.14860661824545,248.28497780693903,251.91083770751953,252.1222787475586,267.21119682312013,226.95957187373756,188.58512711443598,464.470773664448,False,False,False,False,False,False,False,False,False,-45.2189322413074,dry,12.797965496336383,False,False,False,False,,Realty,"Residential, Commercial Projects",11.447638603696099,False,False
ARIS.NS,2026-09-18,133.3300018310547,126.25333213806152,133.3538884056939,129.08960006713866,121.2778000386556,120.30075004577637,127.21316271661614,82.18000030517578,178.3000030517578,True,True,False,True,True,True,False,True,False,-15.848270779746843,green,210.77476585939615,False,False,False,False,,Other Construction Materials,Other Construction Materials,46.252566735112936,False,False
ARISTO.NS,2026-09-16,112.0,104.5,107.14166726006403,107.06100036621093,101.1260003153483,103.52450038909912,106.39240053343585,74.30000305175781,140.0,True,False,False,True,True,True,True,True,False,-19.999999999999996,dry,0.0,False,False,False,False,,Fertilizers & Agrochemicals,Pesticides & Agrochemicals,41.27310061601643,False,False
ARKADE.NS,2026-09-17,117.22000122070312,121.10583305358887,129.30361069573297,131.48019973754882,120.59300013224284,123.82220008850098,120.47872804920507,92.62000274658203,185.3000030517578,False,False,False,True,False,False,False,False,False,-34.437045907202425,noise,99.03364149601923,False,False,False,False,,Realty,"Residential, Commercial Projects",22.227926078028748,False,False
ARMANFIN.NS,2026-09-16,1873.5,1990.7666727701824,1979.6222296820747,1960.8700048828125,1720.4533357747396,1675.3560028076172,1974.5713706262568,1301.0,2158.60009765625,True,True,True,True,False,True,True,False,False,30.92243186582808,red,130.40365239123273,False,False,False,False,,Finance,Non Banking Financial Company (NBFC),83.93223819301848,True,False
AROGRANITE.NS,2026-09-16,22.549999237060547,24.072500069936115,24.81111118528578,24.935600090026856,25.394333419799803,26.545850048065187,23.759189942822182,18.670000076293945,45.630001068115234,False,False,False,False,False,False,False,False,False,-38.77274472995922,red,148.52698907016858,False,False,False,False,,Consumer Durables,Granites & Marbles,18.275154004106774,False,False
ARROWGREEN.NS,2026-09-16,907.4500122070312,801.7473958333334,754.1610565185547,736.0841064453125,580.3590283203125,556.3306286621093,814.2831684133203,339.84701118518905,952.75,True,True,True,True,True,True,True,True,False,60.896158359713496,ppv,936.5814969285017,False,False,True,False,,Industrial Products,Packaging,91.6324435318275,True,True
ARSHIYA.NS,2026-09-16,0.7699999809265137,0.74249999721845,0.8647222254011366,0.9056000006198883,1.1587333357334137,1.1901500037312507,0.762930589045452,0.6800000071525574,2.190000057220459,False,False,False,False,False,False,False,True,False,-61.500000953674316,noise,35.81337635113807,False,False,False,False,,Transport Services,Logistics Solution Provider,3.4907597535934287,False,False
ARTNIRMAN.NS,2026-09-16,39.970001220703125,40.224166552225746,40.536944495307075,40.37139991760254,40.52860012054443,41.983300104141236,40.140416458375604,29.389999389648438,66.97000122070312,False,False,False,False,False,True,False,False,False,-17.993434870229464,noise,64.56564291045301,False,False,False,False,,Realty,"Residential, Commercial Projects",43.8911704312115,False,False
AEPL.NS,2026-09-17,,,,,,,,,,False,False,False,False,False,False,False,False,False,,noise,37.70442303974688,False,False,False,False,,Electrical Equipment,Other Electrical Equipment,,False,False
ARTEMISMED.NS,2026-09-18,338.5,335.9833297729492,322.50833299424914,309.59600036621094,268.512350769043,266.2594458770752,334.7682531728615,203.00855548512436,362.0,True,True,True,True,True,True,True,True,False,41.15537252870807,noise,81.614308389693,False,False,False,False,,Healthcare Services,Hospital,87.57700205338809,True,True
ARVEE.NS,2026-09-17,172.0800018310547,177.45416768391928,169.5300004747179,166.2736001586914,162.106533203125,169.09319999694824,176.14964915187244,129.11000061035156,290.7799987792969,True,False,False,False,True,True,False,False,False,6.689818955959725,noise,33.205563940798974,False,False,False,False,,Chemicals & Petrochemicals,Specialty Chemicals,70.27720739219713,True,False
ARVINDFASN.NS,2026-09-16,416.3500061035156,445.2999979654948,446.38341437445746,452.43218994140625,448.8576249186198,457.2784437561035,439.177808225974,364.92489307412075,576.9839137121372,False,False,False,False,False,False,False,False,False,-25.331995365457338,noise,89.29434281410846,False,False,False,False,,Retailing,Speciality Retail,33.82956878850102,False,False
ARVIND.NS,2026-09-17,541.5999755859375,563.4869893391927,547.2274051242405,540.8380535888672,464.3716035970052,428.00265853881837,557.2088737600685,275.6944407527197,607.1500244140625,True,True,True,True,True,True,True,False,False,62.867777832840524,red,122.63843642406214,False,True,False,False,,Textiles & Apparels,Garments & Apparels,91.9917864476386,True,True
ARVSMART.NS,2026-09-16,549.2000122070312,619.6333363850912,632.9744737413195,623.939755859375,591.8612512207031,588.6638778686523,602.7056304706398,485.12175511902797,705.4097122162362,False,True,False,True,False,False,True,False,False,-11.604791642721224,noise,47.54401292525356,False,False,False,False,,Realty,"Residential, Commercial Projects",51.54004106776181,False,False
ARYAMAN.NS,2026-09-17,,,,,,,,,,False,False,False,False,False,False,False,False,False,,noise,,False,False,False,False,,Finance,Non Banking Financial Company (NBFC),,False,False
ASAHIINDIA.NS,2026-09-17,950.7000122070312,961.9602966308594,937.7546200222439,925.0114465332031,882.9691341145833,907.2722872924804,960.8264976692262,773.5120327669628,1071.7996569938532,True,False,False,True,True,False,True,False,False,5.691658055392579,noise,24.990351851342872,False,False,False,False,,Auto Components,Auto Components & Equipments,68.8911704312115,False,False
ASAHISONG.NS,2026-09-16,347.95001220703125,372.5958302815755,367.2347234090169,344.8210009765625,270.8765340169271,265.6740005493164,367.0657990550583,179.63999938964844,413.95001220703125,True,True,True,True,True,True,True,False,False,21.2158254673001,dry,16.027039539103747,False,False,False,False,,Chemicals & Petrochemicals,Dyes And Pigments,79.97946611909651,True,True
ASCOM.NS,2026-09-16,221.9499969482422,221.9499969482422,233.07361051771375,240.52100006103515,240.13800048828125,213.5152503967285,222.23574046426538,90.0,285.0,False,True,True,True,False,True,True,False,False,146.6111077202691,dry,0.0,False,False,False,False,,Finance,Non Banking Financial Company (NBFC),98.4599589322382,True,False
ASHAPURMIN.NS,2026-09-16,515.7000122070312,542.0833384195963,607.7430572509766,629.4050012207031,613.1913323974609,651.9524998474121,540.0063103623239,455.1000061035156,924.9000244140625,False,False,False,False,False,False,False,False,False,-16.735281741288187,noise,70.99188189042198,False,False,False,False,,Minerals & Mining,Industrial Minerals,45.071868583162214,False,False
ASHIANA.NS,2026-09-16,348.3500061035156,354.5833282470703,368.0874964396159,371.21299743652344,352.904438680013,337.4422148132324,351.4177910046821,268.63644581896057,435.8999938964844,False,True,True,True,False,False,True,False,False,13.45724897456202,noise,24.115647121917057,False,False,False,False,,Realty,"Residential, Commercial Projects",76.23203285420944,True,False
ASHIKAG.NS,2026-09-17,,,,,,,,,,False,False,False,False,False,False,False,False,False,,noise,,False,False,False,False,,Finance,Non Banking Financial Company (NBFC),,False,False
ASHIMASYN.NS,2026-09-17,16.1200008392334,17.118333498636883,17.68555561701457,17.32100004196167,15.987400016784669,16.41110003948212,16.868365917749923,11.5,26.0,False,False,False,True,False,True,False,False,False,-33.388428384184145,noise,86.45705046927698,False,False,False,False,,Textiles & Apparels,Other Textile Products,23.6652977412731,False,False
ASHOKLEY.NS,2026-09-18,163.0,164.3949991861979,171.07138866848416,166.62320007324217,166.33910034179686,169.93769233703614,163.01369599054382,131.07000684605995,211.80679384961218,False,False,False,False,False,False,True,False,False,20.283188351781867,green,112.58895457182496,False,False,False,False,,"Agricultural, Commercial & Construction Vehicles",Commercial Vehicles,79.51745379876797,True,False
ASHOKA.NS,2026-09-17,108.80000305175781,113.64916737874348,115.37027846442328,118.14320053100586,124.56166712443034,133.49020038604738,112.32532544280609,101.0,214.5,False,False,False,False,False,False,False,False,False,-43.84226284354229,dry,18.560285958204027,False,True,False,False,,Construction,Civil Construction,12.987679671457904,False,False
ASHOKAMET.NS,2026-09-16,14.5,14.65250015258789,14.154166724946764,14.222800025939941,14.901866639455159,14.906249985694885,14.993482739741802,12.130000114440918,21.0,False,False,False,False,True,False,False,False,False,-12.386702909749792,red,226.93217084921483,False,False,False,False,,Metals & Minerals Trading,Trading - Metals,50.667351129363446,False,False
ASIANENE.NS,2026-09-18,492.25,515.8360036214193,465.09903632269965,436.5364544677734,356.8826564534505,335.18249198913577,503.13855212612503,229.41812828743812,564.2688840142267,True,True,True,True,True,True,True,False,False,39.90034406882417,noise,39.0374357949173,False,False,False,False,,Oil,Oil Equipment & Services,87.16632443531827,True,True
ASIANTILES.NS,2026-09-17,49.970001220703125,50.1449998219808,50.499166594611275,50.36039993286133,58.66186676025391,61.69265005111694,49.964751857438195,42.5,79.05999755859375,False,False,False,False,False,False,False,True,False,-16.101410227449076,dry,14.265385259920075,False,False,False,False,,Consumer Durables,Ceramics,45.63655030800821,False,False
AHLEAST.NS,2026-09-16,136.05999755859375,136.51916631062826,139.58944405449762,141.28699981689454,151.4632002766927,147.8478002166748,135.81699768763409,127.25,175.3000030517578,False,True,False,False,False,False,True,True,False,-7.999189857243804,noise,29.309512650657194,False,False,False,False,,Leisure Services,Hotels & Resorts,56.46817248459959,False,False
ASIANHOTNR.NS,2026-09-18,374.8999938964844,385.8374964396159,335.50972239176434,327.11399963378904,307.86700052897135,309.82925033569336,378.9505614187797,247.5,423.79998779296875,True,False,False,True,True,True,True,False,False,20.58539763796492,noise,33.4332727597836,False,True,False,False,,Leisure Services,Hotels & Resorts,79.72279260780287,True,False
AHLWEST.NS,2026-09-16,530.6500244140625,524.2666651407877,534.9416664971245,545.1449993896484,424.44073089599607,354.36804664611816,521.2541873606989,137.0,751.4000244140625,True,True,True,True,False,True,False,True,False,268.1235150069641,ppv,232.19814241486065,False,False,False,False,,Leisure Services,Hotels & Resorts,99.58932238193019,True,False
ASIANPAINT.NS,2026-09-18,2451.300048828125,2475.6833699544272,2613.4194607204863,2634.88400390625,2529.027849934896,2564.5368469238283,2470.9042815899825,2096.8080953222207,2960.0187763517797,False,False,False,True,False,False,True,False,False,-0.09172373860705241,red,130.68157926833567,False,False,False,False,,Consumer Durables,Paints,64.68172484599589,False,False
ASTAR.NS,2026-09-17,,,,,,,,,,False,False,False,False,False,False,False,False,False,,ppv,,False,False,True,False,,Consumer Durables,"Gems, Jewellery And Watches",,False,False
ASIANTNE.NS,2026-09-17,,,,,,,,,,False,False,False,False,False,False,False,False,False,,noise,,False,False,False,False,,Commercial Services & Supplies,Trading & Distributors,,False,False
ASKAUTOLTD.NS,2026-09-18,656.25,622.8458353678385,622.4138904147678,584.9449676513672,485.88306722005206,479.92335205078126,626.3456397773889,373.9332517882958,687.7000122070312,True,True,True,True,True,True,True,True,False,23.261660361620272,noise,57.337921597850624,False,False,False,False,,Auto Components,Auto Components & Equipments,81.21149897330595,True,True
ASPINWALL.NS,2026-09-16,250.3000030517578,256.50916417439777,248.18416595458984,248.3880517578125,231.81566914876302,229.57227874755858,254.2433815966066,195.3813837893318,292.5110543346773,True,True,False,True,True,False,True,False,False,-4.597574201869281,noise,74.77113218304183,False,False,False,False,,Transport Services,Logistics Solution Provider,60.06160164271047,False,False
ASPIRE.NS,2026-09-16,12.449999809265137,13.224999984105429,13.927777767181396,13.886999969482423,14.170000019073486,14.863000011444091,13.129629392042094,10.199999809265137,26.299999237060547,False,False,False,False,False,False,False,False,False,-48.1250007947286,red,193.45238095238096,False,False,False,False,,Consumer Durables,Household Appliances,9.496919917864478,False,False
ASSAMENT.NS,2026-09-17,,,,,,,,,,False,False,False,False,False,False,False,False,False,,noise,,False,False,False,False,,Finance,Non Banking Financial Company (NBFC),,False,False
ASALCBR.NS,2026-09-16,649.5499877929688,688.6382700602213,720.6879492865669,745.6779138183593,799.6265580240886,826.2582104492187,682.7471582264507,644.5499877929688,1273.3313070480908,False,False,False,False,False,False,False,False,False,-36.11009169465117,red,120.00293440423313,False,False,False,True,,Beverages,Breweries & Distilleries,20.790554414784392,False,False
ASTEC.NS,2026-09-17,755.1500244140625,656.8833312988281,621.1194424099392,636.2189990234375,667.4753344726563,668.6742526245117,677.9815832736175,513.4000244140625,941.75,True,False,False,False,True,True,True,True,False,-10.754594028761645,ppv,504.02274553789306,True,False,False,False,,Fertilizers & Agrochemicals,Pesticides & Agrochemicals,52.61806981519507,False,False
ASTERDM.NS,2026-09-16,741.2000122070312,769.3208312988281,794.213890923394,798.1100036621094,739.1087752278646,702.8704531860352,762.2078208572418,516.8361420654307,891.2999877929688,True,True,True,True,False,True,True,False,False,20.09139699187581,noise,35.53916710988098,False,False,False,False,,Healthcare Services,Hospital,79.41478439425052,True,False
ASTRAMICRO.NS,2026-09-18,1631.199951171875,1672.2733154296875,1709.218010796441,1719.7541723632812,1382.867959798177,1270.8706735229491,1651.2646189558711,849.7963206864241,1957.2277658555508,True,True,True,True,False,True,True,False,False,50.553958945206645,noise,44.104873370691706,False,False,False,False,,Aerospace & Defense,Aerospace & Defense,90.04106776180699,True,False
ASTRAL.NS,2026-09-17,1398.9000244140625,1449.3083394368489,1481.0779927571614,1459.2542407226563,1524.7556290690104,1504.2893719482422,1430.6577143304035,1309.540253350694,1765.9224658214252,False,True,False,False,False,False,True,False,False,-3.9226118439778412,noise,48.22277716643539,False,False,False,False,,Industrial Products,Plastic Products - Industrial,60.72895277207392,False,False
ASTRAZEN.NS,2026-09-17,6669.0,6817.708333333333,7380.430555555556,7572.23134765625,8137.948089192709,8279.271030273438,6801.695066628299,6600.0,9805.695125484928,False,False,False,False,False,False,False,False,False,-25.705177628879895,dry,16.518217021676453,False,True,False,True,,Pharmaceuticals & Biotechnology,Pharmaceuticals,33.26488706365503,False,False
ASTRON.NS,2026-09-16,2.940000057220459,3.0041666626930237,3.315277781751421,3.4668000030517576,3.8714666748046875,4.311550008058548,2.9993939384895683,2.859999895095825,16.739999771118164,False,False,False,False,False,False,False,False,False,-81.50943315876495,red,240.55965582390075,False,False,False,True,,"Paper, Forest & Jute Products",Paper & Paper Products,0.5133470225872689,False,False
ATALREAL.NS,2026-09-18,14.359999656677246,18.218333164850872,28.588333315319485,29.203599948883056,27.538066590627036,27.10694992542267,17.356953342853547,12.380000114440918,36.70000076293945,False,True,False,True,False,False,False,False,False,-24.81675722578044,red,168.37786505697306,False,False,False,False,,Realty,"Residential, Commercial Projects",34.80492813141684,False,False
ATAM.NS,2026-09-16,62.150001525878906,55.1422389348348,58.76332547929552,61.161724166870115,65.09351760864257,68.71465141296386,56.04795839584196,48.18950083312845,110.28937131225031,False,False,False,False,True,False,False,True,False,-30.52142757596853,ppv,954.4344379221677,True,False,False,False,,Industrial Manufacturing,Industrial Products,27.053388090349078,False,False
ATHERENERG.NS,2026-09-18,1640.0,1606.3750101725261,1533.147223578559,1452.4899975585938,1079.0046655273438,977.4992489624024,1602.118849982447,534.5,1744.0,True,True,True,True,True,True,True,True,False,191.55555555555557,green,100.36459403021884,False,False,False,False,,Automobiles,2/3 Wheelers,99.12731006160165,True,True
ATLANTAELE.NS,2026-09-17,,,,,,,,,,False,False,False,False,False,False,False,False,False,,noise,62.858865079379186,False,False,False,False,,Electrical Equipment,Heavy Electrical Equipment,,False,False
ATLANTAA.NS,2026-09-16,36.459999084472656,38.30000019073486,38.553055551317,38.30679992675781,39.60380009969076,40.68650009155274,37.64840033990312,31.520000457763672,73.38999938964844,False,False,False,False,False,False,False,False,False,-12.123408991339469,noise,35.10760356510585,False,False,False,False,,Construction,Civil Construction,51.02669404517454,False,False
ATLASCYCLE.NS,2026-09-17,89.76000213623047,96.93999989827473,97.0752779642741,97.32940002441406,96.04340016682943,96.26505016326904,95.0831710318441,76.1500015258789,130.0,False,False,False,True,False,False,False,False,False,-26.105210147201397,noise,44.42027068900975,False,False,False,False,,Consumer Durables,Cycles,32.80287474332649,False,False
ATMASTCO.NS,2026-09-16,123.3499984741211,134.57500012715658,143.18194474114313,147.33100051879882,154.1036664835612,151.95199954986572,131.6597832267482,98.0,229.89999389648438,False,True,False,False,False,False,False,False,False,-42.1570933298377,noise,41.00946372239748,False,False,False,False,,Construction,Civil Construction,14.527720739219713,False,False
ATUL.NS,2026-09-16,6076.0,6315.916666666667,6566.111111111111,6467.00216796875,6534.462366536458,6399.546733398438,6265.014609982945,5533.215936920114,7144.769440445724,False,True,True,False,False,False,True,False,False,-5.26785464827565,noise,32.09703375250368,False,False,False,False,,Chemicals & Petrochemicals,Specialty Chemicals,59.086242299794655,False,False
ATULAUTO.NS,2026-09-17,441.3999938964844,450.2157745361328,487.49721866183813,485.03471801757814,470.4811157226562,461.4974118041992,448.47143209121975,377.51434467774817,592.5698687930867,False,True,False,True,False,False,False,False,False,-15.14089427886397,noise,22.32862321409549,False,False,False,False,,"Agricultural, Commercial & Construction Vehicles",Commercial Vehicles,47.3305954825462,False,False
AUBANK.NS,2026-09-18,1058.5999755859375,1057.8666585286458,1072.6444363064236,1059.5949926757812,1008.9361962890625,1002.9160424804687,1055.1797437815399,697.6225042186402,1144.0999755859375,True,True,True,True,False,True,True,True,False,49.50659837078073,noise,85.17463550102883,False,False,False,False,,Banks,Other Bank,89.42505133470226,True,False
AUGMONT.NS,2026-09-18,,,,,,,,,,False,False,False,False,False,False,False,False,False,,noise,,False,False,False,False,,Non - Ferrous Metals,Precious Metals,,False,False
AURIONPRO.NS,2026-09-16,688.0,684.7875061035156,707.8736148410374,745.5520031738281,813.8216674804687,869.9967498779297,685.4332745699352,663.0,1292.4982061202147,False,False,False,False,False,False,False,True,False,-44.22350515651641,noise,51.42788492749578,False,False,False,False,,IT - Software,Computers - Software & Consulting,12.42299794661191,False,False
AUROIMPEX.NS,2026-09-16,30.649999618530273,27.366666475931805,26.240277820163303,26.07099998474121,28.650666669209798,30.918250045776368,27.77326751539765,21.25,53.95000076293945,False,False,False,False,True,True,False,True,False,-36.738907872267404,noise,74.6268656716418,False,False,False,False,,Industrial Products,Electrodes & Refractories,20.37987679671458,False,False
AUROPHARMA.NS,2026-09-16,1643.0,1666.9833475748699,1638.4583401150173,1613.9520043945313,1462.390000813802,1393.579497680664,1664.1501220935756,1066.800048828125,1717.0,True,True,True,True,True,True,True,False,False,49.35006240000159,noise,60.40325723729102,False,False,False,False,,Pharmaceuticals & Biotechnology,Pharmaceuticals,89.3223819301848,True,True
AURUM.NS,2026-09-16,219.80999755859375,224.0158322652181,225.25916629367404,226.9113998413086,197.39953369140625,193.20624977111817,223.28839188286773,151.89999389648438,264.6400146484375,True,True,True,True,False,True,True,False,False,28.311249017099183,noise,28.379450598232552,False,False,False,False,,IT - Services,IT Enabled Services,83.05954825462013,True,False
AURUS.NS,2026-09-17,4.71999979019165,4.81083329518636,4.705277734332615,4.705599956512451,4.914333321253459,4.956599993705749,4.803713679948996,4.099999904632568,7.489999771118164,False,False,False,False,True,False,False,False,False,-32.086332090263426,red,130.74972953950027,False,False,False,False,,Consumer Durables,"Gems, Jewellery And Watches",24.948665297741275,False,False
AUSOMENT.NS,2026-09-16,148.89999389648438,153.23505020141602,146.1401981777615,140.36869277954102,124.05154454549154,122.49165405273438,151.6536931195124,92.37958340712095,176.81253472005758,True,True,True,True,True,True,True,False,False,47.31483537659875,noise,93.98452372617464,False,False,False,False,,Consumer Durables,"Gems, Jewellery And Watches",89.01437371663245,True,True
AUSTENG.NS,2026-09-17,,,,,,,,,,False,False,False,False,False,False,False,False,False,,noise,,False,False,False,False,,Industrial Manufacturing,Industrial Products,,False,False
APS.NS,2026-09-16,230.75,243.4250005086263,251.40277904934354,261.6920016479492,307.54600128173826,321.27400093078614,240.90659076370048,226.60000610351562,543.8331494744521,False,False,False,False,False,False,False,False,False,-52.31905880346894,noise,91.77972865123704,False,False,False,True,,Electrical Equipment,Heavy Electrical Equipment,7.2381930184804935,False,False
AIIL.NS,2026-09-18,559.0,528.3374989827474,548.3013899061415,545.8660021972656,505.418335164388,519.363000946045,535.4397539548266,400.0,683.0,True,False,False,True,True,True,True,True,False,-12.596159526255112,green,127.56903353007702,False,False,False,False,,Finance,Non Banking Financial Company (NBFC),50.308008213552355,False,False
ACGL.NS,2026-09-18,,,,,,,,,,False,False,False,False,False,False,False,False,False,,noise,,False,False,False,False,,Auto Components,Auto Components & Equipments,,False,False
AUTOIND.NS,2026-09-18,78.33999633789062,83.8841667175293,88.97944429185655,89.44159973144531,78.73599993387857,78.01274980545044,82.23784304958717,48.349998474121094,104.0,False,True,True,True,False,True,True,False,False,0.38441237678610296,noise,50.19620388868279,False,False,False,False,,Auto Components,Auto Components & Equipments,65.04106776180699,False,False
AUTOAXLES.NS,2026-09-16,1659.0,1682.6749979654949,1752.3651631673176,1757.7622973632813,1764.2155379231772,1787.9940844726561,1678.057654732334,1513.8492510872597,2078.8153236463377,False,False,True,False,False,False,True,False,False,-2.0725655169611112,noise,26.65754467213447,False,False,False,False,,Auto Components,Auto Components & Equipments,62.525667351129364,False,False
ASAL.NS,2026-09-16,444.54998779296875,466.4708302815755,488.76944308810766,498.39699890136717,485.36466532389323,481.2187490844727,462.5852240468166,374.5,654.6500244140625,False,True,False,True,False,False,False,False,False,-11.786888178437028,noise,53.224206232310635,False,False,False,False,,Auto Components,Auto Components & Equipments,51.38603696098563,False,False
AVADHSUGAR.NS,2026-09-16,726.2000122070312,804.3416646321615,716.7888887193468,663.5991680908203,512.8974580891927,471.92459732055664,780.608773093054,300.3047281830496,884.7999877929688,True,True,True,True,True,True,True,False,False,66.07052056797558,noise,31.363032582993068,False,False,False,False,,Agricultural Food & other Products,Sugar,92.65913757700204,True,True
AVALON.NS,2026-09-16,2216.10009765625,2251.8833821614585,2092.6416897243926,1990.5180151367188,1505.817674560547,1353.9927560424806,2234.817150059038,777.2999877929688,2424.0,True,True,True,True,True,True,True,False,False,129.93360922642844,ppv,194.56663294380598,False,False,False,False,,Electrical Equipment,Other Electrical Equipment,97.5359342915811,True,True
AVANCE.NS,2026-09-17,,,,,,,,,,False,False,False,False,False,False,False,False,False,,noise,,False,False,False,True,,IT - Software,Software Products,,False,False
AVANTEL.NS,2026-09-18,147.22999572753906,153.10166931152344,157.9750010172526,161.08180084228516,157.54315399169923,155.8924842453003,150.78724838293854,116.90105303611325,214.72640412746412,False,True,False,True,False,False,False,False,False,-16.779049727477545,noise,41.10646650320678,False,False,False,False,,Aerospace & Defense,Aerospace & Defense,45.02053388090349,False,False
AVANTIFEED.NS,2026-09-16,770.3499755859375,801.254160563151,847.4692823621962,880.7409326171875,1103.4537219238282,1038.9610308837891,797.8785741207568,624.5679941941372,1575.9303166617983,False,True,False,False,False,False,False,False,False,7.92894726850637,noise,42.272832675693095,False,False,False,False,,Food Products,Animal Feed,71.20123203285421,True,False
DMART.NS,2026-09-18,3749.89990234375,3718.7749837239585,3870.53609890408,3893.663994140625,4074.7753385416668,4007.026005859375,3730.13285904611,3600.0,4818.0,False,True,False,False,False,False,True,True,False,-21.22555183076499,green,169.95462013036905,False,False,False,False,,Retailing,Diversified Retail,39.8870636550308,False,False
CCAVENUE.NS,2026-09-18,16.079999923706055,15.763333241144815,15.806388881471422,16.135399951934815,15.370866654713948,15.685449991226196,15.82411882836858,12.920000076293945,20.5,True,False,False,True,False,False,True,True,False,-0.9242120934133125,red,106.12773864743914,False,True,False,False,,Financial Technology (Fintech),Financial Technology (Fintech),63.65503080082136,False,False
AVG.NS,2026-09-16,163.75,171.24250157674155,188.47416729397244,193.33940032958984,171.5079389444987,170.76890411376954,172.2526727042687,116.66000366210938,264.42999267578125,False,True,False,True,False,True,False,False,False,-28.059030701571796,noise,73.9378591108368,False,False,False,False,,Transport Services,Logistics Solution Provider,30.082135523613964,False,False
ASMS.NS,2026-09-17,6.699999809265137,6.926666736602783,7.046666688389248,7.059600028991699,7.807133331298828,8.810249996185302,6.879759477710403,6.519999980926514,17.0,False,False,False,False,False,False,False,False,False,-58.281444383149065,red,110.74492821944189,False,False,False,True,,IT - Services,IT Enabled Services,4.5687885010266935,False,False
AVONMORE.NS,2026-09-16,13.0600004196167,13.630000114440918,12.622222211625841,11.827600002288818,11.96446667989095,13.2168000125885,13.639396629762382,9.050000190734863,22.0,False,False,False,False,True,True,False,False,False,-39.31226699902275,noise,99.63501445800283,False,False,False,False,,Finance,Non Banking Financial Company (NBFC),17.299794661190965,False,False
AVPINFRA.NS,2026-09-16,56.900001525878906,58.750000635782875,61.31805600060357,61.60100044250488,78.85466692606609,88.00150026321411,58.7312350028659,54.5,189.4499969482422,False,False,False,False,False,False,False,False,False,-68.06062111967225,noise,85.21796132415601,False,False,False,False,,Construction,Civil Construction,1.6940451745379879,False,False
AVROIND.NS,2026-09-16,7.920000076293945,8.389166752497355,8.712500095367432,8.873600063323975,10.763693396250407,11.190375056266785,8.206488034229896,7.46999979019165,15.989999771118164,False,False,False,False,False,False,False,False,False,-41.56275501182118,noise,44.24859528947467,False,False,False,False,,Consumer Durables,Plastic Products - Consumer,15.400410677618071,False,False
AVSL.NS,2026-09-16,119.69999694824219,119.69999694824219,119.69999694824219,119.69999694824219,119.69999694824219,120.65099746704101,119.6999969482422,119.69999694824219,126.0,False,False,False,False,False,False,True,False,False,-0.25000254313151116,dry,0.0,False,False,False,True,,Industrial Products,Plastic Products - Industrial,64.47638603696099,False,False
AVTNPL.NS,2026-09-16,85.72000122070312,89.65416590372722,81.80953682793512,78.41053634643555,69.94530494689941,68.89281311035157,88.51055315688126,53.16497337905437,97.0,True,True,True,True,True,True,True,False,False,13.299212284787565,noise,43.755334427015306,False,False,False,False,,Agricultural Food & other Products,Other Agricultural Products,76.02669404517454,True,True
AWFIS.NS,2026-09-17,264.70001220703125,265.2291679382324,267.7277776930067,273.33300018310547,298.4708660888672,337.5788998413086,269.0607786273706,229.0500030517578,639.4000244140625,False,False,False,False,False,False,False,False,False,-55.158391041697364,noise,45.02348759660001,False,False,False,False,,Commercial Services & Supplies,Diversified Commercial Services,5.852156057494867,False,False
AWL.NS,2026-09-18,186.97999572753906,186.10249964396158,191.08194478352866,190.50240020751954,189.2221772257487,198.29472305297853,186.00993614652083,170.3003850027749,281.42985528309595,False,False,False,False,False,False,False,True,False,-27.5975563338248,noise,92.98658945780927,False,True,False,False,,Agricultural Food & other Products,Edible Oil,30.800821355236142,False,False
AXISBANK.NS,2026-09-18,1257.0,1249.0250040690105,1247.4111226399739,1252.2080102539062,1286.5211922200522,1286.6782250976562,1246.4695774145146,1120.3358761684776,1417.2070248903838,False,False,False,False,True,False,True,True,False,11.029962855750085,noise,94.86783201764035,False,True,False,False,,Banks,Private Sector Bank,73.870636550308,True,False
AXISCADES.NS,2026-09-18,1811.199951171875,1781.7249857584636,1648.1666632758247,1627.2619995117188,1696.986670735677,1594.406004638672,1767.2551191510465,1063.300048828125,2211.0,True,True,True,False,True,True,True,True,False,7.317651453046858,ppv,182.5551091884955,False,False,False,False,,Aerospace & Defense,Aerospace & Defense,70.73921971252567,True,False
AXITA.NS,2026-09-16,7.989999771118164,7.957531094551086,7.613807148403591,7.54536358833313,8.036865793863932,8.478778724670411,7.9515465955919495,6.528937554653533,12.123749859719394,False,False,False,False,True,False,False,True,False,0.5031441863232455,noise,67.21869044840835,False,False,False,False,,Textiles & Apparels,Other Textile Products,65.14373716632443,False,False
AXTEL.NS,2026-09-17,,,,,,,,,,False,False,False,False,False,False,False,False,False,,noise,,False,False,True,False,,Industrial Manufacturing,Industrial Products,,False,False
AYE.NS,2026-09-17,,,,,,,,,,False,False,False,False,False,False,False,False,False,,noise,41.098326351321845,False,False,False,False,,Finance,Non Banking Financial Company (NBFC),,False,False
AYMSYNTEX.NS,2026-09-16,270.79998779296875,298.0291697184245,269.3472243414985,260.07800140380857,226.57753356933594,210.58085014343263,287.2292405102387,141.52999877929688,330.0,True,True,True,True,True,True,True,False,False,44.9601152679375,ppv,276.0011823743012,False,False,False,False,,Textiles & Apparels,Other Textile Products,88.39835728952772,True,True
AZAD.NS,2026-09-18,2790.300048828125,2766.1000162760415,2700.147230360243,2608.026015625,2147.5713419596354,2003.0920080566407,2741.1106850110564,1360.0,2986.60009765625,True,True,True,True,True,True,True,True,False,69.62310327222644,ppv,130.41186356410057,False,False,False,False,,Electrical Equipment,Heavy Electrical Equipment,93.42915811088297,True,True
AZADIND.NS,2026-09-17,,,,,,,,,,False,False,False,False,False,False,False,False,False,,noise,,False,True,False,False,,Industrial Products,Iron & Steel Products,,False,False
BNALTD.NS,2026-09-17,,,,,,,,,,False,False,False,False,False,False,False,False,False,,noise,,False,False,False,False,,Agricultural Food & other Products,Tea & Coffee,,False,False
BHEL.NS,2026-09-18,439.8999938964844,427.02083587646484,421.2902789645725,419.06884033203124,364.7781227620443,341.48505531311037,427.05024047412735,228.8019259330385,446.5,True,True,True,True,True,True,True,True,False,88.20376437741331,ppv,78.73120420607349,False,False,False,False,,Electrical Equipment,Heavy Electrical Equipment,95.27720739219713,True,True
BPCL.NS,2026-09-18,314.0,307.5874989827474,314.54583316379126,314.28299926757813,312.21233357747394,323.8530313110352,307.7719294937381,266.6000061035156,391.6499938964844,False,False,False,False,False,False,True,True,False,1.1898408041488784,ppv,170.63760971281803,False,False,False,False,,Petroleum Products,Refineries & Marketing,65.65708418891171,False,False
BLKASHYAP.NS,2026-09-16,51.33000183105469,55.46333312988281,54.46722221374512,55.02039993286133,53.354933191935224,52.535549850463866,54.30982658113771,40.31999969482422,69.62999725341797,False,True,False,True,False,False,False,False,False,-24.702943802574495,noise,50.35706760495091,False,False,False,False,,Construction,Civil Construction,34.90759753593429,False,False
BBTCL.NS,2026-09-16,224.0,227.61500040690103,230.13500001695422,225.8340002441406,204.8025334676107,201.85685012817382,228.44838305196112,156.0,262.0,True,True,True,True,False,True,True,False,False,10.797844402616175,dry,8.129616664999785,False,True,False,False,,Industrial Products,Packaging,73.66529774127311,True,False
STYLEBAAZA.NS,2026-09-17,388.04998779296875,389.71666717529297,369.9361089070638,347.5169976806641,332.5923318481445,322.2969987487793,386.7881858055802,229.9499969482422,447.1000061035156,True,True,True,True,True,True,True,True,False,3.9234049641001523,green,151.63056034639382,False,False,False,False,,Retailing,Speciality Retail,67.50513347022587,False,False
BABAFP.NS,2026-09-16,24.149999618530273,22.854166666666668,23.361111164093018,23.474000015258788,24.679999923706056,26.222249908447267,22.733126645176213,17.649999618530273,38.5,False,False,False,False,True,True,False,True,False,-34.72973076072899,ppv,547.4452554744526,True,False,False,False,,Food Products,Other Food Products,21.919917864476385,False,False
BAFNAPH.NS,2026-09-16,309.0,304.91666920979816,277.9497235616048,262.5276010131836,179.88953348795573,169.35254997253418,302.0401619008602,94.7699966430664,318.5,True,True,True,True,True,True,True,True,False,177.03065937216115,noise,30.848724651883824,False,False,False,False,,Pharmaceuticals & Biotechnology,Pharmaceuticals,98.92197125256673,True,True
BAGFILMS.NS,2026-09-16,4.360000133514404,4.466666738192241,4.439166678322686,4.459200010299683,4.792600015004476,5.1214999985694885,4.454135727493751,3.609999895095825,8.0,False,False,False,False,False,False,False,False,False,-30.793650769622715,noise,31.154890041623855,False,False,False,False,,Entertainment,TV Broadcasting & Software Production,26.591375770020537,False,False
BAHETI.NS,2026-09-16,744.5,824.8374989827474,794.3472205268013,770.4409997558594,655.7556673177083,640.74,807.1274377900263,478.0,881.0,True,True,True,True,False,True,True,False,False,34.58061886690198,red,188.7102067607483,False,False,False,False,,Industrial Products,"Aluminium, Copper & Zinc Products",85.1129363449692,True,False
BAIDFIN.NS,2026-09-16,10.350000381469727,10.695637941360474,10.07910958925883,10.057893409729004,10.43183043162028,10.529759702682496,10.734526693722664,8.712698707671224,12.851229460317954,False,False,False,False,True,False,True,False,False,-6.496350107122739,noise,55.42357088974978,False,True,False,False,,Finance,Non Banking Financial Company (NBFC),58.162217659137575,False,False
BAJAJ-AUTO.NS,2026-09-18,11414.0,11749.5,11747.763888888889,11459.07,10323.445729166666,10048.768681640626,11656.443692894429,8373.654962449684,12470.0,True,True,True,True,False,True,True,False,False,27.417792561869312,noise,87.63854093525526,False,True,False,False,,Automobiles,2/3 Wheelers,82.85420944558521,True,False
BAJAJCON.NS,2026-09-17,502.45001220703125,511.8624979654948,505.96527777777777,521.8310009765624,493.8083349609375,443.036251373291,506.9784647721104,225.6699981689453,692.0,True,True,True,True,False,True,False,False,False,111.61135741270986,noise,30.28145592872938,False,False,False,False,,Personal Products,Personal Care,96.7659137577002,True,False
BAJAJELEC.NS,2026-09-16,322.54998779296875,332.9958318074544,343.5736100938585,339.61466125488283,348.7327136230469,372.65280578613283,332.7729343449761,298.3117066005431,647.9607286405871,False,False,False,False,False,False,False,False,False,-45.061328923817655,noise,20.570352209600337,False,False,False,False,,Consumer Durables,Household Appliances,11.550308008213554,False,False
BAJFINANCE.NS,2026-09-18,1040.300048828125,1040.5833435058594,1078.0500081380208,1067.4380078125,974.1229960123698,973.5092346191407,1036.2395312747622,783.0862114062364,1176.4000244140625,True,True,False,True,False,True,True,True,False,3.8903198330321187,green,115.25152070234867,False,False,False,False,,Finance,Non Banking Financial Company (NBFC),67.45379876796714,False,False
BAJAJFINSV.NS,2026-09-18,1852.5,1922.3583272298176,1988.727776421441,1959.9919970703124,1854.865106608073,1895.261163330078,1901.8866090084337,1595.6384533474438,2193.128599829014,False,False,False,True,False,False,True,False,False,-9.864819323736684,noise,70.38702336885959,False,True,False,False,,Finance,Holding Company,53.85010266940452,False,False
BAJAJHCARE.NS,2026-09-16,321.1000061035156,327.7941589355469,326.3389307657878,332.02424072265626,322.0113368733724,339.80736328125,326.59342713252124,271.12431103671,513.5782431574246,False,False,False,False,False,False,False,False,False,-24.043429021232143,noise,39.50340094409083,False,False,False,False,,Pharmaceuticals & Biotechnology,Pharmaceuticals,36.08829568788501,False,False
BAJAJHIND.NS,2026-09-18,19.530000686645508,21.03583335876465,20.218055566151936,19.35560001373291,18.368999938964844,18.22009994506836,20.459166909768104,14.850000381469727,26.0,True,True,False,True,True,True,True,False,False,-11.508831188495138,noise,43.513132327262255,False,False,False,False,,Agricultural Food & other Products,Sugar,51.64271047227926,False,False
BAJAJHLDNG.NS,2026-09-18,11282.0,11089.916666666666,11292.527777777777,11096.88,10498.96736328125,10586.22142578125,11127.610789031785,8482.595476264942,13642.165482850582,True,False,False,True,True,True,True,True,False,-15.987060598521863,green,117.62554902406438,False,False,False,False,,Finance,Holding Company,46.04722792607803,False,False
BAJAJHFL.NS,2026-09-18,85.58000183105469,83.72333335876465,84.53972223069933,85.02919982910156,85.2669330851237,87.26404972076416,83.90794761727987,72.6500015258789,115.98999786376953,False,False,False,False,True,False,False,True,False,-25.452962059181505,ppv,181.39006382382325,False,False,False,False,,Finance,Housing Finance Company,33.521560574948666,False,False
BAJAJST.NS,2026-09-17,,,,,,,,,,False,False,False,False,False,False,False,False,False,,noise,,False,True,False,False,,Industrial Manufacturing,Industrial Products,,False,False
BAJEL.NS,2026-09-18,171.91000366210938,179.74583307902017,184.73055521647134,183.4793130493164,178.2445834350586,175.1448836517334,177.25048041991946,134.63935702783903,225.91705733944445,False,True,False,True,False,False,True,False,False,-19.543763772486322,noise,54.163307125981895,False,False,False,False,,Electrical Equipment,Heavy Electrical Equipment,41.889117043121146,False,False
BALPHARMA.NS,2026-09-16,100.1300048828125,95.23038673400879,89.09145779079861,87.82111557006836,80.68819910685221,78.28005939483643,98.76589281048633,59.289451054818755,123.12442569317751,True,True,True,True,True,True,True,True,False,13.711389931700758,red,155.86461942231128,False,False,False,False,,Pharmaceuticals & Biotechnology,Pharmaceuticals,76.38603696098562,True,True
BALAMINES.NS,2026-09-16,2149.800048828125,2357.9500122070312,2227.6888800726997,2253.5159936523437,1738.5099540201822,1588.2705307006836,2282.200459853124,963.3273935013657,2629.800048828125,True,True,True,True,False,True,True,False,False,42.26595240568696,noise,64.34229241496226,False,False,False,False,,Chemicals & Petrochemicals,Specialty Chemicals,87.88501026694045,True,False
BALAJITELE.NS,2026-09-17,95.97000122070312,92.52249844868977,91.19416660732693,90.15119995117188,92.38453353881836,94.6146000289917,93.10384648013776,69.5199966430664,141.32000732421875,True,False,False,False,True,True,False,True,False,-18.21900087892446,ppv,173.00946372414353,False,False,False,False,,Entertainment,Media & Entertainment,43.53182751540041,False,False
BALAXI.NS,2026-09-16,23.329999923706055,23.8025000890096,23.68555556403266,23.790400009155274,23.29940003712972,24.48505003929138,23.53420923426436,15.199999809265137,47.709999084472656,False,False,False,False,False,True,False,False,False,-48.12097111314848,noise,48.49204349283313,False,False,False,False,,Pharmaceuticals & Biotechnology,Pharmaceuticals,9.548254620123203,False,False
BALKRISIND.NS,2026-09-18,2265.300048828125,2228.0083821614585,2345.8924424913193,2272.2520849609373,2241.5176521809894,2281.5533966064454,2212.6059981558055,1963.1702396041112,2765.3795041598637,False,False,False,False,False,False,True,True,False,-7.508358336905275,green,106.74453972046337,False,False,False,False,,Auto Components,Tyres & Rubber Products,57.34086242299795,False,False
BALKRISHNA.NS,2026-09-16,16.530000686645508,16.793333530426025,17.21305561065674,17.41820011138916,17.351533400217694,17.636350045204164,16.685104096173447,12.0,25.969999313354492,False,False,False,False,False,True,False,False,False,-23.895022057012337,noise,49.171549416010244,False,True,False,False,,"Paper, Forest & Jute Products",Paper & Paper Products,36.39630390143737,False,False
BLIL.NS,2026-09-17,,,,,,,,,,False,False,False,False,False,False,False,False,False,,noise,,False,False,False,False,,Finance,Holding Company,,False,False
BALMLAWRIE.NS,2026-09-18,167.41000366210938,169.6707000732422,170.27282248602972,171.14861267089844,172.05071665445965,171.28751251220703,168.03071109146157,144.737930327438,213.12082961740268,False,True,False,False,False,False,True,False,False,-20.098715542905985,green,109.24164869960313,False,False,False,False,,Diversified,Diversified,41.2217659137577,False,False
BALRAMCHIN.NS,2026-09-17,675.7000122070312,692.5916646321615,666.4166615804037,648.4029956054687,558.6553330485026,527.409249420166,686.6171794353752,393.54998779296875,780.9500122070312,True,True,True,True,True,True,True,False,False,31.98002965973563,dry,19.817647476183943,False,False,False,False,,Agricultural Food & other Products,Sugar,84.13757700205339,True,True
BALUFORGE.NS,2026-09-17,501.45001220703125,537.3517735799154,527.7546395195855,504.6530487060547,482.27107482910156,493.3281831359863,526.6957953118804,340.948005664704,691.6376127975624,True,False,False,True,False,True,False,False,False,-25.94645723628439,noise,51.26133175360973,False,False,False,False,,Industrial Products,Castings & Forgings,32.95687885010267,False,False
BANARBEADS.NS,2026-09-16,109.6500015258789,112.07416598002116,113.4227778116862,114.32159973144532,111.67846649169923,114.43119979858399,111.07642072915033,96.05000305175781,164.6999969482422,False,False,False,False,False,False,False,False,False,4.150838523225153,dry,11.08725786239331,False,False,False,False,,Consumer Durables,"Gems, Jewellery And Watches",67.71047227926078,False,False
BANCOINDIA.NS,2026-09-16,593.1500244140625,611.6005299886068,622.4214952256945,627.5536352539062,615.8974332682292,622.8345712280274,608.3875404811997,495.5999980879241,848.8263047717415,False,False,False,True,False,False,False,False,False,-11.851158595477362,green,113.75596664635623,False,False,False,False,,Auto Components,Auto Components & Equipments,51.28336755646817,False,False
BANDHANBNK.NS,2026-09-18,175.0,170.4724998474121,171.20816930135092,177.05368377685548,182.32592834472655,173.5516522216797,172.4441279824084,133.09632102479327,218.86288600994448,False,True,True,False,False,True,True,True,False,7.448808448852118,ppv,152.31652614012455,False,False,False,False,,Banks,Private Sector Bank,70.7905544147844,True,False
BANG.NS,2026-09-16,32.45000076293945,34.16416676839193,31.90416669845581,31.002000007629395,34.52046661376953,37.75074993133545,33.77959674380363,25.84000015258789,62.06999969482422,False,False,False,False,True,False,False,False,False,-37.475915589792606,dry,15.808848356317862,False,True,False,False,,Textiles & Apparels,Garments & Apparels,19.609856262833674,False,False
BANKBARODA.NS,2026-09-18,234.94000244140625,237.07000096638998,242.2533336215549,243.54040008544922,260.57263966878253,266.84438697814943,236.51468233000108,231.9199981689453,315.30188105660324,False,False,False,False,False,False,False,False,False,-1.3628456290021074,noise,83.07935528458987,False,False,False,False,,Banks,Public Sector Bank,63.14168377823408,False,False
BANKINDIA.NS,2026-09-18,140.0,140.71083323160806,142.0880559285482,142.1252001953125,143.83677032470703,144.5473250579834,139.921273735078,112.33061399933865,172.71800537071604,False,False,False,False,False,False,True,True,False,21.47990343879309,noise,62.7942907459619,False,True,False,False,,Banks,Public Sector Bank,80.1334702258727,True,False
MAHABANK.NS,2026-09-18,83.54000091552734,83.62333234151204,81.76472155253093,81.33639938354492,77.76273208618164,73.45991979598999,82.61847044117997,52.24685139086835,94.5,True,True,True,True,True,True,True,True,False,50.372606249721485,green,126.63051013440503,False,False,False,False,,Banks,Public Sector Bank,89.83572895277207,True,True
BANKA.NS,2026-09-16,77.83000183105469,78.57083257039388,81.82388899061415,84.30940002441406,76.65386662801107,73.79474994659424,78.79775306130533,41.0,97.87999725341797,True,True,False,True,False,True,True,False,False,-12.304223288952464,dry,8.051393314801004,False,False,False,False,,Construction,Civil Construction,50.71868583162218,False,False
BASML.NS,2026-09-16,23.420000076293945,24.757500012715656,25.554120275709366,25.789162216186522,24.16041898091634,24.549732847213747,24.42767175803364,16.89136536629068,31.603201317390436,False,False,False,True,False,True,False,False,False,-15.961792629842043,noise,89.76508400577791,False,False,False,False,,Textiles & Apparels,Other Textile Products,46.149897330595486,False,False
BANARISUG.NS,2026-09-16,3267.199951171875,3674.7939249674478,3634.0511813693574,3588.230927734375,3584.556219075521,3586.0631469726563,3573.0390831135337,3093.820921702241,4322.103405959318,False,False,False,True,False,False,True,False,False,-12.205388381625626,noise,98.95814113681931,False,False,False,False,,Agricultural Food & other Products,Sugar,50.975359342915816,False,False
BANSALWIRE.NS,2026-09-17,313.25,312.0500005086263,317.85972171359595,318.17900024414064,300.65746622721355,299.9963497924805,310.9721231479759,222.5,370.0,True,True,False,True,False,True,True,True,False,-11.14735190858871,noise,34.391078442765675,False,False,False,False,,Industrial Products,Iron & Steel Products,52.1047227926078,False,False
BANSWRAS.NS,2026-09-17,110.31999969482422,113.83083216349284,118.24777687920465,120.59231643676758,119.01809926350911,117.08341640472412,112.55230019428268,93.01181916052685,142.89663102886368,False,True,False,True,False,False,True,False,False,-10.969948501845849,noise,90.47593412730991,False,False,False,False,,Textiles & Apparels,Other Textile Products,52.412731006160165,False,False
BVCL.NS,2026-09-16,40.709999084472656,42.59166622161865,42.07527764638265,41.94559989929199,41.81093332926432,42.30380002975464,42.12142260711611,31.200000762939453,62.0,False,False,False,False,False,True,False,False,False,-31.88890953206487,noise,30.601937398510554,False,False,False,False,,Cement & Cement Products,Cement & Cement Products,25.102669404517453,False,False
BASF.NS,2026-09-16,3558.39990234375,3725.0833129882812,3855.447224934896,3798.35685546875,3613.9972916666666,3658.1534533691406,3682.762122630852,3101.333455736671,4797.620574444326,False,False,False,True,False,False,False,False,False,-23.323168470217038,noise,34.06799337758674,False,False,False,False,,Chemicals & Petrochemicals,Specialty Chemicals,37.32032854209446,False,False
BASILIC.NS,2026-09-16,179.0,190.24166615804037,192.41527684529623,194.06699951171876,210.89666676839192,234.39975021362304,187.9416272735986,164.0,472.0,False,False,False,False,False,False,False,False,False,-60.217803057278644,red,602.9379522034642,False,False,False,False,,Entertainment,Media & Entertainment,3.9527720739219716,False,False
BATAINDIA.NS,2026-09-18,638.2999877929688,653.4000091552734,681.3267178005642,675.3965588378907,676.9543359375,726.1646520996094,648.367841856163,577.3964738257137,1211.1010327277374,False,False,False,False,False,False,False,False,False,-46.3144087802441,ppv,259.4683830122169,False,False,False,False,,Consumer Durables,Footwear,10.523613963039015,False,False
BATLIBOI.NS,2026-09-16,,,,,,,,,,False,False,False,False,False,False,False,False,False,,noise,46.91989595723974,False,False,False,False,,Industrial Manufacturing,Industrial Products,,False,False
BAWEJA.NS,2026-09-16,23.0,24.65416669845581,24.84583330154419,25.904000053405763,28.77966667175293,30.95799997329712,24.051119885925914,21.100000381469727,53.54999923706055,False,False,False,False,False,False,False,False,False,-55.16569134101632,noise,43.586550435865504,False,False,False,False,,Entertainment,"Film Production, Distribution & Exhibition",5.800821355236139,False,False
BAYERCROP.NS,2026-09-18,3779.5,3953.2833455403647,4061.7380574544272,4087.543974609375,4329.050076497396,4347.26086303711,3936.1755398191444,3761.10009765625,5305.222747660049,False,False,False,False,False,False,False,False,False,-24.727145705632438,red,331.19108858489943,False,False,False,True,,Fertilizers & Agrochemicals,Pesticides & Agrochemicals,34.856262833675565,False,False
BCLIND.NS,2026-09-16,32.97999954223633,35.40916665395101,36.23888895246718,36.01720016479492,33.61120011647542,32.862750120162964,34.81836832602801,25.530000686645508,44.900001525878906,False,True,False,True,False,False,False,False,False,-18.030261313054197,noise,33.10780393096464,False,True,False,False,,Beverages,Breweries & Distilleries,43.83983572895277,False,False
BCPL.NS,2026-09-17,,,,,,,,,,False,False,False,False,False,False,False,False,False,,noise,34.37306414097534,False,True,False,False,,Construction,Civil Construction,,False,False
BEACON.NS,2026-09-17,78.0,83.09166653951009,85.31249978807237,87.70499984741211,88.05466679890951,87.7132500076294,81.56233274272964,50.0,124.80000305175781,False,True,False,False,False,True,False,False,False,37.203169909506116,dry,0.0,False,False,False,False,,Capital Markets,"Depositories, Clearing Houses and Other Intermediaries",86.2936344969199,True,False
BEARDSELL.NS,2026-09-17,24.229999542236328,24.72249984741211,25.71777778201633,26.296000022888183,26.39413335164388,27.078400011062623,24.629949143343275,20.020000457763672,38.599998474121094,False,False,False,False,False,False,False,False,False,-16.9874479721599,noise,88.10167601536921,False,True,False,False,,Industrial Products,Other Industrial Products,44.917864476386036,False,False
BEDMUTHA.NS,2026-09-16,102.27999877929688,107.0483341217041,109.60861206054688,109.23400100708008,113.85686737060547,113.56710052490234,106.00833608759508,94.55000305175781,150.00999450683594,False,True,False,False,False,False,False,False,False,-28.52051058987074,red,425.89762195153327,False,False,False,False,,Industrial Products,Iron & Steel Products,29.414784394250514,False,False
BEEKAY.NS,2026-09-17,,,,,,,,,,False,False,False,False,False,False,False,False,False,,noise,,False,True,False,False,,Industrial Products,Iron & Steel Products,,False,False
BLEL.NS,2026-09-17,,,,,,,,,,False,False,False,False,False,False,False,False,False,,noise,,False,False,False,False,,Industrial Products,Iron & Steel Products,,False,False
BELLACASA.NS,2026-09-17,255.25,248.29749552408853,239.94944296942816,241.5145993041992,254.6566663614909,280.38099967956543,249.86200146160974,214.67999267578125,497.3500061035156,False,False,False,False,True,False,False,True,False,-36.90520140847811,noise,95.96523523553732,False,False,False,False,,Textiles & Apparels,Garments & Apparels,20.123203285420946,False,False
BELRISE.NS,2026-09-18,240.17999267578125,230.53987248738608,236.0743751525879,234.76148620605468,217.97683359781902,206.31490272521972,231.14308157095553,142.2460279440868,267.55305639788776,True,True,True,True,True,True,True,True,False,55.9533389437991,ppv,259.3415654861694,False,False,False,False,,Auto Components,Auto Components & Equipments,90.70841889117042,True,True
BLAL.NS,2026-09-18,162.99000549316406,161.53999964396158,167.23916625976562,170.7933999633789,179.39146657307944,184.6963496398926,162.2171723913533,155.5,227.97000122070312,False,False,False,False,False,False,False,True,False,-27.582529795552436,green,115.79460137766,False,False,False,False,,Finance,Investment Company,30.95482546201232,False,False
BEML.NS,2026-09-18,2135.0,2051.0166829427085,1931.5750054253472,1893.532001953125,1777.4739868164063,1772.6052252197267,2034.4588023289054,1353.2059555406986,2269.4722530370836,True,True,False,True,True,True,True,True,False,-2.7344372163213837,ppv,332.551673830567,True,False,False,False,,"Agricultural, Commercial & Construction Vehicles",Construction Vehicles,61.960985626283374,False,False
BENARAS.NS,2026-09-17,,,,,,,,,,False,False,False,False,False,False,False,False,False,,noise,,False,True,False,False,,Leisure Services,Hotels & Resorts,,False,False
BENGALASM.NS,2026-09-17,,,,,,,,,,False,False,False,False,False,False,False,False,False,,noise,,False,False,False,False,,Finance,Non Banking Financial Company (NBFC),,False,False
BERGEPAINT.NS,2026-09-18,458.6499938964844,466.15416208902997,505.136228773329,502.56166381835936,483.636874593099,490.35258514404296,462.40026942133045,388.1693207725482,590.094751424942,False,False,False,True,False,False,True,False,False,-13.680243681887482,ppv,326.8180751814941,True,False,False,False,,Consumer Durables,Paints,48.6652977412731,False,False
BESTAGRO.NS,2026-09-18,18.510000228881836,19.1833332379659,18.87583329942491,17.936599960327147,16.953933353424073,18.84478332042694,18.78716998594454,12.300000190734863,34.400001525878906,False,False,False,False,True,True,False,False,False,-23.381653054104422,dry,10.981710584968885,False,True,False,False,,Fertilizers & Agrochemicals,Pesticides & Agrochemicals,37.217659137577,False,False
BETA.NS,2026-09-16,2064.89990234375,2152.2333170572915,2292.2221950954863,2291.677978515625,1707.5453263346353,1673.5219952392579,2135.6609544494468,990.0999755859375,2807.89990234375,True,True,True,True,False,True,False,False,False,12.43669492751156,noise,30.480215977091014,False,False,False,False,,Pharmaceuticals & Biotechnology,Pharmaceuticals,75.2053388090349,True,False
BEWLTD.NS,2026-09-16,48.099998474121094,48.97499974568685,51.951388888888886,54.166000061035156,71.56066688537598,81.80350019454956,48.98948089297312,47.900001525878906,158.85000610351562,False,False,False,False,False,False,False,False,False,-68.38646046424029,noise,61.274509803921575,False,False,False,True,,Industrial Manufacturing,Industrial Products,1.5913757700205338,False,False
BFINVEST.NS,2026-09-16,432.04998779296875,450.7250010172526,456.19722239176434,460.4460003662109,420.9019905598958,414.6074382019043,445.6542343931803,308.1633365653596,584.7000122070312,True,True,False,True,False,True,False,False,False,-5.16746826850386,dry,7.672309856586742,False,False,False,False,,Finance,Holding Company,59.13757700205339,False,False
BFUTILITIE.NS,2026-09-17,521.0499877929688,531.3958358764648,537.3138902452257,555.4319995117188,540.2200006103516,555.3230003356933,529.3674288790647,368.70001220703125,898.7000122070312,False,False,False,True,False,True,False,False,False,-33.279982118133645,dry,14.019375794533925,False,True,False,False,,Transport Infrastructure,"Road AssetsToll, Annuity, Hybrid-Annuity",23.767967145790557,False,False
BGRENERGY.NS,2026-09-16,231.86000061035156,240.73333104451498,253.3222223917643,264.1170007324219,294.84779947916667,308.15284988403323,237.9514635115088,218.0,490.79998779296875,False,False,False,False,False,False,False,False,False,-0.6172320713972668,green,100.88307544469978,False,False,False,False,,Construction,Civil Construction,64.01437371663245,False,False
BHAGERIA.NS,2026-09-16,303.70001220703125,299.17333221435547,240.43944464789496,231.93612426757812,189.7004458618164,185.3731854248047,299.11668226848406,126.11259857623196,342.0,True,True,False,True,True,True,True,True,False,50.4262861252607,noise,99.35628065693507,False,False,False,False,,Chemicals & Petrochemicals,Dyes And Pigments,89.93839835728953,True,False
BHAGCHEM.NS,2026-09-16,244.25,261.8624979654948,275.6500006781684,276.2526922607422,248.71813212076822,242.46243797302247,258.90083118027417,170.50301233152598,316.8999938964844,False,True,False,True,False,True,True,False,False,-7.8646829759872805,noise,70.47764751342592,False,False,False,False,,Fertilizers & Agrochemicals,Pesticides & Agrochemicals,56.87885010266941,False,False
BHAGYANGR.NS,2026-09-18,446.70001220703125,404.6374994913737,390.3249986436632,390.4129998779297,298.5947333780924,262.98979999542235,415.1000885068536,90.0,467.8999938964844,True,True,True,True,True,True,True,True,False,383.12785705191317,green,228.55527968647857,False,False,True,False,,Non - Ferrous Metals,Copper,99.74332648870636,True,True
BHANDARI.NS,2026-09-16,2.9800000190734863,2.9883193969726562,2.947037676970164,2.9351288986206057,3.029832460085551,3.2768921673297884,2.9934286288231053,1.99328857562749,5.112785534907034,False,False,False,False,True,True,False,False,False,-40.4375749055862,red,126.2000694499736,False,False,False,False,,Textiles & Apparels,Other Textile Products,16.529774127310063,False,False
BEPL.NS,2026-09-16,124.91999816894531,128.16583315531412,124.14249971177843,120.89096496582032,100.85285547892252,96.75659336090088,126.79842821817071,72.86855369334994,137.34641029083173,True,True,True,True,True,True,True,False,False,22.924242365092383,noise,22.29223190212675,False,False,False,False,,Chemicals & Petrochemicals,Petrochemicals,80.95482546201232,True,True
BBL.NS,2026-09-16,2178.199951171875,2259.933349609375,2338.494425455729,2421.8086279296876,2540.4137288411457,2580.3075170898437,2240.713143484067,2025.253688537204,3367.0326028562217,False,False,False,False,False,False,False,False,False,-28.877609701571416,noise,77.79224737846216,False,False,False,False,,Electrical Equipment,Heavy Electrical Equipment,29.0041067761807,False,False
BHARATCOAL.NS,2026-09-18,,,,,,,,,,False,False,False,False,False,False,False,False,False,,noise,54.08108061982193,False,False,False,False,,Consumable Fuels,Coal,,False,False
BDL.NS,2026-09-17,1151.9000244140625,1205.5499877929688,1281.33888414171,1277.8880004882812,1296.7333341471353,1330.6298974609374,1190.6886491654607,1086.0,1648.1319119869795,False,False,False,False,False,False,False,False,False,-28.815207549279187,noise,51.546939454129756,False,False,False,False,,Aerospace & Defense,Aerospace & Defense,29.10677618069815,False,False
BEL.NS,2026-09-18,393.29998779296875,400.46666717529297,403.89305199517145,403.6957403564453,419.7940858968099,417.3643560791016,397.54585714626967,378.3236519637461,472.8081629796919,False,True,False,False,False,False,True,False,False,-3.5104843450018075,red,110.71533063592275,False,False,False,False,,Aerospace & Defense,Aerospace & Defense,61.139630390143736,False,False
BHARATFORG.NS,2026-09-18,1962.0999755859375,1956.3416646321614,2056.2972174750435,2084.8659985351565,1954.3613500976562,1829.6352502441407,1950.0255083135844,1174.091384580817,2295.0,True,True,True,True,False,True,True,True,False,55.97713199090426,green,156.00802272728288,False,False,False,False,,Auto Components,Auto Components & Equipments,90.75975359342917,True,False
BHARATGEAR.NS,2026-09-16,99.55000305175781,101.82583363850911,105.76687812805176,109.93589965820313,110.04324478149414,109.44296524047851,101.41488148391628,83.04863752030126,152.81740445892444,False,True,False,False,False,False,False,False,False,3.9431540500548756,noise,79.74762090045614,False,False,False,False,,Auto Components,Auto Components & Equipments,67.5564681724846,False,False
BPLPHARMA.NS,2026-09-17,,,,,,,,,,False,False,False,False,False,False,False,False,False,,noise,,False,True,False,False,,Pharmaceuticals & Biotechnology,Pharmaceuticals,,False,False
BHARATRAS.NS,2026-09-17,1164.0,1164.6302388509114,1260.9273410373264,1275.5227856445313,1373.8828922526043,1566.1838568115234,1168.4285703627806,1100.5243649659687,2986.2093471005855,False,False,False,False,False,False,False,False,False,-54.040330233331105,noise,43.057380059759176,False,True,False,False,,Fertilizers & Agrochemicals,Pesticides & Agrochemicals,6.570841889117044,False,False
BRNL.NS,2026-09-16,16.239999771118164,16.900000254313152,17.268333541022407,17.428800201416017,18.916800079345702,19.624600076675414,16.741411720361064,16.049999237060547,26.5,False,False,False,False,False,False,False,False,False,-21.088436193766235,red,123.54796331522302,False,False,False,True,,Construction,Civil Construction,39.98973305954826,False,False
BHARATSE.NS,2026-09-17,209.22000122070312,215.91666666666666,224.81611167060004,225.10043212890625,197.50080413818358,189.085597076416,214.4732717850445,132.74393148352638,261.4935961713362,True,True,True,True,False,True,True,False,False,39.449856471252296,noise,37.81392137378169,False,False,False,False,,Auto Components,Auto Components & Equipments,86.90965092402465,True,False
BHARATWIRE.NS,2026-09-16,167.69000244140625,174.46999867757162,186.52999877929688,191.32339965820313,196.31880004882814,191.12039993286132,173.5128207617716,148.00999450683594,262.0,False,True,False,False,False,False,False,False,False,-2.244369240649724,noise,81.51891632882997,False,False,False,False,,Industrial Products,Iron & Steel Products,62.474332648870636,False,False
BHARTIARTL.NS,2026-09-18,1893.300048828125,1843.1333312988281,1901.6777750651042,1904.2537890625,1859.6101236979166,1901.0442224121093,1850.5792593302958,1718.8676127570984,2147.4734560986562,False,False,False,True,False,False,True,True,False,-1.2349834632950585,green,231.65146721612874,False,False,False,False,,Telecom - Services,Telecom - Cellular & Fixed line services,63.398357289527716,False,False
BHARTIHEXA.NS,2026-09-18,1540.0999755859375,1525.75,1558.2527804904514,1570.5957006835938,1535.917813313802,1573.4655194091797,1527.3944289561746,1414.4376742506906,1934.317756973946,False,False,False,False,False,False,True,True,False,-9.80450456349995,ppv,219.61467811012884,False,False,False,False,,Telecom - Services,Telecom - Cellular & Fixed line services,53.90143737166324,False,False
BIL.NS,2026-09-16,1036.25,970.7708282470703,869.1263868543837,830.4299987792969,778.505,772.7405001831055,998.3683477706395,602.0,1150.0,True,True,False,True,True,True,True,True,False,19.583407142990474,noise,78.10478288943101,False,False,False,False,,Consumer Durables,Leather And Leather Products,79.05544147843942,True,False
BTTL.NS,2026-09-17,,,,,,,,,,False,False,False,False,False,False,False,False,False,,red,123.35542350078966,False,False,False,False,,Textiles & Apparels,Trading - Textile Products,,False,False
BIGBLOC.NS,2026-09-16,39.5099983215332,40.92833296457926,43.588888804117836,44.585400085449216,48.795533396402995,53.04979995727539,40.70710042756219,38.0,80.0,False,False,False,False,False,False,False,False,False,-30.974847723674102,green,102.91840208874451,False,False,False,False,,Cement & Cement Products,Cement & Cement Products,26.437371663244353,False,False
BIKAJI.NS,2026-09-17,552.6500244140625,566.2541758219401,602.0291714138455,612.093095703125,634.6997766113282,651.8430999755859,560.9348459343709,532.75,799.7353085989655,False,False,False,False,False,False,False,False,False,-30.557904688294602,noise,39.223368970717054,False,False,False,False,,Food Products,Packaged Foods,26.95071868583162,False,False
BILVYAPAR.NS,2026-09-16,4.159999847412109,4.033333381017049,4.069999992847443,4.092999982833862,4.967399997711182,5.534549994468689,4.067735766463426,3.799999952316284,14.699999809265137,False,False,False,False,True,False,False,True,False,-67.06255099193832,noise,93.06052811849706,False,False,False,False,,Finance,Holding Company,2.0533880903490758,False,False
BI.NS,2026-09-17,,,,,,,,,,False,False,False,False,False,False,False,False,False,,noise,,False,False,True,False,,Healthcare Services,"Healthcare Research, Analytics & Technology",,False,False
GROWW.NS,2026-09-18,,,,,,,,,,False,False,False,False,False,False,False,False,False,,green,181.3168102841828,False,False,False,False,,Capital Markets,Stockbroking & Allied,,False,False
BIMETAL.NS,2026-09-16,,,,,,,,,,False,False,False,False,False,False,False,False,False,,noise,93.55723098012338,False,False,False,False,,Auto Components,Auto Components & Equipments,,False,False
BIOCON.NS,2026-09-18,385.0,389.37082926432294,408.6041658189562,415.5850006103516,400.0203629557292,395.0828303527832,387.7127739124294,336.647387893357,447.1499938964844,False,True,False,True,False,False,True,False,False,4.630949253034178,ppv,171.90923093845592,False,False,False,False,,Pharmaceuticals & Biotechnology,Pharmaceuticals,68.22381930184805,False,False
BIOFILCHEM.NS,2026-09-18,32.83000183105469,33.03000020980835,32.463333447774254,32.670199966430665,32.97653331756592,33.22434999465943,33.26538139998844,25.600000381469727,46.34000015258789,False,False,False,False,True,False,False,False,False,-24.459267090081106,noise,33.52290996784566,False,False,False,False,,Pharmaceuticals & Biotechnology,Pharmaceuticals,35.266940451745384,False,False
BIRLACABLE.NS,2026-09-16,382.54998779296875,357.8341649373372,291.4527774386936,262.53371154785157,195.22132197062174,179.9933162689209,361.3458673932148,103.34114160024168,411.95001220703125,True,True,True,True,True,True,True,True,False,133.7942331032611,green,327.12904611699656,True,False,False,False,,Telecom -  Equipment & Accessories,Telecom -  Equipment & Accessories,97.84394250513347,True,True
BIRLACORPN.NS,2026-09-18,823.5999755859375,838.625010172526,875.20972527398,898.2668701171875,925.6385847981771,957.8790365600586,829.9651806379229,759.7237180556469,1328.8254130627743,False,False,False,False,False,False,False,False,False,-35.4151897139573,ppv,142.04226883159978,False,False,False,False,,Cement & Cement Products,Cement & Cement Products,21.509240246406574,False,False
BIRLAPREC.NS,2026-09-17,,,,,,,,,,False,False,False,False,False,False,False,False,False,,noise,,False,False,False,False,,Industrial Manufacturing,Industrial Products,,False,False
BIRLANU.NS,2026-09-16,1387.0999755859375,1427.2916666666667,1474.4862704806858,1425.2873022460938,1410.110731608073,1462.2302349853517,1426.2627956142333,1177.1622610624586,1990.5230380465885,False,False,False,False,False,False,False,False,False,-28.16959680715638,noise,45.23119065662918,False,False,False,False,,Other Construction Materials,Other Construction Materials,30.030800821355236,False,False
BSOFT.NS,2026-09-18,280.3999938964844,283.7916666666667,299.72777472601996,297.1499969482422,326.19807474772136,350.65871658325193,283.5755928984945,266.2676853930341,467.1017114386881,False,False,False,False,False,False,False,False,False,-24.84271659621806,noise,70.99827981245986,False,False,False,False,,IT - Software,Computers - Software & Consulting,34.75359342915811,False,False
BBOX.NS,2026-09-17,766.4000244140625,757.375,756.9358401828342,774.6885632324219,744.1777097574869,689.3876777648926,763.3119615921458,443.6987723274004,1101.5073628455477,True,True,True,True,False,True,False,True,True,56.58814935778547,noise,70.36513699304162,False,False,False,False,,IT - Services,IT Enabled Services,90.91375770020534,True,False
BLACKROSE.NS,2026-09-17,,,,,,,,,,False,False,False,False,False,False,False,False,False,,noise,,False,False,False,True,,Chemicals & Petrochemicals,Specialty Chemicals,,False,False
BLACKBUCK.NS,2026-09-18,632.4000244140625,601.8833414713541,588.9125027126736,581.025,570.0873323567708,584.9662490844727,610.6390862140308,496.0,748.0,True,False,False,False,True,False,True,True,False,6.366165570299143,green,271.03740667950615,False,False,False,False,,Transport Services,Transport Related Services,69.81519507186859,False,False
BLBLIMITED.NS,2026-09-18,16.0,16.455833117167156,16.11277773645189,16.04060001373291,16.43446672439575,15.840350036621095,16.221864426127315,12.0,22.469999313354492,False,True,False,False,False,True,False,False,False,2.7617232729858276,noise,99.83484291053682,False,True,False,False,,Finance,Investment Company,66.68377823408625,False,False
BLISSGVS.NS,2026-09-18,681.8499755859375,687.9291636149088,583.0361082288954,555.041997680664,395.90240010579424,339.2161752319336,681.9818769175753,117.5147500933485,728.0,True,True,True,True,True,True,True,False,False,348.0795161120019,noise,48.57371333245262,False,False,False,False,,Pharmaceuticals & Biotechnology,Pharmaceuticals,99.69199178644764,True,True
BLSE.NS,2026-09-16,313.54998779296875,318.3061828613281,314.4876013861762,302.2540075683594,227.00388010660808,217.50196487426757,315.7285721650055,124.10545376214952,330.7814213322901,True,True,True,True,True,True,True,False,False,69.50331255842221,noise,65.3347021694514,False,False,False,False,,IT - Services,IT Enabled Services,93.37782340862422,True,True
BLS.NS,2026-09-16,226.74000549316406,234.5030288696289,247.6033452351888,243.98930297851564,258.8096399943034,269.28793937683105,233.38005339136765,218.42101580074862,368.6380196487317,False,False,False,False,False,False,False,False,False,-37.46738418513613,noise,40.370862791565564,False,False,False,False,,Leisure Services,"Tour, Travel Related Services",19.661190965092405,False,False
BLUECOAST.NS,2026-09-16,21.09000015258789,22.321666717529297,23.650277667575413,24.77919994354248,25.9753999710083,27.696399993896485,22.062506933778604,18.56999969482422,71.47000122070312,False,False,False,False,False,False,False,False,False,-62.43989389231317,noise,39.567383875217175,False,True,False,False,,Leisure Services,Hotels & Resorts,3.1827515400410675,False,False
BLUECHIP.NS,2026-09-16,2.059999942779541,2.106666644414266,1.9399999909930759,1.977599995136261,2.22553333123525,2.4022999954223634,2.0848871955089177,1.649999976158142,4.320000171661377,False,False,False,False,True,False,False,False,False,-52.31481803420137,dry,0.0,False,False,False,False,,Finance,Investment Company,7.289527720739219,False,False
BLUECLOUDS.NS,2026-09-17,,,,,,,,,,False,False,False,False,False,False,False,False,False,,noise,,False,True,False,False,,IT - Software,Software Products,,False,False
BLUEDART.NS,2026-09-16,4850.5,4948.2416585286455,5059.18610297309,5012.899990234375,5110.3433235677085,5206.527492675781,4915.87023702025,4628.5,7036.0,False,False,False,False,False,False,False,False,False,-14.925896693852492,noise,41.0886237922852,False,False,False,False,,Transport Services,Logistics Solution Provider,47.48459958932238,False,False
BLUEJET.NS,2026-09-18,575.25,569.916982014974,583.0617964002821,584.5411584472656,487.00969950358075,487.7699449157715,570.0678456372823,324.3221064393442,702.2939031746411,True,False,False,True,False,True,True,True,False,-15.48857334619177,noise,27.390457472988157,False,False,False,False,,Pharmaceuticals & Biotechnology,Pharmaceuticals,47.17659137577002,False,False
BLUEPEBBLE.NS,2026-09-16,76.5,74.56666660308838,71.48472203148737,71.36599983215332,98.38499972025554,104.76399965286255,76.11430643946332,59.20000076293945,195.0,False,False,False,False,True,False,False,True,False,-57.37260724349655,noise,29.527559055118108,False,True,False,False,,Other Consumer Services,Other Consumer Services,5.082135523613963,False,False
BLUESTARCO.NS,2026-09-16,1504.0,1494.7250061035156,1531.477779812283,1572.8589501953124,1676.2965771484376,1702.4001708984374,1504.1515505750322,1432.300048828125,2022.9788267608074,False,False,False,False,False,False,False,False,False,-21.450234110889287,green,102.99248099263953,False,False,False,False,,Consumer Durables,Household Appliances,39.681724845995895,False,False
BLUESTONE.NS,2026-09-17,831.2000122070312,852.1458384195963,834.1152835422092,792.3650048828125,595.5473362223307,567.4857516479492,850.114884907948,399.79998779296875,926.0,True,True,True,True,True,True,True,False,False,33.56902274013234,dry,12.689869769137504,False,True,False,False,,Consumer Durables,"Gems, Jewellery And Watches",84.85626283367557,True,True
BLUSPRING.NS,2026-09-18,123.33999633789062,130.14416631062826,123.34611087375217,119.98959991455078,88.35393351236979,82.30795009613037,127.27866787039659,43.97999954223633,139.8000030517578,True,True,True,True,True,True,True,False,False,41.60734615229305,noise,27.050302475188747,False,True,False,False,,Commercial Services & Supplies,Diversified Commercial Services,87.782340862423,True,True
BMWVENTLTD.NS,2026-09-17,,,,,,,,,,False,False,False,False,False,False,False,False,False,,red,164.03729103976045,False,False,False,False,,Metals & Minerals Trading,Trading - Metals,,False,False
BNAGROCHEM.NS,2026-09-17,,,,,,,,,,False,False,False,False,False,False,False,False,False,,noise,,False,False,False,False,,Commercial Services & Supplies,Trading & Distributors,,False,False
BODALCHEM.NS,2026-09-18,191.22999572753906,169.51416524251303,109.54055616590712,96.95300048828125,73.34253336588542,67.79985013961792,168.38694140157213,42.810001373291016,191.22999572753906,True,True,True,True,True,True,True,True,False,186.658669392861,noise,78.7229490871271,False,False,True,False,,Chemicals & Petrochemicals,Dyes And Pigments,99.02464065708418,True,True
BTML.NS,2026-09-16,7.570000171661377,8.035000006357828,7.952222228050232,7.474400005340576,6.892200021743775,7.202100009918213,7.899801314151898,5.059999942779541,10.5,True,False,False,True,True,True,False,False,False,-16.075390382649644,dry,10.942972084805689,False,True,False,False,,Entertainment,Digital Entertainment,45.893223819301845,False,False
BOHRAIND.NS,2026-09-16,13.5,12.897500038146973,13.92722225189209,13.792600040435792,16.45226668039958,16.829799995422363,13.235561931402387,11.600000381469727,26.65999984741211,False,False,False,False,False,False,False,True,False,-46.36472006722475,dry,3.4977188314995815,False,True,False,False,,Fertilizers & Agrochemicals,Fertilizers,10.420944558521562,False,False
BOMDYEING.NS,2026-09-16,107.16000366210938,111.9283332824707,114.92567825317383,117.33857345581055,117.66851618448894,119.64537563323975,110.91460908809734,91.69168753139996,190.35992536811756,False,False,False,False,False,False,False,False,False,-41.877766363093826,noise,72.97116919798084,False,False,False,False,,Textiles & Apparels,Other Textile Products,14.835728952772072,False,False
BMETRICS.NS,2026-09-16,34.099998474121094,34.35833326975504,35.71250004238553,35.785,37.69366661071777,38.58299993515015,34.545769300829654,31.049999237060547,56.900001525878906,False,False,False,False,False,False,False,False,False,-32.869269110113095,dry,0.0,False,True,False,False,,Commercial Services & Supplies,Trading & Distributors,24.02464065708419,False,False
BSHSL.NS,2026-09-16,84.77999877929688,89.23333358764648,88.64555507236057,88.26679962158204,90.80099988301595,92.98469984054566,88.22868511436289,59.15999984741211,139.0,False,False,False,False,False,True,False,False,False,-38.05800993365376,red,180.60938269490183,False,True,False,False,,Agricultural Food & other Products,Other Agricultural Products,19.04517453798768,False,False
BONLON.NS,2026-09-17,,,,,,,,,,False,False,False,False,False,False,False,False,False,,red,206.3152941374189,False,False,False,False,,Diversified Metals,Diversified Metals,,False,False
BORANA.NS,2026-09-17,299.5,310.3958333333333,316.738890753852,317.6190008544922,333.94666666666666,328.9407502746582,308.54749869641154,215.35000610351562,420.0,False,True,True,False,False,True,False,False,False,36.63321358107425,noise,85.3647452748651,False,False,False,False,,Textiles & Apparels,Other Textile Products,85.98562628336755,True,False
BOROLTD.NS,2026-09-18,259.2099914550781,254.6491673787435,248.4513897365994,245.6190005493164,239.9713333129883,248.88224975585936,253.925361086785,213.72999572753906,397.95001220703125,True,False,False,False,True,False,False,True,False,-25.3104738301536,noise,23.06813081599527,False,False,False,False,,Consumer Durables,Houseware,33.880903490759756,False,False
BORORENEW.NS,2026-09-18,459.5,489.3041687011719,527.6500023735894,548.582001953125,518.6790016682943,520.1945013427735,481.8480479458835,374.3999938964844,721.0,False,False,False,True,False,False,False,False,False,-18.136467131105107,noise,88.61955739012872,False,True,False,False,,Industrial Products,Glass - Industrial,43.58316221765914,False,False
BOROSCI.NS,2026-09-17,118.29000091552734,126.54583231608073,132.12388928731283,139.4354005432129,131.50766657511394,127.45864994049072,123.61512202463463,96.63999938964844,180.8000030517578,False,True,False,True,False,False,False,False,False,-15.813817137561392,noise,42.201923577586534,False,True,False,False,,Industrial Products,Glass - Industrial,46.45790554414784,False,False
BOSCHLTD.NS,2026-09-16,47555.0,48109.583333333336,46238.089952256945,44832.478046875,38865.97328125,38255.18416015625,47991.999755190714,28422.960694251175,50000.0,True,True,True,True,True,True,True,False,False,20.01488987173259,noise,94.59591676994324,False,False,False,False,,Auto Components,Auto Components & Equipments,79.36344969199179,True,True
BOSCH-HCIL.NS,2026-09-16,1674.199951171875,1744.9000040690105,1664.9444478352864,1571.702001953125,1422.379335123698,1423.564500732422,1715.6822143698414,1021.2999877929688,1891.300048828125,True,False,False,True,True,True,True,False,False,-3.8037274369997154,noise,41.313445005335794,False,False,False,False,,Consumer Durables,Household Appliances,60.8829568788501,False,False
BPL.NS,2026-09-16,46.72999954223633,48.100833574930824,50.5091667175293,51.977000045776364,52.81226666768392,54.48230001449585,47.629277928506326,37.61000061035156,87.5999984741211,False,False,False,False,False,False,False,False,False,-45.69436619993038,noise,62.26026463249168,False,False,False,False,,Consumer Durables,Consumer Electronics,10.780287474332649,False,False
BRAHMINFRA.NS,2026-09-17,,,,,,,,,,False,False,False,False,False,False,False,False,False,,noise,,False,False,False,False,,Construction,Civil Construction,,False,False
FIRSTCRY.NS,2026-09-18,172.14999389648438,173.05083465576172,191.89277776082358,197.4713998413086,216.8989995320638,232.8832494354248,172.78441853228082,163.3699951171875,395.3500061035156,False,False,False,False,False,False,False,False,False,-55.853317474680075,ppv,266.049528785726,False,False,False,False,,Retailing,E-Retail/ E-Commerce,5.3901437371663246,False,False
BCONCEPTS.NS,2026-09-16,150.67999267578125,161.92499923706055,167.76416736178928,176.38780059814454,209.14673299153645,234.6480500793457,158.80968709294936,148.0,449.0,False,False,False,False,False,False,False,False,False,-42.76163621052944,noise,63.97620156983621,False,False,False,True,,Retailing,Speciality Retail,13.911704312114988,False,False
BRIGADE.NS,2026-09-18,621.7000122070312,655.5500030517578,624.5650058322483,604.7544177246094,552.3099668375651,570.7319502258301,640.0045389187608,449.19622544946475,799.2478861619728,True,False,False,True,True,True,True,False,False,-12.423593682695511,red,106.05037882295807,False,True,False,False,,Realty,"Residential, Commercial Projects",50.616016427104725,False,False
BRIGHOTEL.NS,2026-09-17,56.52000045776367,57.113332748413086,59.03833325703939,59.78639999389648,61.464266840616865,62.921650161743166,56.84674160325382,54.36000061035156,88.2699966430664,False,False,False,False,False,False,False,False,False,-33.419718619227865,noise,99.19679284348763,False,False,False,False,,Leisure Services,Hotels & Resorts,23.613963039014372,False,False
BRIGHTBR.NS,2026-09-16,,,,,,,,,,False,False,False,False,False,False,False,False,False,,noise,,False,False,False,False,,Industrial Products,Plastic Products - Industrial,,False,False
BCG.NS,2026-09-18,10.260000228881836,9.852499882380167,9.51083328988817,9.518199977874756,9.780599988301596,9.978549981117249,9.882093807419167,7.699999809265137,15.489999771118164,True,False,False,False,True,True,False,True,False,-32.76539924643481,green,140.51037603290519,False,False,False,False,,IT - Services,IT Enabled Services,24.229979466119097,False,False
BRITANNIA.NS,2026-09-18,4998.0,5024.0,5296.958333333333,5304.591962890625,5406.562587890625,5518.440437011719,5025.8385935218175,4933.0,6168.271363350723,False,False,False,False,False,False,True,False,False,-16.7078357537328,green,121.52859524386088,False,False,False,False,,Food Products,Packaged Foods,45.12320328542094,False,False
BIRET.NS,2026-09-16,340.2799987792969,339.7333348592122,340.4512651231554,338.8068780517578,327.8036104329427,327.03410675048826,338.94545854123567,297.3551493236578,363.3815591077404,True,True,True,True,True,False,True,True,False,9.932129797326006,ppv,171.88868419153428,False,False,False,False,,Realty,Real Estate Investment Trusts (REITs),73.1006160164271,True,False
BROOKS.NS,2026-09-18,61.529998779296875,64.18166669209798,62.68583318922255,63.84279998779297,63.13486696879069,67.08240009307862,63.472090853548266,36.29999923706055,160.0,False,False,False,False,False,True,False,False,False,-60.69124176890046,green,146.5167014855187,False,True,False,False,,Pharmaceuticals & Biotechnology,Pharmaceuticals,3.696098562628337,False,False
BSE.NS,2026-09-18,3266.39990234375,3332.9416707356772,3384.152791341146,3451.73400390625,3479.570478515625,3299.4775549316405,3304.095775428147,2016.1882450384737,4435.115403617064,False,True,True,False,False,True,False,False,False,48.9790021287051,noise,56.10593120763362,False,True,False,False,,Capital Markets,Exchange and Data Platform,89.21971252566735,True,False
BSL.NS,2026-09-16,117.97000122070312,122.01749992370605,122.98805554707845,123.94099975585938,125.1807330830892,131.50145000457763,121.14663682231448,98.0,205.0,False,False,False,False,False,False,False,False,False,-28.955134566343933,noise,42.06704374094119,False,True,False,False,,Textiles & Apparels,Other Textile Products,28.901437371663246,False,False
BURNPUR.NS,2026-09-16,16.670000076293945,18.614166498184204,21.701666620042587,24.865199966430666,30.288399988810223,30.966299991607666,17.655353942742714,11.130000114440918,33.0,False,False,False,False,False,True,False,False,False,-49.48484825365471,green,124.37280714549017,False,False,False,False,,Cement & Cement Products,Cement & Cement Products,8.675564681724845,False,False
BUTTERFLY.NS,2026-09-17,578.8499755859375,601.437489827474,643.6777767605251,676.0430029296875,650.1530000813802,647.0629986572266,595.4701724116944,565.7999877929688,823.8499755859375,False,True,False,True,False,False,False,False,False,-17.33076756719816,noise,29.899836476562157,False,False,False,False,,Consumer Durables,Household Appliances,44.609856262833674,False,False
CCCL.NS,2026-09-16,13.609999656677246,14.147499958674112,14.980833344989353,15.354799919128418,15.695266628265381,16.231599974632264,14.10731354415907,12.760000228881836,28.8700008392334,False,False,False,False,False,False,False,False,False,-26.70974754797336,noise,75.76457297709489,False,False,False,False,,Realty,"Residential, Commercial Projects",32.08418891170432,False,False
CDSL.NS,2026-09-18,1390.0,1366.375,1362.4833340115017,1364.925244140625,1290.9759220377605,1321.8775561523437,1358.6759323012686,1106.2094182590258,1658.570789743815,True,False,False,True,True,False,True,True,False,-11.686756519054986,green,127.66971558980111,False,False,False,False,,Capital Markets,"Depositories, Clearing Houses and Other Intermediaries",51.48870636550308,False,False
CHENNPETRO.NS,2026-09-18,1416.5999755859375,1492.941670735677,1394.3626946343315,1328.421162109375,1108.2112609863282,1037.2087145996093,1469.345088127118,681.4494121069772,1677.5,True,True,True,True,True,True,True,False,False,100.05195757579469,noise,45.317358170622754,False,False,False,False,,Petroleum Products,Refineries & Marketing,96.35523613963038,True,True
CPS.NS,2026-09-16,1152.0,1176.5791625976562,1105.3430514865452,1082.2519958496093,1051.575996907552,1059.0799975585937,1178.9415654578947,695.0,1349.25,True,False,True,True,True,True,True,False,False,64.8068669527897,noise,23.557126030624264,False,False,False,False,,Textiles & Apparels,Garments & Apparels,92.29979466119097,True,False
MAPMYINDIA.NS,2026-09-16,883.0999755859375,948.7833251953125,1006.6658647325304,1038.3341979980469,969.9298278808594,1112.487780456543,932.0018106922402,792.673490779813,1992.1530909053106,False,False,False,False,False,False,False,False,False,-46.26634408248342,dry,16.850483301164388,False,False,False,False,,IT - Software,Software Products,10.574948665297741,False,False
CADSYS.NS,2026-09-16,46.04999923706055,46.00833384195963,50.672222243414986,54.41000030517578,57.51499938964844,54.405499649047854,46.10363121369206,35.599998474121094,74.4000015258789,False,True,False,False,False,False,False,False,False,-33.501806155869254,green,483.8709677419355,False,False,False,False,,Commercial Services & Supplies,Business Process Outsourcing (BPO)/ Knowledge Process Outsourcing (KPO),23.408624229979466,False,False
CMLL.NS,2026-09-18,,,,,,,,,,False,False,False,False,False,False,False,False,False,,noise,,False,True,False,False,,Consumable Fuels,Coal,,False,False
CALSOFT.NS,2026-09-16,35.970001220703125,38.51250076293945,29.644166893429226,27.511800155639648,20.605200112660725,19.267100105285646,37.06893679157996,10.899999618530273,43.130001068115234,True,True,True,True,True,True,True,False,False,137.73959648798248,noise,27.58565268838829,False,False,False,False,,IT - Software,Computers - Software & Consulting,98.15195071868584,True,True
CTE.NS,2026-09-16,40.45000076293945,42.19583288828532,41.17944426006741,38.26479984283447,32.86233327229818,34.325699977874756,41.839943035519276,20.510000228881836,59.93000030517578,True,False,False,True,True,True,False,False,False,-0.49200677843056484,noise,22.778157098033937,False,False,False,False,,IT - Software,Computers - Software & Consulting,64.3223819301848,False,False
CAMLINFINE.NS,2026-09-18,97.27999877929688,101.35083325703938,109.34444427490234,113.64619964599609,122.47986673990886,130.11014999389647,100.55542344063012,95.6500015258789,235.0,False,False,False,False,False,False,False,False,False,-57.891092987529106,red,131.9619068780578,False,False,False,False,,Chemicals & Petrochemicals,Specialty Chemicals,4.774127310061601,False,False
CAMPUS.NS,2026-09-17,211.97999572753906,216.4391657511393,220.63916651407877,221.24521362304688,234.2584716796875,240.67497428894043,215.12778094302757,207.9199981689453,287.0823175835567,False,False,False,False,False,False,False,False,False,-24.528673660659372,dry,16.001032324666106,False,True,False,False,,Consumer Durables,Footwear,35.1129363449692,False,False
CAMS.NS,2026-09-16,705.7000122070312,727.3416646321615,758.3750440809462,761.2899291992187,741.3282784016927,737.9281164550781,722.0052433044847,606.3175046422562,837.8765073351432,False,True,False,True,False,False,True,False,False,-7.739994776646586,noise,68.83100288694354,False,False,False,False,,Capital Markets,"Depositories, Clearing Houses and Other Intermediaries",57.23819301848049,False,False
CANFINHOME.NS,2026-09-16,771.9500122070312,792.0833384195963,808.8000013563368,826.6290014648438,842.5256140136719,858.7113073730469,788.8759432135375,726.0614279588375,962.6932158005569,False,False,False,False,False,False,True,False,False,4.341631849352923,red,120.64098223884847,False,False,False,False,,Finance,Housing Finance Company,67.91581108829568,False,False
CANBK.NS,2026-09-18,123.77999877929688,124.15916697184245,127.40527894761827,127.0642010498047,130.6061153157552,134.29078674316406,124.15472902641608,111.03713127967137,157.68821233301085,False,False,False,False,False,False,True,False,False,10.79041589123262,noise,69.8436063940344,False,True,False,False,,Banks,Public Sector Bank,73.61396303901438,True,False
CANHLIFE.NS,2026-09-18,,,,,,,,,,False,False,False,False,False,False,False,False,False,,noise,35.5047964048455,False,False,False,False,,Insurance,Life Insurance,,False,False
CRAMC.NS,2026-09-17,,,,,,,,,,False,False,False,False,False,False,False,False,False,,dry,19.828697856232893,False,False,False,False,,Capital Markets,Asset Management Company,,False,False
CANARYS.NS,2026-09-16,23.149999618530273,24.449999809265137,23.233333269755047,22.00799991607666,21.402666657765707,23.309249997138977,23.935202799860143,14.600000381469727,35.20000076293945,False,False,False,False,True,True,False,False,False,-23.47107564122224,noise,32.97609233305853,False,True,False,False,,IT - Software,Computers - Software & Consulting,37.11498973305955,False,False
CANTABIL.NS,2026-09-16,238.9499969482422,239.64500172932944,238.6007440355089,241.89401153564452,241.59084940592447,249.41710098266603,239.71776933044362,207.86566631610577,319.66775310854337,False,False,False,False,False,False,False,False,False,-5.683061833867975,red,100.65426242432001,False,False,False,False,,Textiles & Apparels,Garments & Apparels,58.7782340862423,False,False
CAPACITE.NS,2026-09-17,192.72999572753906,198.71833419799805,209.3797221713596,213.22940002441408,227.71620076497396,232.26530059814453,196.14239510304623,180.0,334.0,False,False,False,False,False,False,False,False,False,-39.583073439642924,noise,43.52568961623084,False,False,False,False,,Construction,Civil Construction,17.04312114989733,False,False
CAPILLARY.NS,2026-09-17,,,,,,,,,,False,False,False,False,False,False,False,False,False,,dry,16.048783207987313,False,False,False,True,,IT - Software,Software Products,,False,False
CIFL.NS,2026-09-17,20.030000686645508,20.105000178019207,20.721944491068523,20.88300003051758,24.69113338470459,27.12670002937317,20.11243116463293,18.559999465942383,39.689998626708984,False,False,False,False,False,False,False,False,False,-41.62035686362759,red,329.40977346258126,False,False,False,False,,Finance,Non Banking Financial Company (NBFC),15.195071868583163,False,False
CAPITALSFB.NS,2026-09-16,273.25,277.8666687011719,286.13333384195965,289.2930004882812,271.2860603841146,268.3620238494873,275.9170209156031,203.0873051295081,318.27334486330085,True,True,False,True,False,True,True,False,False,-5.457055019092616,dry,16.5264995472125,False,True,False,False,,Banks,Other Bank,58.983572895277206,False,False
CAPTRUST.NS,2026-09-16,17.600000381469727,19.00250005722046,19.36888901392619,17.77080005645752,14.570600051879882,14.295050015449524,18.680449703855658,10.979999542236328,45.650001525878906,True,True,False,True,False,True,False,False,False,-60.10879236728515,noise,46.27510772465222,False,False,False,False,,Finance,Non Banking Financial Company (NBFC),4.004106776180698,False,False
CAPLIPOINT.NS,2026-09-17,2592.60009765625,2724.0388793945312,2602.140835232205,2598.548818359375,2152.7400048828126,2076.422587890625,2663.1893345879703,1495.027411428422,2872.86772399353,True,True,True,True,False,True,True,False,False,15.766840895419353,noise,41.06026096239827,False,False,False,False,,Pharmaceuticals & Biotechnology,Pharmaceuticals,77.41273100616016,True,False
CGCL.NS,2026-09-18,270.6499938964844,267.7759272257487,245.83274502224393,246.2347738647461,208.23285837809246,200.9323225402832,263.9167640690956,150.98878430750037,287.45001220703125,True,True,True,True,True,True,True,True,False,42.94351829615219,green,118.78192384052753,False,False,False,False,,Finance,Non Banking Financial Company (NBFC),88.09034907597535,True,True
CPL.NS,2026-09-17,,,,,,,,,,False,False,False,False,False,False,False,False,False,,noise,,False,False,False,False,,Industrial Products,Plastic Products - Industrial,,False,False
CARBORUNIV.NS,2026-09-16,1051.5999755859375,1085.8333231608074,1101.6572943793403,1093.7047192382813,998.8339143880208,956.9553067016601,1078.0336955313082,733.4511840295453,1303.7913206843634,True,True,True,True,False,True,True,False,False,6.343943688503728,noise,50.10859091812857,False,False,False,False,,Industrial Products,Abrasives & Bearings,69.76386036960986,False,False
CARERATING.NS,2026-09-16,1652.5,1690.9833272298176,1696.9111022949219,1690.4239916992187,1635.455419921875,1621.3641583251954,1673.9421541693666,1381.0837272376718,1822.6696635954045,True,True,True,True,False,False,True,False,False,3.1031839923069793,noise,53.79886065389089,False,False,False,False,,Capital Markets,Ratings,66.9917864476386,False,False
CPEDU.NS,2026-09-17,173.3000030517578,184.65583292643228,196.7261102464464,195.18179931640626,191.51646677652994,205.24240043640137,181.67175738804247,141.0,335.8089521141641,False,False,False,False,False,False,False,False,False,-34.06088369207389,dry,14.425307456763333,False,True,False,False,,Other Consumer Services,Education,22.68993839835729,False,False
CARRARO.NS,2026-09-18,524.6500244140625,532.0125045776367,526.1648661295573,530.6640502929688,526.6827899169922,526.2962295532227,527.3417061181165,410.819196371416,659.2363858620107,False,True,False,True,False,False,True,False,False,18.798373586768278,ppv,124.75215376556275,False,False,False,False,,Auto Components,Auto Components & Equipments,78.54209445585215,True,False
CARTRADE.NS,2026-09-16,2885.300048828125,3032.616658528646,2929.1305541992188,2891.7839892578127,2277.959326171875,2376.5439916992186,3021.1056814432063,1600.0,3290.5,True,False,False,True,False,True,True,False,False,21.55285453848863,noise,72.90280482982612,False,False,False,False,,Retailing,E-Retail/ E-Commerce,80.18480492813141,True,False
CARYSIL.NS,2026-09-16,1118.4000244140625,1146.4166768391926,1164.6472303602432,1164.6820043945313,1034.4330025227864,994.4470013427734,1145.9694237709955,732.0999755859375,1280.9000244140625,True,True,True,True,False,True,True,False,False,19.955633635376202,noise,64.26274670967716,False,False,False,False,,Consumer Durables,Household Appliances,79.31211498973306,True,False
CASTROLIND.NS,2026-09-18,197.13999938964844,189.4966672261556,187.1352081298828,184.73007690429688,179.2431265258789,178.37733459472656,190.291223919811,164.60383017436243,197.85000610351562,True,True,True,True,True,False,True,True,False,2.995714679186867,ppv,393.5756090861295,True,False,True,False,,Petroleum Products,Lubricants,66.83778234086243,False,False
CCL.NS,2026-09-18,1065.5999755859375,1090.2583312988281,1109.6007012261284,1134.4397143554688,1107.0787414550782,1070.1883261108399,1082.028929795318,811.0436585583728,1238.748718225596,False,True,True,True,False,True,True,False,False,18.281728393322005,noise,59.812845402477485,False,True,False,False,,Agricultural Food & other Products,Tea & Coffee,78.28542094455852,True,False
CEATLTD.NS,2026-09-16,3305.60009765625,3314.9833374023438,3501.41402859158,3513.6106298828126,3465.45001953125,3544.753533935547,3321.3824934256636,3030.269696896854,4393.1588210528225,False,False,False,False,False,False,True,False,False,-3.0923514122559004,noise,43.558343378798256,False,False,False,False,,Auto Components,Tyres & Rubber Products,61.49897330595483,False,False
CEIGALL.NS,2026-09-18,373.75,374.55774943033856,343.8300501505534,343.4579821777344,331.23007934570313,314.2536682128906,375.3380765626407,222.3163870325336,405.164930099543,True,True,True,True,True,True,True,False,False,34.843119180801274,noise,65.9248809828997,False,False,False,False,,Construction,Civil Construction,85.16427104722793,True,True
CEINSYS.NS,2026-09-18,,,,,,,,,,False,False,False,False,False,False,False,False,False,,red,116.13638879384949,False,False,False,False,,IT - Software,Computers - Software & Consulting,,False,False
CELEBRITY.NS,2026-09-16,6.730000019073486,6.734999895095825,6.845555517408583,6.954799966812134,7.4307333183288575,7.6984999966621395,6.747649462909942,5.650000095367432,13.25,False,False,False,False,False,False,False,False,False,-45.85679924503982,noise,52.343960831180844,False,True,False,False,,Textiles & Apparels,Garments & Apparels,10.72895277207392,False,False
CELLPOINT.NS,2026-09-16,14.449999809265137,15.349999904632568,16.305555449591743,16.52299991607666,15.89766663869222,16.07074996471405,15.195111098743151,11.699999809265137,21.100000381469727,False,False,False,True,False,False,False,False,False,-22.520106676528297,noise,85.47008547008546,False,False,False,False,,Retailing,Speciality Retail,38.50102669404517,False,False
CELLECOR.NS,2026-09-16,30.450000762939453,31.641666730244953,31.920833375718857,33.13300010681152,32.92033345540364,31.938000087738036,31.345148929686232,21.799999237060547,43.849998474121094,False,True,False,True,False,True,False,False,False,-8.006035750284147,noise,32.23495702005731,False,False,False,False,,Consumer Durables,Consumer Electronics,56.41683778234087,False,False
CELLO.NS,2026-09-18,322.45001220703125,335.9375,352.8527772691515,353.5007098388672,386.1814874267578,421.6907064819336,333.108060983832,319.45001220703125,670.829945323981,False,False,False,False,False,False,False,False,False,-48.955455768575796,noise,22.739799809698415,False,False,False,True,,Consumer Durables,Houseware,8.880903490759753,False,False
CEMPRO.NS,2026-09-16,1235.0999755859375,1260.6666768391926,1278.191670735677,1353.3300024414064,1010.7592810058594,941.0791207885742,1250.1604597597086,502.01526853255285,1649.199951171875,True,True,True,True,False,True,False,False,False,49.87421037086017,ppv,119.8774759147943,False,True,False,False,,Construction,Civil Construction,89.5277207392197,True,False
CENTRALBK.NS,2026-09-18,31.729999542236328,30.802499612172443,30.947777695126003,31.152800025939943,33.077973213195804,33.9113729763031,30.810195180598377,29.31999969482422,40.260706628503506,False,False,False,False,True,False,True,True,False,-13.483532669582987,ppv,724.0105574426847,True,False,False,False,,Banks,Public Sector Bank,48.870636550308014,False,False
CMPDI.NS,2026-09-17,,,,,,,,,,False,False,False,False,False,False,False,False,False,,noise,71.61144845039834,False,True,False,False,,Construction,Civil Construction,,False,False
CENTRUM.NS,2026-09-16,21.520000457763672,22.338333129882812,23.531111028459335,23.676199989318846,23.984799957275392,24.871800003051757,22.22368352908433,19.65999984741211,38.5,False,False,False,False,False,False,False,False,False,-40.927805990969965,noise,45.43027606504697,False,False,False,False,,Finance,Other Financial Services,16.170431211498972,False,False
CENTUM.NS,2026-09-18,4333.2998046875,4167.999979654948,3762.597222222222,3720.356904296875,3274.261953125,3028.4429370117186,4159.8697531371245,2041.2345828168375,4450.0,True,True,True,True,True,True,True,True,False,61.14949921546147,noise,62.7378268181375,False,True,False,False,,Aerospace & Defense,Aerospace & Defense,91.68377823408625,True,True
CENTENKA.NS,2026-09-16,561.4500122070312,579.2333374023438,579.2510833740234,568.3253308105469,487.56296834309893,474.14148681640626,569.1749364928976,364.44087184079007,659.4200186323656,True,True,True,True,False,True,True,False,False,13.094635152331646,dry,11.94265887631358,False,False,False,False,,Textiles & Apparels,Other Textile Products,75.7700205338809,True,False
CENTEXT.NS,2026-09-16,19.489999771118164,20.468195120493572,21.24634287092421,20.58316680908203,20.23805559794108,20.693941717147826,20.305557001028077,15.670000076293945,34.75,False,False,False,False,False,False,False,False,False,-26.646593921810336,red,157.56463631939926,False,False,False,False,,Industrial Products,"Aluminium, Copper & Zinc Products",32.13552361396304,False,False
CENTURYPLY.NS,2026-09-16,719.9000244140625,734.7268880208334,754.8380211724175,763.929716796875,751.7775703938802,763.2815280151367,728.7816128086085,617.6687891415212,857.8455599050699,False,False,False,True,False,False,True,False,False,-11.025824506328153,green,204.54989852214496,False,False,False,False,,Consumer Durables,Plywood Boards/ Laminates,52.361396303901444,False,False
CERA.NS,2026-09-16,5646.0,5671.791666666667,5855.041666666667,5939.33,5564.92494140625,5457.8933618164065,5652.720939897839,4410.181828561342,6663.070811519553,True,True,False,True,False,False,True,False,False,-9.618823533825738,ppv,103.20265851107493,False,False,False,False,,Consumer Durables,Sanitary Ware,54.41478439425052,False,False
CEREBRAINT.NS,2026-09-16,2.809999942779541,2.759999950726827,2.760277761353387,2.846199984550476,3.704000007311503,4.348000005483628,2.7969807359102443,2.4000000953674316,10.079999923706055,False,False,False,False,False,False,False,True,False,-57.42424267601596,dry,0.0,False,False,False,False,,IT - Hardware,Computers Hardware & Equipments,5.030800821355236,False,False
CESC.NS,2026-09-18,141.52999877929688,145.43999989827475,152.73160976833768,154.14916931152345,159.64106892903646,158.49158897399903,144.75553153324162,133.1865507427978,197.1955548334318,False,True,False,False,False,False,False,False,False,-9.117008406322268,red,242.97269642715818,False,True,False,False,,Power,Integrated Power Utilities,54.82546201232032,False,False
CGPOWER.NS,2026-09-18,892.0,894.3958333333334,884.9458329942491,886.172998046875,838.8766658528646,787.525150756836,887.4460732923283,524.3427016609982,980.9000244140625,True,True,True,True,True,True,True,True,False,13.946691186073279,green,102.22186450476964,False,False,False,False,,Electrical Equipment,Heavy Electrical Equipment,76.48870636550308,True,True
CGVAK.NS,2026-09-17,,,,,,,,,,False,False,False,False,False,False,False,False,False,,noise,,False,True,False,False,,IT - Software,Computers - Software & Consulting,,False,False
CHALET.NS,2026-09-16,844.0999755859375,882.523193359375,860.9041493733724,855.5644616699219,806.188750406901,822.2270156860352,871.8265107005432,690.5603579956495,1067.6950334997905,True,False,False,True,False,False,True,False,False,-20.533402929713407,noise,54.089556651587756,False,False,False,False,,Leisure Services,Hotels & Resorts,40.91375770020534,False,False
CMNL.NS,2026-09-16,114.94999694824219,116.57083193461101,109.12777752346463,106.74999954223632,108.93366643269857,111.54299983978271,115.23012280706581,90.0,183.89999389648438,True,False,False,False,True,False,False,False,False,-20.118136328113813,dry,13.86001386001386,False,False,False,False,,Ferrous Metals,Sponge Iron,41.17043121149898,False,False
CLSEL.NS,2026-09-16,298.25,300.0458297729492,291.94722239176434,288.78100036621095,276.37633433024087,271.5303006744385,297.56357179549093,203.75,324.79998779296875,True,True,False,True,True,True,True,True,False,6.150767983860561,green,134.84381271019888,False,False,False,False,,Agricultural Food & other Products,Other Agricultural Products,69.35318275154005,False,False
CHAMBLFERT.NS,2026-09-18,414.8999938964844,416.62916056315106,428.8427675035265,431.73780700683596,441.9592960611979,441.7915713500977,415.98092431658677,394.4382907843191,544.9579066668093,False,True,False,False,False,False,True,False,False,-22.384978514555698,noise,95.50503968325295,False,False,False,False,,Fertilizers & Agrochemicals,Fertilizers,38.65503080082136,False,False
CHAVDA.NS,2026-09-16,123.44999694824219,125.08333396911621,130.97638999091254,124.7960009765625,106.21266698201498,108.30375019073486,125.48256971584154,80.5999984741211,148.0,True,False,True,True,False,True,True,False,False,8.289471007229988,dry,19.069412662090006,False,False,False,False,,Construction,Civil Construction,71.5605749486653,True,False
CHEMBONDCH.NS,2026-09-17,274.0,261.8958346048991,257.3622233072917,254.69652587890624,196.7930820719401,184.99155838012695,264.39714655440565,104.32122655798874,290.0,True,True,True,True,True,True,True,True,False,45.6929583448207,noise,81.62832608926111,False,False,False,False,,Chemicals & Petrochemicals,Specialty Chemicals,88.44969199178645,True,True
CHEMBOND.NS,2026-09-16,190.05999755859375,190.50416692097983,179.5047230190701,179.58660064697267,163.74346028645834,161.54323829650878,195.89109227717805,104.02647994423943,236.8000030517578,True,True,False,True,True,True,True,False,False,4.739234390616898,red,131.89824865658605,False,False,False,False,,Chemicals & Petrochemicals,Specialty Chemicals,68.32648870636551,False,False
CHEMCON.NS,2026-09-16,212.10000610351562,208.47833379109701,196.47277662489148,192.10339904785155,175.33227020263672,178.37284454345703,210.63154767858316,120.99596136492002,285.55046959192583,True,False,False,True,True,True,False,True,False,-8.628124202560983,red,147.3749797855845,False,False,False,False,,Chemicals & Petrochemicals,Specialty Chemicals,55.59548254620124,False,False
CHEMCRUX.NS,2026-09-17,,,,,,,,,,False,False,False,False,False,False,False,False,False,,noise,,False,False,False,False,,Chemicals & Petrochemicals,Specialty Chemicals,,False,False
CHEMFAB.NS,2026-09-16,358.0,364.35915120442706,368.02694532606336,368.0630010986328,379.605078125,393.22087600708005,367.09529265110496,289.34960628553364,700.5778674882454,False,False,False,False,False,False,False,False,False,-45.011825490485045,noise,73.11763630622995,False,False,False,False,,Chemicals & Petrochemicals,Commodity Chemicals,11.601642710472278,False,False
CHEMPLASTS.NS,2026-09-18,171.47999572753906,172.65749867757162,179.5297220018175,185.3515997314453,219.2653328450521,230.34524955749512,171.80190774169986,161.0,441.0,False,False,False,False,False,False,False,False,False,-60.66972575056444,noise,58.138781873620374,False,False,False,False,,Chemicals & Petrochemicals,Specialty Chemicals,3.798767967145791,False,False
CHEVIOT.NS,2026-09-16,1175.0999755859375,1173.3083394368489,1160.2920667860244,1145.7088134765625,1092.793816731771,1075.2575622558593,1179.7799155724063,878.760956532361,1341.137994623551,True,True,True,True,True,True,True,False,False,0.8250937770812872,noise,26.57987765242246,False,False,False,False,,"Paper, Forest & Jute Products",Jute & Jute Products,65.50308008213553,False,False
CHOICEIN.NS,2026-09-16,725.6500244140625,758.683349609375,792.3944481743706,797.3660034179687,728.6796659342448,744.0487490844727,754.7083482677581,568.7000122070312,860.5,False,False,False,True,False,False,True,False,False,-11.23004299004391,noise,28.97445972850945,False,False,False,False,,Finance,Holding Company,51.95071868583162,False,False
CHOLAHLDNG.NS,2026-09-16,1512.4000244140625,1511.6083272298176,1546.4079182942708,1555.6266015625,1577.7680143229168,1633.643515625,1519.9972119114768,1303.9706528841405,2062.371871375786,False,False,False,False,False,False,False,False,False,-19.97494271943383,noise,50.41995503516487,False,False,False,False,,Finance,Investment Company,41.37577002053388,False,False
CHOLAFIN.NS,2026-09-16,1765.5999755859375,1828.125,1859.7027791341145,1835.4632275390625,1677.0366951497397,1682.5133911132812,1822.8499234181581,1298.889892127893,1952.5,True,False,True,True,False,True,True,False,False,11.655264117770802,red,104.09264781278715,False,False,False,False,,Finance,Non Banking Financial Company (NBFC),74.64065708418892,True,False
CIEINDIA.NS,2026-09-18,387.1499938964844,381.82916259765625,397.50694274902344,411.9619982910156,444.648662109375,434.90370513916014,382.3505774313559,366.8999938964844,518.5450350593709,False,True,False,False,False,False,False,True,False,-3.021136373226707,noise,82.4789513243091,False,False,False,False,,Auto Components,Auto Components & Equipments,61.55030800821355,False,False
CINELINE.NS,2026-09-16,89.95999908447266,91.34349505106609,88.27136018541124,85.3576431274414,83.26497233072917,83.69432624816895,91.4989487609968,72.35133502234581,102.97859117159102,True,False,False,True,True,False,True,False,False,9.68336460237067,noise,72.3105457834358,False,False,False,False,,Entertainment,"Film Production, Distribution & Exhibition",72.8952772073922,True,False
CINEVISTA.NS,2026-09-16,13.880000114440918,14.239999850591024,14.53499992688497,14.753599910736083,15.269399960835775,15.373799958229064,14.184799225974771,12.15999984741211,22.799999237060547,False,False,False,False,False,False,False,False,False,-20.640364230527673,red,224.22134539441493,False,False,False,False,,Realty,"Residential, Commercial Projects",40.55441478439425,False,False
CIPLA.NS,2026-09-18,1394.5,1378.6166687011719,1422.5722215440537,1424.4819970703124,1362.001231282552,1377.3178198242188,1377.8105892850367,1154.8655900414417,1657.4505258313652,True,False,False,True,False,False,True,True,False,-9.747204344366377,green,135.20540010319647,False,False,False,False,,Pharmaceuticals & Biotechnology,Pharmaceuticals,54.26078028747433,False,False
CUB.NS,2026-09-18,235.7899932861328,231.26750055948892,221.66166729397244,221.69582092285157,203.8595805867513,205.36771514892578,230.2624762312338,150.6882723471267,248.85000610351562,True,False,True,True,True,True,True,True,False,52.93846755442384,noise,74.28005118975939,False,False,False,False,,Banks,Private Sector Bank,90.29774127310061,True,False
CLEDUCATE.NS,2026-09-16,56.939998626708984,59.64000002543131,59.70444424947103,59.36119979858398,51.8286664835612,58.88419981002808,59.0980662541432,35.47999954223633,109.69999694824219,False,False,False,True,False,True,False,False,False,-46.201813495032674,noise,43.30532577780672,False,False,False,False,,Other Consumer Services,Education,10.62628336755647,False,False
CLCIND.NS,2026-09-16,47.66999816894531,48.23666636149088,50.67111121283637,51.26779998779297,34.928799908955895,84.09354991912842,48.267093900636596,8.539999961853027,280.0,False,False,False,False,False,True,False,False,False,-82.9750006539481,dry,0.0,False,False,False,False,,Textiles & Apparels,Other Textile Products,0.41067761806981523,False,False
CLEANMAX.NS,2026-09-17,,,,,,,,,,False,False,False,False,False,False,False,False,False,,noise,63.32722406772954,False,True,False,False,,Power,Power Generation,,False,False
CLEAN.NS,2026-09-18,851.9000244140625,839.1085205078125,814.9945780436198,794.8756787109374,769.9491776529948,791.5126885986328,835.5021803476375,648.9423872407145,1203.3362408876044,True,False,False,True,True,True,False,True,False,-28.24006404011041,ppv,210.33698914018416,False,False,False,False,,Chemicals & Petrochemicals,Specialty Chemicals,29.82546201232033,False,False
CMRGREEN.NS,2026-09-18,,,,,,,,,,False,False,False,False,False,False,False,False,False,,ppv,259.5289565188138,False,False,False,False,,Industrial Products,"Aluminium, Copper & Zinc Products",,False,False
CMSINFO.NS,2026-09-18,230.92999267578125,232.39916356404623,247.85313415527344,253.83737365722655,280.0854374186198,292.7145771789551,230.94057050667163,220.99000549316406,418.6784168556914,False,False,False,False,False,False,False,False,False,-43.48652210825929,red,103.76173591730775,False,True,False,False,,Commercial Services & Supplies,Diversified Commercial Services,13.141683778234087,False,False
COALINDIA.NS,2026-09-17,418.0,421.43145751953125,409.2448900010851,410.8897479248047,429.129878133138,420.8504638671875,420.04094410820346,355.1755291130353,478.7148398145708,False,True,True,False,True,False,True,False,False,11.667719451916847,noise,40.72525171738751,False,False,False,False,,Consumable Fuels,Coal,74.69199178644764,True,False
COASTCORP.NS,2026-09-16,36.18000030517578,39.80916659037272,42.42589071061876,44.77762245178223,48.715580749511716,47.79062789916992,39.1138607556458,32.28353764249399,66.25575218949841,False,True,False,False,False,False,False,False,False,-4.947355276368515,noise,50.971808294628175,False,False,False,False,,Food Products,Seafood,59.394250513347025,False,False
COCHINSHIP.NS,2026-09-18,1398.0,1434.774658203125,1469.9448852539062,1449.5640283203124,1476.0638907877603,1497.4755108642578,1402.8700940513534,1185.6655491296951,1968.5122412143382,False,False,False,False,False,False,False,False,False,-26.282510279006576,green,138.57980813782044,False,False,False,False,,Industrial Manufacturing,Ship Building & Allied Services,32.54620123203286,False,False
COFFEEDAY.NS,2026-09-17,30.860000610351562,31.62083355585734,30.8461111386617,30.949199981689453,29.635466664632162,30.58255000114441,31.174300823621742,21.0,45.95000076293945,True,False,False,True,False,True,False,False,False,-30.38574478755588,noise,71.25301079083972,False,False,False,False,,Leisure Services,Restaurants,27.31006160164271,False,False
COFORGE.NS,2026-09-18,1841.0,1879.1333312988281,1850.7455546061199,1761.102392578125,1454.8431209309895,1519.1035614013672,1847.676501397445,1005.7569371911586,2021.199951171875,True,False,False,True,True,True,True,False,False,3.4544301990500736,noise,86.32453790229978,False,False,False,False,,IT - Software,Computers - Software & Consulting,67.1971252566735,False,False
COHANCE.NS,2026-09-18,438.0,443.5125045776367,446.43611314561633,443.2530010986328,405.52600036621095,418.7427503967285,440.4984491214371,266.70001220703125,932.0,True,False,False,True,False,True,False,False,False,-52.01051888441886,noise,68.96498261766912,False,False,False,False,,Pharmaceuticals & Biotechnology,Pharmaceuticals,7.392197125256674,False,False
COLPAL.NS,2026-09-16,1860.0,1826.4583435058594,1921.3916727701824,1962.6840112304687,2017.4685237630208,2036.9653814697265,1828.9725217829634,1761.237851420491,2326.3191128118538,False,False,False,False,False,False,True,True,False,-19.25118771945147,ppv,379.6454503300675,False,False,False,False,,Personal Products,Personal Care,42.299794661190965,False,False
COMFINTE.NS,2026-09-17,,,,,,,,,,False,False,False,False,False,False,False,False,False,,noise,,False,False,False,False,,Beverages,Breweries & Distilleries,,False,False
COMSYN.NS,2026-09-16,294.75,299.0,269.26972156100805,246.81439971923828,189.57646626790364,179.48674964904785,295.7762301942922,136.44000244140625,314.8500061035156,True,True,True,True,True,True,True,False,False,91.13313009638418,noise,86.78081940187072,False,False,False,False,,Industrial Products,Packaging,95.63655030800821,True,True
COMMITTED.NS,2026-09-16,340.0,346.3874994913737,345.67361026340063,342.66699951171876,287.864333190918,266.6017497253418,346.0617448474336,174.25,362.0,True,True,True,True,False,True,True,False,False,32.85207716713436,dry,0.0,False,False,False,False,,Transport Services,Logistics Solution Provider,84.65092402464066,True,False
COMPEAU.NS,2026-09-17,,,,,,,,,,False,False,False,False,False,False,False,False,False,,noise,,False,False,False,False,,Automobiles,Auto Dealer,,False,False
COMPUSOFT.NS,2026-09-18,13.630000114440918,13.099999984105429,13.089884413613213,13.05138563156128,13.28031935373942,13.762784976959228,13.11959976632065,11.77744777373263,20.119808275141764,False,False,False,False,True,False,False,True,True,-29.926255354905173,ppv,876.5938496156011,False,False,False,False,,Other Consumer Services,Education,27.618069815195074,False,False
CONCORDBIO.NS,2026-09-16,1453.800048828125,1463.5916646321614,1462.6916639539932,1417.2959545898439,1244.027988688151,1259.123921813965,1472.1657528950177,981.1254498447715,1693.8579163761817,True,False,False,True,True,True,True,False,False,-9.788746599617337,noise,67.57651869434974,False,False,False,False,,Pharmaceuticals & Biotechnology,Pharmaceuticals,54.05544147843943,False,False
CEWATER.NS,2026-09-18,279.25,271.75416564941406,271.1055560641819,280.62200134277344,294.1820007324219,326.4495004272461,271.32016914118435,235.0,539.9000244140625,False,False,False,False,False,False,False,True,True,-45.18598619907033,ppv,533.7644524891458,True,False,False,False,,Other Utilities,Waste Management,11.498973305954825,False,False
CFEL.NS,2026-09-17,,,,,,,,,,False,False,False,False,False,False,False,False,False,,noise,,False,True,False,False,,Commercial Services & Supplies,Trading & Distributors,,False,False
CONFIPET.NS,2026-09-18,91.94999694824219,86.29583358764648,80.40944480895996,79.21580032348633,62.60980018615723,55.51595016479492,86.92041841504695,28.059999465942383,92.61000061035156,True,True,True,True,True,True,True,True,False,88.59243060540682,ppv,151.81419396137244,False,False,True,False,,Gas,LPG/CNG/PNG/LNG Supplier,95.37987679671458,True,True
CONSOFINVT.NS,2026-09-16,303.1499938964844,290.0269826253255,284.291136847602,281.17774810791013,244.16989888509116,225.20279151916503,295.90674428082866,151.2637974296401,318.4500850081756,True,True,True,True,True,True,True,True,False,56.93444125862648,dry,9.719116531306364,False,True,False,False,,Finance,Non Banking Financial Company (NBFC),91.0164271047228,True,True
CONCOR.NS,2026-09-18,504.54998779296875,500.0499979654948,510.2374538845486,505.7718798828125,487.9875762939453,492.5059672546387,498.33281390474326,420.16557890015895,556.6591363218392,True,False,False,True,False,False,True,True,False,-8.739124434901168,ppv,114.5150320579289,False,False,False,False,,Transport Services,Logistics Solution Provider,55.544147843942504,False,False
CONTI.NS,2026-09-16,11.100000381469727,11.420833269755045,11.288888984256321,11.20100004196167,13.054333362579346,15.307500023841857,11.363604178225213,10.149999618530273,27.0,False,False,False,False,False,False,False,False,False,-58.34896607746411,dry,0.0,False,False,False,False,,Commercial Services & Supplies,Trading & Distributors,4.517453798767967,False,False
CONTROLPR.NS,2026-09-16,591.5,591.0249989827474,583.7000020345052,596.4119995117187,617.4378153483073,632.8597131347656,587.897156551151,512.2003645119609,885.1828036505703,False,False,False,False,False,False,False,True,False,-23.120939829553166,ppv,84.04368325595931,False,False,False,False,,IT - Hardware,Computers Hardware & Equipments,37.62833675564682,False,False
COOLCAPS.NS,2026-09-16,25.149999618530273,24.045833269755047,21.94166660308838,21.911999931335448,24.959999936421713,35.071749992370606,24.344397795831323,19.0,99.5,False,False,False,False,True,True,False,True,False,-70.00596293833875,ppv,94.46693657219973,False,False,False,False,,Industrial Products,Packaging,1.48870636550308,False,False
CORALFINAC.NS,2026-09-16,32.400001525878906,32.67916679382324,33.145820723639595,32.92685153961182,32.67101189931234,33.974532556533816,32.70730941735473,24.86201257565247,50.59881938431747,False,False,False,False,False,True,False,False,False,-29.053422606567725,dry,7.912676729390072,False,True,False,False,,Commercial Services & Supplies,Diversified Commercial Services,28.74743326488706,False,False
CORDSCABLE.NS,2026-09-17,355.29998779296875,345.9874979654948,271.6669438680013,252.82620025634765,209.16193298339843,201.2792997741699,345.8347995045881,127.01000213623047,394.8999938964844,True,True,True,True,True,True,True,True,False,98.16098304440561,noise,55.86891896280394,False,False,False,False,,Industrial Products,Cables - Electricals,96.20123203285421,True,True
COROMANDEL.NS,2026-09-17,1929.800048828125,1941.6416727701824,1999.955559624566,2009.7674096679686,2001.5179866536457,2072.775651855469,1940.5398818009744,1704.8401341065546,2486.7668094210435,False,False,False,False,False,False,True,False,False,-16.675546078560764,noise,96.53409992757754,False,False,False,False,,Fertilizers & Agrochemicals,Fertilizers,45.2258726899384,False,False
CORONA.NS,2026-09-17,,,,,,,,,,False,False,False,False,False,False,False,False,False,,noise,29.92728441107356,False,True,False,False,,Pharmaceuticals & Biotechnology,Pharmaceuticals,,False,False
COSMOFIRST.NS,2026-09-16,878.0499877929688,906.2125040690104,915.5680541992188,896.2718151855469,774.2062418619792,745.9846267700195,892.1934287903241,558.0950701442713,996.0,True,True,True,True,False,True,True,False,False,-4.294864749863558,noise,49.31721840147245,False,False,False,False,,Industrial Products,Packaging,60.215605749486656,False,False
CCHHL.NS,2026-09-16,12.5,12.548333326975504,12.640277730094063,12.681399917602539,12.973399969736734,13.41469997882843,12.504896120723592,10.029999732971191,19.5,False,False,False,False,False,False,False,False,False,-28.856003317505706,noise,59.57617972249124,False,False,False,False,,Leisure Services,Hotels & Resorts,29.055441478439427,False,False
COUNCODOS.NS,2026-09-16,6.489999771118164,6.524166663487752,6.458888875113593,6.422799997329712,5.408199993769328,5.4686500000953675,6.50455402550472,3.7100000381469727,7.96999979019165,True,False,False,True,True,True,True,False,False,-8.848316356278263,dry,18.610718411381978,False,False,False,False,,Realty,"Residential, Commercial Projects",55.3388090349076,False,False
CPCAP.NS,2026-09-16,140.77000427246094,129.51250203450522,122.52250056796603,119.10600036621094,102.66913350423177,104.33720016479492,133.12422690058918,73.51000213623047,149.0,True,False,False,True,True,True,True,True,False,-3.963704111076649,ppv,113.9209027920697,False,False,False,False,,Finance,Non Banking Financial Company (NBFC),60.62628336755647,False,False
CRAFTSMAN.NS,2026-09-18,11138.0,11382.666666666666,10823.763888888889,10403.2275390625,8896.248199869791,8526.448425292969,11298.974402313432,6316.2925601072975,11999.0,True,True,True,True,True,True,True,False,False,69.21989832098541,ppv,346.19135316203835,False,True,False,False,,Auto Components,Auto Components & Equipments,93.27515400410678,True,True
CRAVATEX.NS,2026-09-17,,,,,,,,,,False,False,False,False,False,False,False,False,False,,ppv,,False,False,False,False,,Commercial Services & Supplies,Trading & Distributors,,False,False
CRAYONS.NS,2026-09-16,22.799999237060547,24.770833492279053,26.019444518619114,26.32200008392334,31.33866667429606,33.47700003623962,24.340079144620955,22.799999237060547,58.849998474121094,False,False,False,False,False,False,False,False,False,-57.73864890707687,noise,88.65248226950354,False,False,False,True,,Media,Advertising & Media Agencies,4.9281314168377826,False,False
CREATIVEYE.NS,2026-09-17,5.590000152587891,5.941666682561238,6.0947222047381935,6.08939998626709,6.463399998346964,6.60150000333786,5.829575731940043,5.159999847412109,8.829999923706055,False,False,False,False,False,False,False,False,False,-30.3860480887024,noise,74.43210856540131,False,False,False,True,,Entertainment,Media & Entertainment,27.258726899383984,False,False
CGRAPHICS.NS,2026-09-16,138.64999389648438,144.92083485921225,144.77916717529297,141.62200073242187,149.12866658528645,157.37599975585937,143.79316708290548,122.0,246.0,False,False,False,False,False,False,False,False,False,-39.795921815370505,noise,52.28758169934641,False,False,False,False,,Industrial Products,Other Industrial Products,16.991786447638603,False,False
CNL.NS,2026-09-16,1065.5,1173.4166666666667,1157.6055552164714,1087.9240002441406,795.2746671549479,775.1267492675781,1134.7745997113627,525.0,1328.0,True,True,True,True,False,True,True,False,False,68.95907135939781,dry,8.125919258783181,False,False,False,False,,Commercial Services & Supplies,Trading & Distributors,93.22381930184805,True,False
CREDITACC.NS,2026-09-17,1370.800048828125,1414.4083150227864,1474.647216796875,1487.5619946289062,1365.364003092448,1348.1115020751954,1409.7114704176427,1113.0,1634.0,True,True,True,True,False,False,True,False,False,0.7793043697081004,noise,53.92044737566851,False,False,False,False,,Finance,Microfinance Institutions,65.34907597535934,False,False
MUFTI.NS,2026-09-16,72.33999633789062,73.34083302815755,76.4880599975586,78.18483428955078,79.64816701253255,83.17278968811036,73.35390807012529,61.44120935254668,118.86818112833097,False,False,False,False,False,False,False,False,False,-37.424410843617515,noise,47.018151695774684,False,False,False,False,,Retailing,Speciality Retail,19.763860369609855,False,False
CRSL.NS,2026-09-17,,,,,,,,,,False,False,False,False,False,False,False,False,False,,noise,,False,False,False,True,,IT - Services,IT Enabled Services,,False,False
CREST.NS,2026-09-16,359.95001220703125,361.6166687011719,366.7250010172526,367.925859375,359.8977783203125,363.6586441040039,360.31807867615294,297.3310024635267,416.8518141052093,False,False,False,True,False,False,True,False,False,-4.0062758518143005,ppv,284.47490865220215,False,False,False,False,,Finance,Non Banking Financial Company (NBFC),60.52361396303901,False,False
CRISIL.NS,2026-09-16,4578.7998046875,4728.475016276042,4576.627780490451,4474.665400390625,4235.183072916667,4296.211423339843,4672.409964817577,3669.9050085491053,5038.987051168056,True,False,False,True,True,False,True,False,False,-7.3002915221330404,red,110.58005601876857,False,False,False,False,,Finance,Other Financial Services,57.70020533880903,False,False
CRIZAC.NS,2026-09-17,176.55999755859375,173.62666447957358,177.87444432576498,181.474599609375,202.28006713867188,215.66677040100097,176.7345559624643,159.9499969482422,343.8395034688278,False,False,False,False,False,False,False,False,False,-47.75307305886631,noise,34.783408378075215,False,True,False,False,,Retailing,Internet & Catalogue Retail,9.804928131416837,False,False
CROMPTON.NS,2026-09-16,223.39999389648438,229.5966657002767,243.54055489434137,246.57519256591797,256.257136332194,253.72009643554688,229.77569514446748,214.8165151621269,315.2091305009053,False,True,False,False,False,False,False,False,False,-27.9864011375211,noise,99.77312067339714,False,False,False,False,,Consumer Durables,Household Appliances,30.13347022587269,False,False
CLSL.NS,2026-09-16,78.80000305175781,83.40000025431316,78.71805593702528,72.61000030517579,54.09266682942708,52.949750118255615,82.2182707357775,39.04999923706055,92.25,True,True,True,True,True,True,True,False,False,31.44287247527653,dry,19.047619047619047,False,False,False,False,,Fertilizers & Agrochemicals,Pesticides & Agrochemicals,84.03490759753593,True,True
CROWN.NS,2026-09-16,107.54000091552734,111.53000068664551,109.71472210354275,110.94699966430665,118.3099333190918,120.81455013275146,110.65925089841349,100.11000061035156,186.0,False,False,False,False,False,False,False,False,False,-39.09497850443997,noise,78.51352379985791,False,False,False,False,,Industrial Manufacturing,Industrial Products,17.607802874743324,False,False
CSBBANK.NS,2026-09-18,336.1499938964844,317.2666702270508,324.8250003390842,332.0990008544922,356.50299967447916,378.2637501525879,321.1748417072932,295.0,574.4000244140625,False,False,False,False,True,False,False,True,False,-4.719386188373386,green,149.0284469250558,False,False,False,False,,Banks,Private Sector Bank,59.907597535934286,False,False
CSLFINANCE.NS,2026-09-16,214.25999450683594,227.71192677815756,217.77136654324002,215.17860748291017,223.30871999104818,236.83547241210937,223.02194527366717,201.00019533971565,311.22919637663324,False,False,False,False,False,False,False,False,False,-23.812633813225226,red,176.30068567125022,False,False,False,False,,Finance,Non Banking Financial Company (NBFC),36.49897330595483,False,False
CSM.NS,2026-09-18,,,,,,,,,,False,False,False,False,False,False,False,False,False,,ppv,1262.3049536991282,False,False,True,False,,IT - Software,Computers - Software & Consulting,,False,False
CUBEXTUB.NS,2026-09-16,75.08999633789062,76.88999938964844,78.33972210354275,78.46860000610351,88.02866694132487,92.34880027770996,76.8024517714022,73.0999984741211,143.69000244140625,False,False,False,False,False,False,False,False,False,-10.575211091723913,noise,51.098886379996145,False,False,False,False,,Industrial Products,"Aluminium, Copper & Zinc Products",52.874743326488705,False,False
CUMMINSIND.NS,2026-09-17,5020.0,5047.0,5230.791666666667,5313.634423828125,5203.29154296875,4960.446668701172,5036.500288729807,3784.261865546783,6049.821052103703,False,True,True,True,False,True,True,False,False,23.252381782721177,noise,58.740424282544545,False,False,False,False,,Industrial Products,"Compressors, Pumps & Diesel Engines",81.16016427104724,True,False
CUPID.NS,2026-09-18,265.0,278.7125015258789,274.6999982198079,258.4717990112305,167.49446599324546,146.96164958953858,277.3058186826821,41.13999938964844,299.0,True,True,True,True,True,True,True,False,False,539.7875705332214,red,101.66077634143022,False,False,False,False,,Personal Products,Personal Care,99.89733059548254,True,True
CURAA.NS,2026-09-16,75.0,72.88416608174641,72.77916632758246,73.16239990234375,86.76279983520507,92.01699996948243,74.74590703425767,60.0,235.1999969482422,False,False,False,False,True,False,False,True,True,-67.89383645531024,noise,23.547880690737834,False,False,False,False,,IT - Software,Computers - Software & Consulting,1.7453798767967144,False,False
CYBERMEDIA.NS,2026-09-16,22.110000610351562,22.570000012715656,18.625833378897774,17.816000061035155,16.457666651407877,16.43449999809265,22.424495190638893,11.300000190734863,28.989999771118164,True,True,False,True,True,True,True,False,False,1.7487394207102103,noise,42.53216065349476,False,True,False,False,,Media,Electronic Media,66.11909650924025,False,False
CMRSL.NS,2026-09-16,74.0999984741211,74.70000012715657,68.48626507653131,66.7393531036377,66.7107864634196,67.80158224105836,75.38202724920679,50.948211669921875,93.9797784582361,True,False,False,False,True,True,True,False,False,-4.704279579155579,noise,21.27659574468085,False,False,False,False,,Media,Advertising & Media Agencies,59.95893223819302,False,False
CYBERTECH.NS,2026-09-16,141.16000366210938,137.57083384195963,136.58444552951389,137.9910009765625,132.15833343505858,134.14500003814697,139.00253401059663,95.30000305175781,254.51131173013155,True,False,False,True,True,True,False,True,False,-0.49327083665656746,noise,65.51302491487867,False,False,False,False,,IT - Software,Computers - Software & Consulting,64.27104722792608,False,False
CYIENT.NS,2026-09-16,1054.5,1100.8916829427083,964.526390923394,930.7620031738281,906.0340006510417,964.9105004882813,1071.9430853585955,750.2999877929688,1267.736092444419,True,False,False,False,True,True,True,False,False,-12.559480753895592,noise,49.644650253333225,False,False,False,False,,IT - Services,IT Enabled Services,50.41067761806981,False,False
CYIENTDLM.NS,2026-09-18,940.7000122070312,899.7625071207682,790.6013912624783,743.6720031738281,506.22466756184895,478.7340007019043,895.5190664542085,265.20001220703125,1009.0,True,True,True,True,True,True,True,True,False,96.36781884515442,noise,48.259839426389824,False,False,False,False,,Aerospace & Defense,Aerospace & Defense,95.89322381930184,True,True
DBCORP.NS,2026-09-16,186.49000549316406,192.08499908447266,203.04749976264105,203.72273681640624,204.96323272705078,214.59534545898438,191.1947145444512,180.2044446273266,277.1600335204534,False,False,False,False,False,False,False,False,False,-31.79582469188218,dry,9.39177259646504,False,False,False,False,,Media,Print Media,25.205338809034906,False,False
DPWIRES.NS,2026-09-16,143.49000549316406,152.88333384195963,159.17083273993597,163.37919921875,168.05806615193686,173.800849571228,150.82432534066564,125.0199966430664,297.70001220703125,False,False,False,False,False,False,False,False,False,-46.68771735200165,noise,88.04744384855222,False,False,False,False,,Industrial Products,Iron & Steel Products,10.318275154004107,False,False
DSKULKARNI.NS,2026-09-16,21.84000015258789,19.990833441416424,15.791666666666666,15.164000053405761,14.088000144958496,13.953500156402589,20.27776918395508,8.600000381469727,21.84000015258789,True,True,True,True,True,True,True,True,False,61.18081066538665,ppv,105.42168674698796,False,False,True,False,,Realty,"Residential, Commercial Projects",91.73511293634496,True,True
DLINKINDIA.NS,2026-09-16,418.0,437.4624989827474,438.48194376627606,445.68999938964845,434.1353987630208,423.6887403869629,431.8748931494157,349.1345095601163,521.5413716552077,False,True,False,True,False,False,True,False,False,-12.49641844130438,noise,32.662538486314475,False,False,False,False,,IT - Hardware,Computers Hardware & Equipments,50.513347022587276,False,False
DKEGL.NS,2026-09-16,63.29999923706055,67.14999993642171,67.39444510142009,67.28899993896485,69.69033312479655,71.04474985122681,67.91954853092656,60.0,89.5999984741211,False,False,False,False,False,False,False,False,False,-7.320649474800545,red,250.0,False,False,False,False,,Industrial Products,Packaging,57.648870636550306,False,False
DPABHUSHAN.NS,2026-09-18,1448.300048828125,1377.9916585286458,1425.5472174750435,1399.7569970703125,1149.327334391276,1212.6100021362304,1382.918733790054,866.0999755859375,1670.0,True,False,False,True,True,True,True,True,False,-7.827912949645322,noise,44.94238141028301,False,False,False,False,,Consumer Durables,"Gems, Jewellery And Watches",57.03285420944558,False,False
DABUR.NS,2026-09-18,395.25,379.8999989827474,394.9111107720269,403.861826171875,430.91373372395833,448.539305267334,383.56886569716045,368.04998779296875,533.0345152047178,False,False,False,False,False,False,False,True,False,-24.9503688754381,green,122.9291950064644,False,False,False,False,,Personal Products,Personal Care,34.59958932238193,False,False
DAICHI.NS,2026-09-17,,,,,,,,,,False,False,False,False,False,False,False,False,False,,noise,,False,False,False,False,,Chemicals & Petrochemicals,Specialty Chemicals,,False,False
DALMIASUG.NS,2026-09-16,393.1000061035156,434.3874994913737,434.49305555555554,414.2409997558594,364.04486165364585,344.37346939086916,424.3971165927478,256.4493655542562,520.0,True,True,True,True,False,True,True,False,False,8.016866633129505,noise,21.942848117176567,False,False,False,False,,Agricultural Food & other Products,Sugar,71.25256673511294,True,False
DALBHARAT.NS,2026-09-16,1693.5999755859375,1738.9749959309895,1809.1277703179253,1810.6759912109376,1835.8095491536458,1897.9834033203124,1735.9910412304237,1600.3099946947705,2484.339731207416,False,False,False,False,False,False,False,False,False,-29.534018470922586,noise,24.409972245323655,False,False,False,False,,Cement & Cement Products,Cement & Cement Products,28.234086242299796,False,False
DAMCAPITAL.NS,2026-09-17,136.72999572753906,142.182497660319,146.27377573649088,149.80238677978517,148.59471115112305,161.05798931121825,140.97719460686852,118.42050979450424,284.0820688881976,False,False,False,False,False,False,False,False,False,-41.933224812691726,noise,43.29364346867452,False,True,False,False,,Capital Markets,Stockbroking & Allied,14.733059548254621,False,False
DAMODARIND.NS,2026-09-16,28.200000762939453,28.62166674931844,28.20861111746894,28.662000045776367,28.068866691589356,28.3458500289917,28.608286809223994,20.0,38.79999923706055,False,False,False,True,False,True,False,False,False,-18.802185042805785,red,186.21548154358155,False,False,False,False,,Textiles & Apparels,Other Textile Products,42.91581108829568,False,False
DANGEE.NS,2026-09-16,2.7300000190734863,2.8300000031789145,2.8925000031789145,2.9482000160217283,3.135266675949097,3.221300002336502,2.811178077008394,2.5399999618530273,5.079999923706055,False,False,False,False,False,False,False,False,False,-37.954546365856125,noise,76.37907702841008,False,False,False,False,,Food Products,Packaged Foods,19.096509240246405,False,False
DATAPATTNS.NS,2026-09-18,4513.2998046875,4634.9250081380205,4579.830593532986,4515.0284423828125,4043.9856201171874,3681.6871630859373,4564.984975005551,2126.3648658097904,5000.0,True,True,True,True,False,True,True,False,False,59.613876638555794,noise,66.16642530620791,False,False,False,False,,Aerospace & Defense,Aerospace & Defense,91.37577002053389,True,False
DATAMATICS.NS,2026-09-17,758.3499755859375,759.8965759277344,803.084482828776,814.5967114257812,771.3802868652343,770.1606414794921,763.1967318983619,627.9510538752943,1003.5294156461148,False,True,False,True,False,False,True,False,False,-16.099843892628275,noise,36.970926072678196,False,True,False,False,,IT - Services,IT Enabled Services,45.687885010266946,False,False
DAVANGERE.NS,2026-09-17,2.059999942779541,2.0233333110809326,2.59999997748269,2.819799990653992,3.481266671816508,3.6685500025749205,2.098653449854029,1.7400000095367432,5.5,False,False,False,False,False,False,False,False,False,-48.24120771589611,noise,37.94711952604831,False,False,False,False,,Diversified FMCG,Diversified FMCG,9.394250513347023,False,False
DBSTOCKBRO.NS,2026-09-16,27.989999771118164,28.660833199818928,30.984722243414986,32.98220001220703,29.839599990844725,28.61970000267029,28.39115853826592,23.149999618530273,48.5,False,True,True,True,False,False,False,False,False,8.699028237352092,dry,2.1003244082426145,False,False,False,False,,Capital Markets,Stockbroking & Allied,72.02258726899385,True,False
DCI.NS,2026-09-17,282.75,301.1939061482747,342.8332578870985,324.38969360351564,296.9667683919271,282.4877033996582,292.068985490119,208.90389285934754,474.82702083380383,False,True,True,True,False,True,False,False,False,-1.5410041250082496,green,146.90038940396403,False,False,False,False,,IT - Hardware,Computers Hardware & Equipments,63.039014373716626,False,False
DCBBANK.NS,2026-09-18,218.35000610351562,223.3716672261556,205.92972140842014,201.39679962158203,187.3758629353841,185.5294982910156,221.06254251935582,121.38222908441647,234.8000030517578,True,True,True,True,True,True,True,False,False,68.95398680108411,noise,65.1395279388315,False,False,False,False,,Banks,Private Sector Bank,93.17248459958932,True,True
DCG.NS,2026-09-16,83.94999694824219,75.35833358764648,61.23888905843099,58.7560001373291,59.76300000508626,61.03400001525879,78.19968665606491,47.0,93.94999694824219,True,False,False,False,True,True,True,True,False,22.82369981328911,green,119.6911196911197,False,False,False,False,,Industrial Products,Cables - Electricals,80.9034907597536,True,False
DCM.NS,2026-09-16,76.2699966430664,76.59416580200195,80.77777756585016,84.7847998046875,82.01146664937338,84.1396999168396,76.55774052329788,55.0,104.30000305175781,False,False,False,True,False,True,False,False,False,-22.764560361451736,red,125.1914693059974,False,False,False,False,,IT - Services,IT Enabled Services,38.09034907597536,False,False
DCMFINSERV.NS,2026-09-16,5.139999866485596,5.167499979337056,5.27083334657881,5.253800020217896,5.260599999427796,5.20540000796318,5.153022564566703,3.700000047683716,8.550000190734863,False,True,False,False,False,True,False,False,False,-13.613444852859269,green,141.48033627923792,False,True,False,False,,Finance,Investment Company,48.71663244353183,False,False
DCMNVL.NS,2026-09-16,174.0500030517578,180.16500091552734,172.43361070421008,165.2247998046875,146.7687998453776,142.82980010986327,177.97516958613423,95.5999984741211,198.5800018310547,True,True,True,True,True,True,True,False,False,8.584447153268071,noise,44.83840635598145,False,False,False,False,,Textiles & Apparels,Other Textile Products,71.86858316221766,True,True
DCMSHRIRAM.NS,2026-09-17,984.0,1004.75,1022.7805582682291,1023.6775988769531,1067.2165177408854,1097.667907104492,1000.3490254069579,941.5197177909594,1400.4767744012483,False,False,False,False,False,False,False,False,False,-18.901362712744973,noise,26.68678299295508,False,True,False,False,,Diversified,Diversified,42.71047227926078,False,False
DSFCL.NS,2026-09-17,,,,,,,,,,False,False,False,False,False,False,False,False,False,,red,137.4227667110896,False,False,False,False,,Chemicals & Petrochemicals,Specialty Chemicals,,False,False
DCMSRIND.NS,2026-09-18,38.2400016784668,42.275833447774254,44.50194454193115,43.38540008544922,39.967965799967445,50.77358642578125,41.13548658328758,31.557174545273405,179.94513189465283,False,False,False,False,False,False,False,False,False,-77.30023483295756,noise,82.33729995417517,False,False,False,False,,Agricultural Food & other Products,Sugar,0.8726899383983572,False,False
DCMSIL.NS,2026-09-17,,,,,,,,,,False,False,False,False,False,False,False,False,False,,noise,89.10650561687552,False,False,False,False,,Textiles & Apparels,Other Textile Products,,False,False
DCW.NS,2026-09-17,45.21999740600586,46.32760079701742,45.70950116051568,46.011100692749025,46.22259724934896,48.055000152587894,45.70864475999857,36.94659349539297,75.76250620176914,False,False,False,False,False,False,False,False,False,-39.02775976111778,noise,98.87203803895257,False,False,False,False,,Chemicals & Petrochemicals,Petrochemicals,17.761806981519506,False,False
DCXINDIA.NS,2026-09-16,160.75999450683594,168.78083292643228,174.301389058431,178.1683999633789,185.4788664754232,183.1968497467041,167.12548593381024,153.3000030517578,284.8999938964844,False,True,False,False,False,False,False,False,False,-41.58430691278559,red,159.94553521492614,False,False,False,False,,Aerospace & Defense,Aerospace & Defense,15.297741273100614,False,False
DDEVPLSTIK.NS,2026-09-18,254.9499969482422,260.3063850402832,273.33224953545465,275.2599411010742,258.08590118408205,265.8190047454834,257.9110867823674,184.2429273142594,357.588977871684,False,False,False,True,False,True,False,False,False,-25.419443023266087,noise,48.27465839873798,False,False,False,False,,Chemicals & Petrochemicals,Specialty Chemicals,33.572895277207394,False,False
DENEERS.NS,2026-09-16,162.64999389648438,169.28749974568686,174.02638880411783,177.69499938964844,179.69233276367189,173.84499961853027,168.6197050345436,132.0,288.5,False,True,True,False,False,False,False,False,False,-41.90034405992456,noise,56.89424364123159,False,False,False,False,,Industrial Products,Iron & Steel Products,14.784394250513348,False,False
DENORA.NS,2026-09-16,788.0999755859375,806.4495951334635,835.48120964898,846.5987634277344,778.3320292154948,747.8391467285156,803.931694964948,557.4933844179585,955.6247035443768,True,True,True,True,False,True,True,False,False,-4.601675499277058,noise,29.44710722480957,False,False,False,False,,Industrial Products,Electrodes & Refractories,60.01026694045175,False,False
DIL.NS,2026-09-16,0.6499999761581421,0.6499999761581421,0.7049999882777532,0.7359999930858612,0.9550666626294454,1.1193499982357025,0.6534797899295554,0.6499999761581421,2.440000057220459,False,False,False,False,False,False,False,False,False,-65.60846660963543,dry,0.0,False,False,False,True,,Leisure Services,Hotels & Resorts,2.2587268993839835,False,False
DECNGOLD.NS,2026-09-17,,,,,,,,,,False,False,False,False,False,False,False,False,False,,noise,,False,False,False,False,,Non - Ferrous Metals,Precious Metals,,False,False
DECCANCE.NS,2026-09-16,570.0,570.1333363850912,562.4694451226128,564.0990002441406,611.1836669921875,637.5952508544922,569.0594696632515,525.0,1164.2527336094727,False,False,False,False,True,False,False,True,False,-48.79539607727887,noise,98.11308528601342,False,False,False,False,,Cement & Cement Products,Cement & Cement Products,9.034907597535934,False,False
DEEDEV.NS,2026-09-18,668.75,652.3117828369141,643.4458601209852,652.5958264160156,523.550634358724,444.7791329956055,645.3538852426831,182.69871604200983,758.7487929742209,True,True,True,True,True,True,True,True,False,128.57970180621314,green,153.12316860523097,False,False,False,False,,Industrial Manufacturing,Industrial Products,97.43326488706366,True,True
DEEM.NS,2026-09-16,40.04999923706055,41.316667238871254,43.341667069329155,46.09200050354004,42.73233339945475,43.79525003433228,41.60231936887574,29.350000381469727,64.44999694824219,False,False,False,True,False,True,False,False,False,-31.303602467971757,red,166.66666666666669,False,False,False,False,,Industrial Products,Iron & Steel Products,26.180698151950722,False,False
DEEPINDS.NS,2026-09-17,734.7000122070312,762.7833455403646,692.2914767795139,632.4292309570312,506.08768676757813,482.0369682312012,748.5254953805788,328.747065369566,825.0,True,True,True,True,True,True,True,False,False,35.02382062339231,noise,33.04273956653675,False,False,False,False,,Oil,Oil Equipment & Services,85.31827515400411,True,True
DEEP.NS,2026-09-17,,,,,,,,,,False,False,False,False,False,False,False,False,False,,noise,,False,False,True,False,,Chemicals & Petrochemicals,Specialty Chemicals,,False,False
DBEIL.NS,2026-09-17,7.050000190734863,6.871666669845581,6.89499999417199,7.120399980545044,7.57388669013977,8.38460001707077,6.907198558204629,5.151000022888184,18.559999465942383,False,False,False,False,False,True,False,True,False,-49.93544906530667,ppv,411.94022209074774,False,False,False,False,,Construction,Civil Construction,8.41889117043121,False,False
DEEPAKFERT.NS,2026-09-16,1315.0,1348.8583374023438,1446.7754923502605,1481.0375659179688,1316.233370361328,1283.0221099853516,1339.3579704061256,860.5304973022847,1669.6119086916185,False,True,False,True,False,True,True,False,False,-7.1094253432171906,noise,49.21382167510868,False,False,False,False,,Chemicals & Petrochemicals,Commodity Chemicals,57.90554414784395,False,False
DEEPAKNTR.NS,2026-09-18,1586.300048828125,1638.5916951497395,1708.7472364637588,1699.2035302734375,1632.8655989583333,1626.5142431640625,1621.5510046383708,1274.1803312746065,1895.7415042243763,False,True,False,True,False,False,True,False,False,-10.840643285386143,red,110.54361903737673,False,False,False,False,,Chemicals & Petrochemicals,Specialty Chemicals,52.515400410677614,False,False
DELAPLEX.NS,2026-09-16,98.94999694824219,102.39999961853027,94.48194440205891,95.69100006103515,103.36966649373372,109.11549980163574,100.97770046606615,80.0,194.85000610351562,False,False,False,False,True,False,False,False,False,-24.234309093513474,noise,40.137614678899084,False,True,False,False,,IT - Software,Computers - Software & Consulting,35.67761806981519,False,False
DELHIVERY.NS,2026-09-16,421.79998779296875,447.14583079020184,457.9611121283637,466.87000061035155,455.8110001627604,444.333250579834,440.1407531299545,374.45001220703125,524.0,False,True,False,True,False,False,True,False,False,-11.312030618190771,noise,90.40060928776562,False,False,False,False,,Transport Services,Logistics Solution Provider,51.84804928131417,False,False
DELPHIFX.NS,2026-09-16,5.460000038146973,5.955833315849304,6.4277777671813965,6.778400011062622,9.46019113222758,11.084593303203583,5.856140361145177,5.300000190734863,18.25,False,False,False,False,False,False,False,False,False,-60.57858991336307,noise,66.12257720624702,False,False,False,True,,Finance,Other Financial Services,3.8501026694045177,False,False
DELTACORP.NS,2026-09-17,56.150001525878906,55.33166694641113,59.011445893181694,60.229297409057615,62.87131278991699,64.12147869110107,55.46796184538856,47.901091163726164,85.68642021255008,False,False,False,False,False,False,False,True,False,-32.18635965708824,green,157.06797908692585,False,True,False,False,,Leisure Services,Amusement Parks/ Other Recreation,24.84599589322382,False,False
DELTAMAGNT.NS,2026-09-17,55.20000076293945,56.798333485921226,57.576666831970215,57.804800262451174,58.98813331604004,61.19354990005493,56.22667776665973,45.5099983215332,92.5,False,False,False,False,False,False,False,False,False,-35.96287387796119,noise,22.57226584780645,False,True,False,False,,Industrial Products,Other Industrial Products,21.04722792607803,False,False
DEN.NS,2026-09-16,26.420000076293945,27.424166679382324,27.541944450802273,27.700799980163573,27.753800036112466,28.434100036621093,27.146286175044388,22.520000457763672,37.349998474121094,False,False,False,False,False,False,False,False,False,-26.57031569641922,noise,61.61641925085568,False,False,False,False,,Entertainment,TV Broadcasting & Software Production,32.238193018480494,False,False
DENTA.NS,2026-09-17,278.3999938964844,277.8436813354492,297.78976101345484,307.9871844482422,281.75361857096357,288.0096834564209,279.7737583391457,219.99131462508552,475.26051427850655,False,False,False,True,False,False,False,False,False,-32.51452945056732,noise,51.855268404543445,False,True,False,False,,Other Utilities,Water Supply & Management,24.64065708418891,False,False
DESTINY.NS,2026-09-16,100.6500015258789,100.6500015258789,101.9625015258789,103.06500152587891,109.54400060017903,111.64700046539306,100.67328805033986,100.0,143.0,False,False,False,False,False,False,False,False,False,-12.478259542714,dry,0.0,False,False,False,False,,Transport Services,Logistics Solution Provider,50.564681724846,False,False
DEVX.NS,2026-09-17,,,,,,,,,,False,False,False,False,False,False,False,False,False,,noise,23.1114495648679,False,True,False,False,,Commercial Services & Supplies,Diversified Commercial Services,,False,False
DEVIT.NS,2026-09-16,23.34000015258789,24.202499866485596,25.567222118377686,26.0457999420166,27.448533248901366,29.358049983978272,24.081162814678535,22.25,44.894069222085626,False,False,False,False,False,False,False,False,False,-45.59285420140415,noise,47.00029761169555,False,False,False,False,,IT - Services,IT Enabled Services,10.985626283367557,False,False
DEVYANI.NS,2026-09-18,140.6199951171875,137.89583460489908,137.19999906751843,130.26239944458007,119.5997999572754,122.78029991149903,138.32344238092068,91.55000305175781,182.99000549316406,True,False,False,True,True,True,True,True,False,-21.46328247951015,noise,52.862634098148455,False,False,False,False,,Leisure Services,Restaurants,39.630390143737166,False,False
DHABRIYA.NS,2026-09-17,,,,,,,,,,False,False,False,False,False,False,False,False,False,,noise,,False,False,False,True,,Industrial Products,Plastic Products - Industrial,,False,False
DBOL.NS,2026-09-16,113.41000366210938,123.26416651407878,118.84861056009929,115.79439102172852,110.36610341389974,103.25713191986084,120.33311021918016,68.04458797402032,139.0,True,True,True,True,False,True,True,False,False,36.355706710508784,noise,33.15883081911845,False,False,False,False,,Agricultural Food & other Products,Sugar,85.78028747433265,True,False
DHAMPURSUG.NS,2026-09-17,151.72000122070312,165.08166631062826,164.68694305419922,158.58779907226562,143.53437210083007,137.419295463562,161.70014107431825,108.4862046974501,199.9199981689453,True,True,True,True,False,True,True,False,False,11.905921397155804,noise,51.3368916856451,False,False,False,False,,Agricultural Food & other Products,Sugar,74.89733059548254,True,False
DHANBANK.NS,2026-09-17,28.8799991607666,30.77916669845581,32.013611210717094,32.6038000869751,30.00020003000895,28.72160002708435,30.43818481896811,19.450000762939453,36.849998474121094,False,True,True,True,False,True,True,False,False,10.60895628365801,noise,63.282668451855685,False,False,False,False,,Banks,Private Sector Bank,73.51129363449692,True,False
DHANLAXMI.NS,2026-09-17,24.5,23.987500190734863,25.063888920678032,24.868000030517578,27.189666684468587,27.877499980926515,23.963999434450784,20.049999237060547,45.45000076293945,False,False,False,False,False,False,False,True,False,-44.31818181818182,noise,52.910052910052904,False,False,False,False,,Agricultural Food & other Products,Other Agricultural Products,12.320328542094455,False,False
DHANUKA.NS,2026-09-16,961.8499755859375,987.8458353678385,1000.173607720269,1006.583857421875,1038.8471354166666,1067.601815185547,980.1540776976418,887.8900230030476,1617.2853743124303,False,False,False,False,False,False,False,False,False,-38.905646587641385,ppv,118.47843396665564,False,False,False,False,,Fertilizers & Agrochemicals,Pesticides & Agrochemicals,17.915811088295687,False,False
DHARAN.NS,2026-09-16,0.12999999523162842,0.13249999657273293,0.14666666669978035,0.1476000016927719,0.14766666705409687,0.17255000066012144,0.13301250938113265,0.10999999940395355,0.6100000143051147,False,False,False,False,False,False,False,False,False,-74.50980437988963,noise,54.29648160618405,False,False,False,False,,Realty,"Residential, Commercial Projects",1.0266940451745379,False,False
DHARMAJ.NS,2026-09-16,269.3999938964844,269.65416463216144,269.75416564941406,266.80899932861325,261.20153361002605,255.54495010375976,269.4918934903328,210.64999389648438,349.79998779296875,True,True,False,True,True,False,True,False,False,-21.526360770234188,noise,86.6398034230982,False,False,False,False,,Fertilizers & Agrochemicals,Pesticides & Agrochemicals,39.57905544147844,False,False
DHATRE.NS,2026-09-18,,,,,,,,,,False,False,False,False,False,False,False,False,False,,noise,,False,False,False,False,,Industrial Products,Iron & Steel Products,,False,False
DHOOTTRANS.NS,2026-09-18,,,,,,,,,,False,False,False,False,False,False,False,False,False,,noise,,False,True,False,False,,Auto Components,Auto Components & Equipments,,False,False
DHRUV.NS,2026-09-16,21.459999084472656,22.799999872843426,23.851944340599907,24.37479995727539,28.363133303324382,32.412299966812135,22.56400472545307,21.040000915527344,59.66999816894531,False,False,False,False,False,False,False,False,False,-62.15835050092875,red,170.21242433486938,False,False,False,True,,Commercial Services & Supplies,Consulting Services,3.336755646817249,False,False
DHUNINV.NS,2026-09-16,977.2000122070312,1004.2500050862631,971.1960957845052,961.1535424804688,896.8142635091145,957.2665939331055,997.4471875481164,665.0414392053011,1568.2457463691665,True,False,False,True,True,True,False,False,False,-30.583897628792776,dry,10.742241297282137,False,False,False,False,,Finance,Non Banking Financial Company (NBFC),26.899383983572893,False,False
DTIL.NS,2026-09-16,137.0,146.9341672261556,141.57757631937662,139.42098190307618,135.9251742553711,140.12219635009765,144.0950086178834,100.5264407641267,196.026549254595,False,False,False,False,False,True,False,False,False,-27.92647344858924,dry,12.334020146520148,False,False,False,False,,Agricultural Food & other Products,Tea & Coffee,30.287474332648873,False,False
DVL.NS,2026-09-16,275.20001220703125,285.4691696166992,272.4731847974989,263.3727322387695,244.50791198730468,251.0476538848877,283.9988306709659,185.99911365423574,373.3187679942109,True,False,False,True,True,True,False,False,False,-21.133508048922,noise,46.943582964733,False,False,False,False,,Industrial Products,Packaging,39.93839835728953,False,False
DIAMINESQ.NS,2026-09-18,256.7699890136719,250.78249740600586,246.3241670396593,249.07480041503905,248.16146728515625,250.80960037231446,252.89374212185436,208.00999450683594,377.1000061035156,True,False,False,False,True,False,False,True,False,-28.565869997583725,noise,27.38165315306762,False,True,False,False,,Chemicals & Petrochemicals,Specialty Chemicals,29.312114989733058,False,False
DIACABS.NS,2026-09-18,366.79998779296875,352.32499440511066,349.8630532158746,325.3643994140625,220.12546615600587,198.81484970092774,363.8578832950461,115.56999969482422,404.0,True,True,True,True,True,True,True,True,False,139.4568516329236,noise,20.020427314957125,False,False,False,False,,Electrical Equipment,Other Electrical Equipment,98.20328542094457,True,True
DICIND.NS,2026-09-16,610.2999877929688,598.5124867757162,566.9208280775282,552.0689965820312,530.1564388020834,522.8653622436524,602.4779831151399,447.9634122961736,638.9500122070312,True,True,True,True,True,True,True,True,False,8.485344995191513,noise,32.50730405493869,False,True,False,False,,Chemicals & Petrochemicals,Printing Inks,71.7659137577002,True,True
DTL.NS,2026-09-17,143.0,130.5,123.86111111111111,123.86000015258789,119.53333323160807,124.43374992370606,132.58151257766747,82.05000305175781,178.0,True,False,False,False,True,True,True,True,False,10.000000000000009,dry,0.0,False,False,False,False,,Commercial Services & Supplies,Diversified Commercial Services,73.20328542094457,True,False
DIFFNKG.NS,2026-09-17,435.8500061035156,452.9249979654948,419.71888732910156,411.96313232421875,343.33166056315105,330.4788231658936,440.3848142675197,215.99034037428646,519.9000244140625,True,True,True,True,True,True,True,False,False,11.702752278940022,dry,16.852941458012797,False,False,False,False,,Industrial Products,Other Industrial Products,74.7946611909651,True,True
DGCONTENT.NS,2026-09-16,23.8799991607666,24.44000005722046,24.580833382076687,24.807800064086916,26.40326670328776,27.517899999618532,24.22876565905227,21.610000610351562,39.56999969482422,False,False,False,False,False,False,False,False,False,-37.87721120215068,dry,10.165818460006784,False,False,False,False,,Media,Advertising & Media Agencies,19.147843942505133,False,False
DIGIDRIVE.NS,2026-09-16,17.219999313354492,17.584166208902996,17.6452776061164,17.862799911499025,19.723799985249837,21.119449949264528,17.49448856081515,16.100000381469727,34.20000076293945,False,False,False,False,False,False,False,False,False,-47.802369089922436,red,212.71836637077817,False,False,False,False,,Retailing,E-Retail/ E-Commerce,9.702258726899384,False,False
DIGIKORE.NS,2026-09-16,39.349998474121094,39.09583314259847,38.940277841356064,42.13200019836426,59.096333287556966,62.2757500076294,38.82752613079239,30.25,190.0,False,False,False,False,False,True,False,True,True,-78.22357546281968,noise,20.09707265281359,False,False,False,False,,Entertainment,Media & Entertainment,0.7700205338809034,False,False
DIGISPICE.NS,2026-09-16,16.450000762939453,16.772499879201252,17.12416670057509,17.723200035095214,18.680200023651125,19.792850022315978,16.672166595640075,14.819999694824219,35.5,False,False,False,False,False,False,False,False,False,-36.803686788302706,green,166.48311204240733,False,False,False,False,,IT - Services,IT Enabled Services,20.277207392197123,False,False
DIGITIDE.NS,2026-09-17,84.81999969482422,91.70499928792317,97.22305615743001,98.66520050048828,93.34826675415039,101.62815017700196,89.80604483453904,69.9000015258789,196.1199951171875,False,False,False,False,False,False,False,False,False,-55.39310943075848,noise,52.36398855227471,False,True,False,False,,IT - Services,IT Enabled Services,5.749486652977413,False,False
DIGJAMLMTD.NS,2026-09-16,61.75,56.35249932607015,52.01277785831027,49.690200119018556,46.46359995524089,47.12289993286133,59.64338297364937,36.029998779296875,73.19000244140625,True,False,True,True,True,True,True,True,False,7.186251251149178,dry,6.651805656858316,False,False,False,False,,Textiles & Apparels,Other Textile Products,70.58521560574948,True,False
DNAMEDIA.NS,2026-09-16,2.450000047683716,2.560000022252401,2.6513888703452215,2.695399971008301,2.952066669464111,3.1741500079631804,2.530324053195304,2.259999990463257,5.340000152587891,False,False,False,False,False,False,False,False,False,-50.20325183553227,red,167.0683159435719,False,False,False,True,,Media,Electronic Media,8.213552361396303,False,False
DBL.NS,2026-09-16,406.20001220703125,399.1374994913737,417.58194647894965,416.5130010986328,432.0653340657552,439.26725036621093,401.9078357673139,381.54998779296875,585.0,False,False,False,False,False,False,False,True,False,-21.97463863692053,ppv,40.95594373422647,False,False,False,False,,Construction,Civil Construction,38.96303901437372,False,False
DISAQ.NS,2026-09-18,,,,,,,,,,False,False,False,False,False,False,False,False,False,,noise,31.212977307937663,False,False,False,False,,Industrial Manufacturing,Industrial Products,,False,False
DISHTV.NS,2026-09-18,2.559999942779541,2.5516666571299234,2.712499976158142,2.7655999851226807,2.987599987188975,3.1823999959230425,2.574993026659952,1.8200000524520874,5.96999979019165,False,False,False,False,False,True,False,False,False,-55.47826186470364,red,261.9077027650222,False,False,False,False,,Entertainment,TV Broadcasting & Software Production,5.646817248459959,False,False
DCAL.NS,2026-09-16,162.0800018310547,172.03916803995767,179.55861197577582,182.61400115966796,179.25920033772786,193.352900390625,169.06022834998436,128.5,321.95001220703125,False,False,False,False,False,False,False,False,False,-38.547866604339454,noise,58.45810410378128,False,False,False,False,,Pharmaceuticals & Biotechnology,Pharmaceuticals,18.583162217659137,False,False
DIVGIITTS.NS,2026-09-16,1119.699951171875,1186.9791361490886,1142.0527920193142,1086.613974609375,862.5284505208333,796.4337725830078,1164.6460358239135,572.068130803166,1326.0175300078042,True,True,True,True,True,True,True,False,False,69.98092376138803,noise,80.60959384090913,False,False,False,False,,Auto Components,Auto Components & Equipments,93.48049281314168,True,True
DIVISLAB.NS,2026-09-17,9323.0,9309.125,8834.0,8394.774853515624,7082.361946614584,6883.233728027344,9268.04627355497,5613.352076705792,9615.0,True,True,True,True,True,True,True,True,False,53.478898514727135,noise,98.25850520739239,False,False,False,False,,Pharmaceuticals & Biotechnology,Pharmaceuticals,90.40041067761807,True,True
DPEL.NS,2026-09-17,642.6500244140625,612.4833374023438,579.2569478352865,578.9730029296875,482.7409999593099,432.6214998626709,620.9438561965371,227.8000030517578,655.0,True,True,True,True,True,True,True,True,False,157.67844432297778,noise,72.93161166905787,False,False,True,False,,Industrial Products,Cables - Electricals,98.61396303901438,True,True
DIXON.NS,2026-09-18,13005.0,13759.666666666666,14152.777777777777,14090.3,12155.986666666666,12104.73,13547.215694978931,9600.0,18471.0,True,True,False,True,False,True,False,False,False,-28.1888459414688,noise,84.49065308951947,False,False,False,False,,Consumer Durables,Consumer Electronics,29.97946611909651,False,False
DJML.NS,2026-09-16,78.13999938964844,76.35333315531413,93.76000022888184,97.98180023193359,96.85166264851888,90.19201511383056,79.0288661695356,51.935996330415506,124.64639518710236,False,True,False,True,False,True,False,False,False,-22.137448917260695,noise,24.59089648156492,False,False,False,False,,Transport Services,Logistics Solution Provider,38.809034907597535,False,False
DLF.NS,2026-09-18,644.3499755859375,653.2749938964844,662.3763868543837,660.2251611328124,609.2832379150391,622.0734712219238,646.407141729601,483.3317854758361,782.9698762167067,True,False,False,True,False,True,True,False,False,-16.685002175006925,noise,80.98444263598034,False,False,False,False,,Realty,"Residential, Commercial Projects",45.17453798767967,False,False
DMCC.NS,2026-09-16,259.29998779296875,286.45416259765625,285.02492184109155,278.8149026489258,259.95918050130206,255.5909457397461,280.99460570589866,189.6849424177935,330.00320506586485,False,True,False,True,False,True,True,False,False,-14.461688756932645,noise,90.03266761774748,False,False,False,False,,Chemicals & Petrochemicals,Specialty Chemicals,47.94661190965092,False,False
DHTL.NS,2026-09-16,29.399999618530273,32.704166412353516,33.04583348168267,34.234000015258786,40.48766642252604,47.84799945831299,32.21124754388232,29.399999618530273,125.19999694824219,False,False,False,False,False,False,False,False,False,-28.29268385724324,noise,20.408163265306122,False,False,False,True,,Other Consumer Services,E-Learning,29.62012320328542,False,False
DODLA.NS,2026-09-16,1063.5999755859375,1077.1083374023438,1077.7972276475693,1078.6900048828124,1083.6827286783855,1115.4237731933595,1080.7432991749247,959.925286216164,1480.959306464207,False,False,False,False,False,False,False,False,False,-24.62954295007711,noise,49.55927617848862,False,False,False,False,,Food Products,Dairy Products,35.06160164271047,False,False
DOLATALGO.NS,2026-09-16,67.47000122070312,69.89333279927571,70.69222174750433,70.51659973144531,73.80919998168946,76.09730728149414,69.58371489720159,64.95999908447266,95.63547251598347,False,False,False,False,False,False,False,False,False,-20.678812275846415,noise,86.94552741350637,False,False,False,False,,Capital Markets,Stockbroking & Allied,40.4517453798768,False,False
DOLLAR.NS,2026-09-16,266.79998779296875,266.84583282470703,269.704167260064,266.76118103027346,268.2921859741211,285.12065055847165,267.7353212477658,217.9330629801214,391.38998363057124,False,False,False,False,True,False,False,False,False,-25.92137728502948,noise,49.63657072916681,False,False,False,False,,Textiles & Apparels,Garments & Apparels,33.0082135523614,False,False
DOLLEX.NS,2026-09-16,37.0,37.17499987284342,33.65555556615194,32.54600006103516,31.750999972025554,33.41025002479553,37.2040786521372,26.0,43.54999923706055,True,False,False,False,True,True,True,False,False,-12.838635253211873,noise,30.18115438530689,False,False,False,False,,Agricultural Food & other Products,Sugar,49.94866529774127,False,False
DOLPHIN.NS,2026-09-16,635.0999755859375,645.4916636149088,550.018052842882,503.41199768066406,436.37999837239585,432.5634989929199,647.5967509553647,322.0,741.4000244140625,True,True,True,True,True,True,True,False,False,60.72377208547084,noise,40.44988949934166,False,False,False,False,,Oil,Offshore Support Solution Drilling,91.58110882956879,True,True
DOMS.NS,2026-09-16,2085.199951171875,2180.0,2214.088826497396,2231.76427734375,2260.2953938802084,2322.9367883300783,2156.030680273802,2020.548311951282,2750.437480198048,False,False,False,False,False,False,True,False,False,-19.470286480375208,noise,43.57790455439093,False,False,False,False,,Household Products,Stationary,41.940451745379875,False,False
DONEAR.NS,2026-09-18,83.79000091552734,85.53149668375652,85.32489331563313,85.14451904296875,87.96438776652018,89.07526027679444,84.1367563623922,77.41257899253465,116.22861284574053,False,False,False,False,False,False,False,False,False,-13.825628004474078,noise,34.55872550650938,False,False,False,False,,Textiles & Apparels,Other Textile Products,48.51129363449692,False,False
DRAGARWQ.NS,2026-09-17,,,,,,,,,,False,False,False,False,False,False,False,False,False,,noise,,False,False,False,False,,Healthcare Services,Hospital,,False,False
AGARWALEYE.NS,2026-09-17,500.1499938964844,510.34166717529297,508.3999998304579,502.135,468.2440008544922,473.0345008850098,507.1650044467036,401.0,568.0,True,False,False,True,False,False,True,False,False,15.348244201149974,dry,12.548085199576942,False,True,False,False,,Healthcare Services,Hospital,77.20739219712526,True,False
LALPATHLAB.NS,2026-09-18,1896.9000244140625,1907.2166544596355,1912.2166680230034,1862.6920043945313,1615.5866137695311,1567.1123388671874,1905.7889280523207,1266.16157090969,2038.5999755859375,True,True,True,True,True,True,True,False,False,17.475568077354797,green,136.4448973596458,False,True,False,False,,Healthcare Services,Healthcare Service Provider,78.02874743326488,True,True
DRREDDY.NS,2026-09-18,1185.0,1153.8916625976562,1170.066667344835,1177.422001953125,1247.5659627278646,1244.3693334960938,1158.7872723786427,1101.0,1405.9838095385528,False,True,False,False,True,False,True,True,False,-9.065514847840195,ppv,160.39315046718815,False,False,False,False,,Pharmaceuticals & Biotechnology,Pharmaceuticals,54.92813141683778,False,False
DRCSYSTEMS.NS,2026-09-16,12.479999542236328,13.185000022252401,13.106111076143053,13.22359998703003,14.349333324432372,14.982199969291687,12.928257731005756,11.5,23.68000030517578,False,False,False,False,False,False,False,False,False,-45.668263320405934,noise,74.7547424607081,False,False,False,False,,IT - Software,Computers - Software & Consulting,10.882956878850102,False,False
DREAMFOLKS.NS,2026-09-18,64.76000213623047,66.29083506266277,67.46333418952094,67.63700057983398,73.03346674601237,80.73190013885498,66.13566590683409,56.0,160.0,False,False,False,False,False,False,False,False,False,-53.06225877853157,noise,59.97988764550476,False,False,False,False,,Transport Infrastructure,Airport & Airport services,6.930184804928132,False,False
DREDGECORP.NS,2026-09-18,992.2999877929688,1031.5333048502605,1082.4083319769966,1069.357998046875,1020.6816674804687,1018.2689999389648,1020.1273446541263,538.0,1286.0,False,True,True,True,False,True,True,False,False,51.42682836528141,noise,26.169294988804054,False,True,False,False,,Engineering Services,Dredging,90.19507186858317,True,False
DRONE.NS,2026-09-16,33.150001525878906,33.59166685740153,36.79583337571886,37.56500015258789,42.90666669209798,47.937750034332275,33.613407877222016,31.700000762939453,101.8499984741211,False,False,False,False,False,False,False,False,False,-63.22795234078538,noise,41.04368220463207,False,True,False,False,,Other Consumer Services,Education,2.772073921971253,False,False
DRSDILIP.NS,2026-09-16,107.0,107.0,108.30833371480306,108.7820002746582,111.2533334350586,98.79274999618531,107.06351622278643,52.25,119.5,False,True,True,False,False,True,True,False,False,9.183673469387754,dry,0.0,False,False,False,False,,Transport Services,Logistics Solution Provider,72.43326488706366,True,False
KEEPLEARN.NS,2026-09-16,1.8300000429153442,1.8933333257834117,1.915833334128062,1.8937999987602234,1.947799994945526,2.053899994492531,1.8881266123560385,1.5099999904632568,3.2100000381469727,False,False,False,False,False,False,False,False,False,-32.72058736520037,noise,83.88636165972781,False,False,False,False,,Other Consumer Services,Education,24.33264887063655,False,False
DUGLOBAL.NS,2026-09-16,23.450000762939453,24.237500031789143,25.070833259158665,26.103999977111815,33.53866673787435,32.70500010490417,23.940747043576852,21.299999237060547,49.0,False,True,False,False,False,False,False,False,False,-47.77282858348316,dry,0.0,False,False,False,False,,Leisure Services,"Tour, Travel Related Services",9.75359342915811,False,False
DUCOL.NS,2026-09-16,122.4000015258789,117.1875,110.59861056009929,109.6109994506836,114.51466623942058,124.14399982452393,119.29071986423538,90.0,209.5,False,False,False,False,True,True,False,True,False,-25.36585272812262,red,157.65765765765767,False,False,False,False,,Chemicals & Petrochemicals,Dyes And Pigments,33.72689938398357,False,False
DUCON.NS,2026-09-17,1.2699999809265137,1.7583333055178325,2.35563216275639,2.54225515127182,3.0460850485165913,3.172863784432411,1.6920459377992398,1.2699999809265137,6.449999809265137,False,False,False,False,False,False,False,False,False,-79.87321723544926,red,1469.4505661036544,False,False,False,True,,Industrial Manufacturing,Industrial Products,0.6673511293634496,False,False
DURLAX.NS,2026-09-17,57.150001525878906,62.02916685740153,60.96111096276177,57.68699989318848,52.32477381388346,49.21299695968628,60.60635959036584,30.549999237060547,72.0,True,True,True,True,False,True,True,False,False,39.39024762409489,noise,77.83543365455893,False,False,False,False,,Consumer Durables,"Furniture, Home Furnishing",86.80698151950719,True,False
DWARKESH.NS,2026-09-16,41.040000915527344,46.21916707356771,45.67611100938585,44.91725700378418,43.33677828470866,41.621074180603024,45.114281089961395,32.045448076776864,59.900001525878906,False,True,True,True,False,False,False,False,False,-3.407773749307097,noise,55.855019686892845,False,False,False,False,,Agricultural Food & other Products,Sugar,61.293634496919914,False,False
DSSL.NS,2026-09-16,1018.7999877929688,1033.5666605631511,1129.7601860894097,1160.7558959960938,1169.5260717773438,1115.636566772461,1040.9562279287222,780.6596368203953,1923.9611771253476,False,True,True,False,False,True,False,False,False,5.582868066917901,noise,70.48361520703874,False,False,False,False,,IT - Services,IT Enabled Services,68.78850102669405,False,False
DYNAMATECH.NS,2026-09-18,12061.0,11810.75,11453.480224609375,11140.06326171875,10686.424114583333,10263.91962890625,11885.967343973785,6707.758197256808,12865.829460466755,True,True,True,True,True,True,True,True,False,71.98348129391331,noise,74.67454100705257,False,False,False,False,,Industrial Manufacturing,Industrial Products,93.8911704312115,True,True
DYCL.NS,2026-09-18,457.3999938964844,469.5374984741211,450.55694664849176,436.1970007324219,358.9870250447591,348.84753227233887,456.6251813206636,236.47180790832357,560.0,True,True,True,True,True,True,True,True,False,5.818368309282751,noise,25.709980390224263,False,False,False,False,,Industrial Products,Cables - Electricals,69.04517453798768,False,False
DYNAMIC.NS,2026-09-16,133.39999389648438,140.85833104451498,139.1111102634006,143.90199951171874,135.99433319091796,133.55424983978273,140.19655646662585,84.69999694824219,183.89999389648438,False,True,True,True,False,True,False,False,False,8.676166107115591,red,201.949860724234,False,False,False,False,,Commercial Services & Supplies,Diversified Commercial Services,71.97125256673512,True,False
DYNPRO.NS,2026-09-17,227.85000610351562,231.77937952677408,238.72269354926215,237.27887420654298,231.7280293782552,234.94188941955565,230.73713230791748,189.5926529786635,370.14289841599674,False,False,False,True,False,False,False,False,False,-37.33233718948774,dry,5.922069946226142,False,False,False,False,,Chemicals & Petrochemicals,Specialty Chemicals,19.815195071868583,False,False
EFACTOR.NS,2026-09-16,162.0500030517578,170.89399337768555,182.2347068786621,176.19901489257813,197.19337229410806,224.80931282043457,169.17392024167128,148.87500202644688,345.38999009201893,False,False,False,False,False,False,False,False,False,-39.040438619632546,noise,80.88978766430738,False,True,False,False,,Other Consumer Services,Other Consumer Services,17.71047227926078,False,False
E2E.NS,2026-09-18,607.6500244140625,605.3999989827474,610.2958357069227,567.6500030517578,399.26966756184896,353.3871506500244,604.9955089283465,183.36000061035156,698.0,True,True,True,True,True,True,True,True,False,105.53713783861566,noise,42.4983082596747,False,False,False,False,,IT - Services,IT Enabled Services,96.61190965092402,True,True
EASTWEST.NS,2026-09-17,,,,,,,,,,False,False,False,False,False,False,False,False,False,,noise,,False,False,False,True,,Transport Services,Logistics Solution Provider,,False,False
EASEMYTRIP.NS,2026-09-18,5.760000228881836,5.870833357175191,6.155277782016331,6.338000011444092,7.191866655349731,7.176349992752075,5.845620562512841,5.710000038146973,10.600000381469727,False,True,False,False,False,False,False,False,False,-34.61975079982529,noise,81.00480494755422,False,False,False,True,,Leisure Services,"Tour, Travel Related Services",22.02258726899384,False,False
EBIX.NS,2026-09-17,,,,,,,,,,False,False,False,False,False,False,False,False,False,,noise,,False,False,False,False,,Automobiles,2/3 Wheelers,,False,False
ECLERX.NS,2026-09-18,1915.5999755859375,1918.9583231608074,1888.8685133192275,1877.8142553710939,1633.244306640625,1789.9552374267578,1919.924350671493,1319.2685842580436,2496.1160957516863,True,False,False,True,True,True,True,False,False,-13.05684145021363,noise,50.49732154585571,False,False,False,False,,Commercial Services & Supplies,Business Process Outsourcing (BPO)/ Knowledge Process Outsourcing (KPO),49.58932238193018,False,False
ECORECO.NS,2026-09-17,,,,,,,,,,False,False,False,False,False,False,False,False,False,,noise,,False,False,False,False,,Other Utilities,Waste Management,,False,False
ECOSMOBLTY.NS,2026-09-17,106.88999938964844,111.38500150044759,117.57314003838434,120.35878540039063,128.9749532063802,146.31818901062013,109.99969501947086,101.82549140363518,287.87203609037533,False,False,False,False,False,False,False,False,False,-62.401902097517755,noise,68.7564008606515,False,False,False,False,,Transport Services,Road Transport,3.285420944558522,False,False
EDELWEISS.NS,2026-09-18,136.25,131.98836962381998,124.60951042175293,122.55287292480469,116.84791422526041,114.32986343383789,131.24731904513345,96.92496747850444,139.35435997550803,True,True,True,True,True,True,True,True,False,19.750694623444232,green,161.89198440615775,False,False,False,False,,Finance,Holding Company,79.15811088295688,True,True
EDUCOMP.NS,2026-09-16,0.8999999761581421,0.9050000011920929,0.9030555552906461,0.9076000022888183,0.9541333365440369,1.0021500033140183,0.9038032318733872,0.8500000238418579,1.5800000429153442,False,False,False,False,False,False,False,False,False,-38.77551301757307,dry,0.0,False,True,False,False,,Other Consumer Services,Education,18.22381930184805,False,False
EFCIL.NS,2026-09-17,177.9499969482422,188.1699981689453,189.7694443596734,190.98760009765624,196.81932881673177,217.19074630737305,185.2958126963014,171.4199981689453,335.8500061035156,False,False,False,False,False,False,False,False,False,-43.49897124904145,noise,74.20461844475554,False,False,False,False,,Commercial Services & Supplies,Diversified Commercial Services,13.090349075975361,False,False
EFFWA.NS,2026-09-17,360.3999938964844,361.64583079020184,356.0388878716363,360.71699951171877,292.2643326822917,275.01424934387205,359.73508199035615,165.0,399.95001220703125,True,True,True,True,False,True,True,True,False,66.89048344041572,noise,67.5,False,False,False,False,,Other Utilities,Waste Management,92.71047227926078,True,False
EICHERMOT.NS,2026-09-18,7516.0,7599.458333333333,7867.180555555556,7772.17732421875,7390.816533203125,7345.950832519531,7585.453816983711,6375.239328850012,8165.0,True,True,True,True,False,False,True,False,False,9.67876811351529,noise,90.83930576481826,False,False,False,False,,Automobiles,2/3 Wheelers,72.84394250513347,True,False
EIDPARRY.NS,2026-09-18,700.7000122070312,736.9458312988281,775.7458292643229,773.6939990234375,790.7136673990885,836.2647509765625,725.8545509430161,682.75,1118.0,False,False,False,False,False,False,False,False,False,-36.0558513429182,red,153.81031989097835,False,False,False,True,,Food Products,Other Food Products,20.89322381930185,False,False
EIHOTEL.NS,2026-09-18,317.8999938964844,292.78333282470703,300.6180538601345,309.35040405273435,312.9565736897786,321.99636947631836,296.2172076967747,269.9251049923642,412.08004369538395,False,False,False,False,True,False,True,True,False,-20.531895083258846,ppv,540.4464391415485,True,False,False,False,,Leisure Services,Hotels & Resorts,41.016427104722794,False,False
EIHAHOTELS.NS,2026-09-17,294.95001220703125,293.70833587646484,298.5847227308485,303.46562927246094,309.8759499104818,318.4618167114258,291.41876952686835,263.7054340426054,408.1426583259374,False,False,False,False,False,False,False,True,False,-26.241264975948663,noise,96.43889950272715,False,False,False,False,,Leisure Services,Hotels & Resorts,32.597535934291585,False,False
EIMCOELECO.NS,2026-09-16,2277.10009765625,2250.183308919271,2071.7250061035156,1999.5880053710937,1742.2628694661457,1706.2020428466797,2255.1647591015744,1401.8188379398755,2373.76648551747,True,True,True,True,True,True,True,True,False,6.288634605575472,ppv,116.24374164938563,False,False,False,False,,Industrial Manufacturing,Industrial Products,69.55852156057495,False,False
EKI.NS,2026-09-17,,,,,,,,,,False,False,False,False,False,False,False,False,False,,noise,,False,True,False,False,,Commercial Services & Supplies,Consulting Services,,False,False
ELANTAS.NS,2026-09-18,,,,,,,,,,False,False,False,False,False,False,False,False,False,,noise,70.56769187841475,False,False,False,False,,Chemicals & Petrochemicals,Specialty Chemicals,,False,False
ELCIDIN.NS,2026-09-18,,,,,,,,,,False,False,False,False,False,False,False,False,False,,red,100.15408320493067,False,False,False,False,,Finance,Investment Company,,False,False
ELDEHSG.NS,2026-09-18,781.7000122070312,776.9009958902994,775.7150353325737,775.5453747558594,802.8224763997396,828.6440963745117,776.21145125715,693.4582614508922,1032.057271480256,False,False,False,False,True,False,True,True,False,-0.8756618255018167,dry,4.703245464406108,False,False,False,False,,Realty,"Residential, Commercial Projects",63.80903490759754,False,False
ELECON.NS,2026-09-17,414.6000061035156,421.1416702270508,428.602778116862,435.81800048828126,459.3271171061198,456.53768692016604,418.23078714954346,351.0001816860465,632.5128493651639,False,True,False,False,False,False,False,False,False,-33.76337336864624,noise,23.02323733208683,False,False,False,False,,Electrical Equipment,Heavy Electrical Equipment,23.049281314168375,False,False
EFORCE.NS,2026-09-16,18.75,19.75416660308838,20.640277862548828,20.978000106811525,23.434666735331216,25.951250104904176,19.542496729386716,16.149999618530273,47.0,False,False,False,False,False,False,False,False,False,-52.88944633310302,red,269.1511387163561,False,False,False,False,,Electrical Equipment,Other Electrical Equipment,6.981519507186857,False,False
EMIL.NS,2026-09-18,196.27999877929688,184.39416885375977,177.81000137329102,164.48740112304688,127.61313374837239,120.89845024108887,186.23596949871637,84.9000015258789,202.86000061035156,True,True,True,True,True,True,True,True,False,28.1619370562721,ppv,217.75720602170995,False,False,True,False,,Retailing,Diversified Retail,83.0082135523614,True,True
ELECTCAST.NS,2026-09-18,73.37999725341797,78.19333394368489,75.75359895494249,74.82942962646484,75.97612180074056,75.11146711349487,76.47547065970457,59.40690087106614,101.72752200650129,False,True,False,False,False,False,False,False,False,-26.29909070623675,red,106.16279542869546,False,False,False,False,,Industrial Products,Iron & Steel Products,32.49486652977412,False,False
ELECTHERM.NS,2026-09-16,941.1500244140625,969.2124989827474,1001.5486111111111,1019.2250012207031,882.6583325195312,873.1364987182617,963.9226135137953,551.0,1277.0,True,True,True,True,False,True,False,False,False,-9.01048517152806,noise,30.12430491761083,False,False,False,False,,Industrial Products,Iron & Steel Products,55.13347022587269,False,False
ELGIEQUIP.NS,2026-09-17,593.2999877929688,620.2916615804037,608.6944410536024,600.4227087402344,562.8774255371094,538.0458164978028,612.1396455556014,406.3547440834414,653.4000244140625,True,True,True,True,False,True,True,False,False,20.55154728224022,noise,70.57669891738026,False,False,False,False,,Industrial Products,"Compressors, Pumps & Diesel Engines",79.67145790554414,True,False
ELGIRUBCO.NS,2026-09-16,56.68000030517578,59.02250003814697,59.34444438086616,58.927399978637695,50.47040011088053,49.07215005874634,58.3557953993093,32.720001220703125,72.69000244140625,True,True,False,True,False,True,True,False,False,-19.55719409359684,noise,52.36544243310439,False,False,False,False,,Industrial Products,Rubber,41.837782340862425,False,False
ELIN.NS,2026-09-16,88.70999908447266,94.37583351135254,98.1913890838623,99.59880004882812,111.50033340454101,123.83464984893799,93.0476453106275,83.97000122070312,234.0,False,False,False,False,False,False,False,False,False,-60.063927819534,noise,47.501324557885994,False,False,False,False,,Consumer Durables,Household Appliances,4.055441478439425,False,False
ELITECON.NS,2026-09-17,,,,,,,,,,False,False,False,False,False,False,False,False,False,,noise,,False,False,False,False,,Cigarettes & Tobacco Products,Cigarettes & Tobacco Products,,False,False
ELLEN.NS,2026-09-17,371.0,350.8166681925456,322.20555538601343,312.215,271.0388671875,280.31165016174316,358.69012759762524,175.0,550.5499877929688,True,False,False,True,True,True,False,True,False,-31.882863606014922,red,158.496805792127,False,True,False,False,,Chemicals & Petrochemicals,Industrial Gases,25.154004106776178,False,False
ELPROINTL.NS,2026-09-17,,,,,,,,,,False,False,False,False,False,False,False,False,False,,dry,2.4965368288700343,False,False,False,False,,Realty,"Residential, Commercial Projects",,False,False
EMAMILTD.NS,2026-09-18,368.45001220703125,367.70833079020184,388.41805436876086,395.0729998779297,416.42766723632815,439.00592437744143,370.0058227751523,361.1499938964844,602.0840578111723,False,False,False,False,False,False,False,False,False,-37.71370437074094,red,333.6810094131848,False,False,False,False,,Personal Products,Personal Care,19.301848049281315,False,False
EMAMIPAP.NS,2026-09-17,111.97000122070312,114.44666544596355,111.65901883443196,107.53726730346679,87.29035275777181,86.3312167930603,114.15224073603206,53.53796318085757,130.1459177836226,True,True,True,True,True,True,True,False,False,11.309972960778447,dry,9.05285021579903,False,True,False,False,,"Paper, Forest & Jute Products",Paper & Paper Products,74.28131416837782,True,True
EMAMIREAL.NS,2026-09-16,66.30999755859375,68.34249941507976,72.22722223069933,74.10099990844726,76.68693344116211,77.13845008850097,68.43849100986164,48.20000076293945,121.3499984741211,False,False,False,False,False,True,False,False,False,-43.19369857650652,noise,72.92441485161167,False,False,False,False,,Realty,"Residential, Commercial Projects",13.449691991786446,False,False
EMBDL.NS,2026-09-18,53.880001068115234,56.359999338785805,60.29972214168973,61.06880004882812,58.40613316853841,60.12869985580444,55.87228672141629,39.459999084472656,105.69999694824219,False,False,False,True,False,True,False,False,False,-48.29670709003645,noise,90.57514618076539,False,True,False,False,,Realty,"Residential, Commercial Projects",9.342915811088295,False,False
EMBASSY.NS,2026-09-16,439.5799865722656,438.8150049845378,438.53063201904297,438.35786376953126,426.78989664713544,424.8245849609375,439.0607095227801,377.2751180779187,453.25,True,True,True,True,True,False,True,True,False,12.211035777433498,noise,30.259069837033724,False,False,False,False,,Realty,Real Estate Investment Trusts (REITs),75.05133470225873,True,False
EMCURE.NS,2026-09-18,2003.800048828125,1942.0666910807292,1922.1374884711372,1903.6602319335936,1729.923798014323,1663.5069262695313,1947.5156272087174,1257.554251234414,2100.699951171875,True,True,True,True,True,True,True,True,False,49.72756457617082,ppv,985.5814801600742,False,False,False,False,,Pharmaceuticals & Biotechnology,Pharmaceuticals,89.47638603696099,True,True
EMKAY.NS,2026-09-16,242.3000030517578,255.1691665649414,245.53182771470813,246.65168823242186,240.1742860921224,247.40394256591796,249.98027190448818,184.84590656704063,407.3566688537535,False,False,False,False,False,True,False,False,False,10.909706435279954,noise,45.661316366616056,False,False,False,False,,Capital Markets,Stockbroking & Allied,73.81930184804928,True,False
EMKAYTOOLS.NS,2026-09-16,93.0,94.57500076293945,92.7416672176785,92.9690005493164,98.18666702270508,101.80950012207032,94.41968527744785,83.0999984741211,168.0,False,False,False,False,True,False,False,False,False,-40.9898500010747,red,137.5,False,False,False,False,,Industrial Manufacturing,Industrial Products,16.06776180698152,False,False
EMMBI.NS,2026-09-16,87.75,89.91908645629883,86.24951616923015,87.13986679077148,85.81518178304036,88.51869213104249,88.82572639779973,60.09986615645919,116.51201296054528,False,False,False,False,True,True,True,False,False,-16.198159233849573,noise,48.89692367346322,False,False,False,False,,Industrial Products,Packaging,45.58521560574948,False,False
EMMVEE.NS,2026-09-18,,,,,,,,,,False,False,False,False,False,False,False,False,False,,noise,40.436843935898416,False,False,False,False,,Electrical Equipment,Other Electrical Equipment,,False,False
EMPIND.NS,2026-09-17,,,,,,,,,,False,False,False,False,False,False,False,False,False,,noise,,False,False,False,False,,Diversified,Diversified,,False,False
EMPOWER.NS,2026-09-17,,,,,,,,,,False,False,False,False,False,False,False,False,False,,ppv,,False,False,True,False,,IT - Software,Computers - Software & Consulting,,False,False
EMSLIMITED.NS,2026-09-18,366.6499938964844,377.32539621988934,383.9167666965061,392.1438751220703,350.5415832519531,360.7747718811035,373.0214823363011,254.99628376774848,586.576114848201,True,False,False,True,False,True,False,False,False,-36.779414305977774,dry,19.095810208051486,False,False,False,False,,Other Utilities,Waste Management,20.32854209445585,False,False
EMUDHRA.NS,2026-09-18,613.4500122070312,544.6374918619791,535.9388851589626,513.7859973144531,474.8160876464844,496.54083740234375,571.530033082509,363.55785109080136,708.1674111226632,True,False,False,True,True,True,True,True,False,-10.657357131098077,red,139.3828598209539,False,False,False,False,,IT - Services,IT Enabled Services,52.772073921971256,False,False
ENDURANCE.NS,2026-09-18,2732.0,2718.6416625976562,2858.122219509549,2817.073701171875,2602.416484375,2585.5806665039063,2716.890432039423,2134.0128277243602,3072.0,True,True,False,True,False,False,True,True,False,-4.764809690842942,noise,67.22600032925165,False,False,False,False,,Auto Components,Auto Components & Equipments,59.856262833675565,False,False
ENERGYDEV.NS,2026-09-16,14.079999923706055,15.195000012715658,16.063611136542427,16.342000045776366,16.355266653696695,17.072099986076356,14.971585310081487,13.149999618530273,29.690000534057617,False,False,False,False,False,False,False,False,False,-30.503456245601733,red,123.89231264422678,False,False,False,False,,Power,Power Generation,27.104722792607806,False,False
EMMIL.NS,2026-09-17,115.0,119.71250025431316,121.98611111111111,123.23700012207031,134.21199986775716,145.14574977874756,119.13805204858603,110.0,207.0,False,False,False,False,False,False,False,False,False,-38.829787234042556,red,134.06156901688183,False,False,False,False,,Industrial Manufacturing,Industrial Products,18.069815195071868,False,False
ENFUSE.NS,2026-09-16,153.9499969482422,157.18333307902017,161.47083282470703,163.07899963378907,175.6746664428711,186.95874977111816,155.98054699510922,145.0,260.0,False,False,False,False,False,False,False,False,False,-32.77292709683747,noise,65.359477124183,False,False,False,False,,IT - Services,IT Enabled Services,24.17864476386037,False,False
ENGINERSIN.NS,2026-09-18,266.3500061035156,271.15833791097003,254.0108354356554,246.5728012084961,233.95427388509114,222.63885246276857,266.6525978461903,162.352472800208,289.6499938964844,True,True,True,True,True,True,True,False,False,29.994640997471535,noise,49.32156051769196,False,False,False,False,,Construction,Civil Construction,83.5728952772074,True,True
ENKEIWHEL.NS,2026-09-17,,,,,,,,,,False,False,False,False,False,False,False,False,False,,noise,,False,False,False,False,,Auto Components,Auto Components & Equipments,,False,False
ENSER.NS,2026-09-16,14.699999809265137,14.954166730244955,14.820833312140572,14.47899995803833,14.278666655222574,14.691499977111816,14.856767825116803,7.800000190734863,23.149999618530273,True,False,False,False,True,True,False,False,False,-27.586205114588434,dry,9.157509157509157,False,False,False,False,,IT - Services,IT Enabled Services,30.903490759753595,False,False
ENIL.NS,2026-09-17,98.8499984741211,98.88430595397949,100.73165194193523,101.76619812011718,105.81762736002604,107.5677184677124,99.0172622437383,96.61521430767928,163.14905625381957,False,False,False,False,False,False,False,False,False,-37.59668528776881,dry,12.297294765474238,False,True,False,False,,Entertainment,Media & Entertainment,19.50718685831622,False,False
ENTERO.NS,2026-09-16,1731.800048828125,1817.3833516438801,1538.6277804904514,1448.8100024414061,1258.1660042317708,1215.201003112793,1784.157505028223,944.0,1920.0,True,True,True,True,True,True,True,False,False,50.04333062653528,noise,90.72524472552011,False,False,False,False,,Retailing,Pharmacy Retail,89.57905544147845,True,True
EIEL.NS,2026-09-17,199.63999938964844,200.4224993387858,203.63999938964844,209.72759979248048,194.7205329386393,193.82849975585938,200.47295045781712,134.7100067138672,276.1000061035156,True,True,False,True,False,True,False,False,False,-23.60032097704834,green,102.79911478555006,False,False,False,False,,Other Utilities,Water Supply & Management,37.01232032854209,False,False
EPACK.NS,2026-09-18,178.83999633789062,185.06749852498373,203.6625001695421,213.09640075683595,231.83533345540366,239.74675010681153,183.93769060229553,175.0399932861328,394.04998779296875,False,False,False,False,False,False,False,False,False,-54.25502218856967,noise,37.73240992379009,False,False,False,False,,Consumer Durables,Household Appliances,6.46817248459959,False,False
EPACKPEB.NS,2026-09-18,,,,,,,,,,False,False,False,False,False,False,False,False,False,,noise,29.217087487121834,False,False,False,False,,Industrial Manufacturing,Industrial Products,,False,False
EPIGRAL.NS,2026-09-16,1084.0,1176.7000020345051,1148.2416619194878,1128.897996826172,1091.0923156738281,1124.1637582397461,1147.3939228089257,803.5241978088796,1801.009455470607,False,False,False,True,False,True,False,False,False,-38.09342487752365,noise,20.566598520254775,False,False,False,False,,Chemicals & Petrochemicals,Specialty Chemicals,18.993839835728956,False,False
EPL.NS,2026-09-18,239.35000610351562,242.2250010172526,243.22000079684787,241.26440063476562,226.09459991455077,221.69089988708495,241.1508273293278,176.39999389648438,274.0299987792969,True,True,True,True,False,True,True,False,False,8.644290361650974,noise,48.137727759026944,False,False,False,False,,Industrial Products,Packaging,71.91991786447639,True,False
EQUIPPP.NS,2026-09-16,24.389999389648438,23.139166514078777,22.98555548985799,23.268399963378908,19.33479999542236,19.647049989700317,23.400768705886364,13.850000381469727,25.889999389648438,True,False,True,True,True,True,True,True,False,34.45424592222728,ppv,176.57284400003792,False,False,False,False,,IT - Software,Computers - Software & Consulting,85.06160164271047,True,False
EQUITASBNK.NS,2026-09-18,74.08999633789062,72.8816655476888,74.39805475870769,75.44399917602539,70.06006645202636,68.76809984207154,73.06942678275828,51.25,83.9000015258789,True,True,True,True,False,True,True,True,False,32.825381784320925,noise,94.90189633812673,False,False,False,False,,Banks,Other Bank,84.59958932238193,True,False
ERIS.NS,2026-09-16,1303.199951171875,1323.2416585286458,1343.8249918619792,1370.1959936523438,1369.0371126302084,1400.0840850830077,1326.3871905547276,1193.5948944523013,1730.7126256991257,False,False,False,False,False,False,True,False,False,-21.821514294441158,dry,18.145954521671438,False,False,False,False,,Pharmaceuticals & Biotechnology,Pharmaceuticals,39.1170431211499,False,False
ESABINDIA.NS,2026-09-16,5675.0,5952.833333333333,5951.666666666667,5876.931796875,5840.886969401042,5832.354018554687,5886.870276633677,4646.751263257824,7287.879453826482,False,True,True,True,False,False,True,False,False,12.755942912647122,noise,64.36868720741505,False,False,False,False,,Industrial Products,Other Industrial Products,75.46201232032854,True,False
ESAFSFB.NS,2026-09-16,38.959999084472656,40.992499669392906,41.04083304935031,39.55779983520508,31.372399927775064,30.266449918746947,40.476023185147525,19.780000686645508,44.9900016784668,True,True,True,True,False,True,True,False,False,32.92391605036833,dry,17.372510795622134,False,False,False,False,,Banks,Other Bank,84.70225872689939,True,False
ESCONET.NS,2026-09-16,225.1999969482422,234.7583325703939,188.5111115773519,171.84800064086915,139.4479999287923,138.9079999923706,233.32868463764856,91.25,280.0,True,True,False,True,True,True,True,False,False,5.752524149120974,dry,11.785040854808297,False,False,False,False,,IT - Hardware,Computers Hardware & Equipments,68.99383983572895,False,False
ESCORTS.NS,2026-09-18,2798.199951171875,2927.7999674479165,3025.0388929578994,3004.42,3031.1841552734377,3178.3794262695315,2895.70321376431,2669.79033448854,3923.3920175282797,False,False,False,False,False,False,False,False,False,-22.325316239259475,noise,87.71481485935566,False,False,False,False,,"Agricultural, Commercial & Construction Vehicles",Tractors,38.70636550308008,False,False
ESDS.NS,2026-09-18,,,,,,,,,,False,False,False,False,False,False,False,False,False,,noise,,False,False,False,False,,IT - Services,IT Enabled Services,,False,False
EASTSILK.NS,2026-09-16,61.2400016784668,61.43416690826416,61.6872222688463,58.53060012817383,59.49160013834636,64.289750289917,61.74110204233473,39.040000915527344,99.25,False,False,False,False,True,True,False,False,False,56.864754719075506,dry,13.206458045444208,False,False,False,False,,Textiles & Apparels,Other Textile Products,90.96509240246407,True,False
ESSARSHPNG.NS,2026-09-16,15.529999732971191,16.358333349227905,17.72138894928826,18.624000072479248,22.803666655222575,23.828849968910216,16.181578893762335,15.449999809265137,43.2599983215332,False,False,False,False,False,False,False,False,False,-35.291667779286705,noise,73.68554009859001,False,False,False,True,,Transport Services,Shipping,21.560574948665298,False,False
ESFL.NS,2026-09-16,124.5999984741211,118.68750063578288,122.48194482591417,121.34500030517579,126.40166676839193,137.06975021362305,119.91571379750842,108.30000305175781,350.8524932744043,False,False,False,False,True,False,False,True,False,-62.594999104931524,noise,55.72224603514788,False,False,False,False,,Consumer Durables,Plastic Products - Consumer,3.1314168377823406,False,False
ESTER.NS,2026-09-16,85.98999786376953,90.88161214192708,92.57862281799316,91.51753005981445,92.19509399414062,94.22894771575928,89.87051087468551,68.35128418097887,132.06603893992553,False,False,False,False,False,False,False,False,False,-24.486791514345583,noise,24.54285415566416,False,False,False,False,,Industrial Products,Packaging,35.21560574948665,False,False
ETERNAL.NS,2026-09-18,326.8500061035156,321.75833384195965,320.59722222222223,312.64800048828124,271.2680672200521,274.58355056762696,322.2256342606263,212.60000610351562,368.45001220703125,True,False,True,True,True,True,True,True,False,-3.2558827293996395,noise,55.34715958710379,False,False,False,False,,Retailing,E-Retail/ E-Commerce,61.34496919917864,False,False
ETHOSLTD.NS,2026-09-16,2612.5,2747.074991861979,2782.6194458007812,2729.79,2496.322000325521,2577.6669958496095,2701.3079731289977,1919.4000244140625,3245.89990234375,True,False,False,True,False,True,True,False,False,10.204163181420189,noise,44.95549781425978,False,False,False,False,,Consumer Durables,"Gems, Jewellery And Watches",73.30595482546201,True,False
EUREKAFORB.NS,2026-09-18,385.29998779296875,401.46666463216144,425.6000001695421,433.62599975585937,459.19466674804687,490.58425079345704,397.7637541691336,383.0,668.2999877929688,False,False,False,False,False,False,False,False,False,-33.842724649503744,red,269.50265883482683,False,False,False,True,,Consumer Durables,Household Appliances,22.79260780287474,False,False
EIFFL.NS,2026-09-16,270.1000061035156,277.39166768391925,280.6569463941786,292.5580014038086,264.6048003133138,260.0639501953125,275.1174660070781,204.97999572753906,381.9599914550781,True,True,True,True,False,True,False,False,False,15.2303810309812,dry,1.4324623439008501,False,False,False,False,,Food Products,Packaged Foods,77.05338809034907,True,False
EUROBOND.NS,2026-09-16,149.83999633789062,150.27333323160806,156.03138902452258,158.35260040283202,166.09920023600262,169.16944999694823,150.455374809992,126.30000305175781,247.99000549316406,False,False,False,False,False,False,False,False,False,-35.905553460392866,noise,23.607824307484766,False,False,False,False,,Industrial Products,"Aluminium, Copper & Zinc Products",21.201232032854207,False,False
EUROPRATIK.NS,2026-09-17,,,,,,,,,,False,False,False,False,False,False,False,False,False,,red,127.27662295465649,False,False,False,False,,Consumer Durables,"Furniture, Home Furnishing",,False,False
EUROTEXIND.NS,2026-09-16,12.350000381469727,13.473333279291788,13.519999927944607,13.527599964141846,14.521399955749512,14.730999994277955,13.21140196292913,11.829999923706055,23.799999237060547,False,False,False,False,False,False,False,False,False,-19.175388761160196,red,197.49318478132037,False,False,False,False,,Textiles & Apparels,Other Textile Products,42.402464065708415,False,False
EVEREADY.NS,2026-09-16,333.95001220703125,336.57083384195965,345.9578399658203,347.05116149902346,329.945932820638,328.7398062133789,342.2137895790471,257.824829433197,452.9932182027121,True,True,False,True,False,False,False,False,False,-23.18088298845882,noise,44.071639997132294,False,False,False,False,,Household Products,Household Products,37.525667351129364,False,False
EVERESTIND.NS,2026-09-16,401.3500061035156,418.84583282470703,443.94583214653863,459.49338989257814,409.5035699462891,426.86734237670896,414.8381247116875,284.35655660621893,748.5693692841519,False,False,False,True,False,True,False,False,False,-40.10768054422735,dry,19.230087404883665,False,False,False,False,,Other Construction Materials,Other Construction Materials,16.88911704312115,False,False
EKC.NS,2026-09-16,98.75,103.34500058492024,108.15277841356065,109.34640045166016,112.46086659749349,113.00424987792968,102.40656460291007,90.25,154.5500030517578,False,False,False,False,False,False,False,False,False,-30.162656108533803,red,110.90366467688995,False,False,False,False,,Industrial Manufacturing,Industrial Products,27.46406570841889,False,False
EXCELINDUS.NS,2026-09-16,953.0499877929688,989.5771636962891,1009.9115549723307,979.8601745605469,937.3813647460937,932.4109912109375,979.6257434841625,788.6714884739197,1192.7911350346692,True,True,False,True,False,False,True,False,False,-16.323348898544044,noise,39.39205106771031,False,False,False,False,,Chemicals & Petrochemicals,Specialty Chemicals,45.53388090349076,False,False
EXCELSOFT.NS,2026-09-18,,,,,,,,,,False,False,False,False,False,False,False,False,False,,noise,35.984714057800005,False,False,False,False,,IT - Services,IT Enabled Services,,False,False
EXICOM.NS,2026-09-17,160.08999633789062,173.85333251953125,163.14916525946722,163.7069985961914,135.56153264363607,128.75994945526122,170.34910490595658,75.5999984741211,189.1699981689453,True,True,True,True,False,True,True,False,False,11.088748636360224,noise,55.09108144859177,False,True,False,False,,Electrical Equipment,Heavy Electrical Equipment,73.92197125256673,True,False
EXIDEIND.NS,2026-09-18,435.8500061035156,418.9416681925456,446.8638899061415,443.10200134277346,381.4280537923177,373.41672012329104,422.02698703037925,285.6312149356571,496.3999938964844,True,True,True,True,False,True,True,True,False,3.0080333227718636,ppv,133.32679816819768,False,False,False,False,,Auto Components,Auto Components & Equipments,66.88911704312115,False,False
EXPLEOSOL.NS,2026-09-16,879.8499755859375,884.4458262125651,860.006079779731,818.3069287109375,746.8555074055989,773.4597015380859,880.9909921506062,562.3472069034166,1032.5221988494377,True,False,False,True,True,True,True,False,False,1.258536895805662,noise,21.624459120796143,False,False,False,False,,IT - Services,IT Enabled Services,65.70841889117042,False,False
EXXARO.NS,2026-09-18,6.25,6.451666673024495,6.32222220632765,6.348400011062622,6.6804000186920165,6.940000002384186,6.379765937485483,5.989999771118164,10.329999923706055,False,False,False,False,False,False,False,False,False,-29.69629067906222,dry,18.539160683208173,False,False,False,False,,Consumer Durables,Ceramics,28.02874743326489,False,False
FACT.NS,2026-09-18,764.2000122070312,782.8083343505859,808.9833340115017,815.2759985351563,838.4136657714844,839.2169995117188,776.8883555209779,652.0999755859375,1058.5999755859375,False,False,False,False,False,False,False,False,False,-23.854432350107334,dry,7.984047785465943,False,False,False,False,,Fertilizers & Agrochemicals,Fertilizers,36.4476386036961,False,False
FABTECH.NS,2026-09-17,,,,,,,,,,False,False,False,False,False,False,False,False,False,,noise,63.943975819455105,False,False,False,False,,Healthcare Services,"Healthcare Research, Analytics & Technology",,False,False
FAIRCHEMOR.NS,2026-09-16,619.25,644.5374959309896,701.5930548773872,706.6310949707031,624.9965203857422,639.0137553405762,636.1110747597996,427.4421185708667,846.7999877929688,False,False,False,True,False,True,False,False,False,-21.32318718191497,noise,46.59601401552151,False,False,False,False,,Chemicals & Petrochemicals,Specialty Chemicals,39.83572895277207,False,False
FALCONTECH.NS,2026-09-17,11.5,12.445833206176758,12.363888820012411,12.026999969482421,13.012157382965087,13.605368027687073,12.433884196491203,9.934853553771973,22.200000762939453,False,False,False,False,False,False,False,False,False,-42.928038621775414,red,351.17056856187287,False,False,False,False,,Commercial Services & Supplies,Diversified Commercial Services,13.75770020533881,False,False
FAZE3Q.NS,2026-09-16,447.20001220703125,486.0874989827474,509.2708333333333,525.3030004882812,506.2203338623047,487.5397505187988,480.09818307552973,322.1000061035156,650.0499877929688,False,True,False,True,False,True,False,False,False,-13.46748785408629,red,122.31266402236723,False,False,False,False,,Textiles & Apparels,Other Textile Products,48.921971252566735,False,False
FCSSOFT.NS,2026-09-18,1.409999966621399,1.4283333321412404,1.4577777882417042,1.4844000053405761,1.5502666664123534,1.6122000020742417,1.4266829353385313,1.0499999523162842,2.5299999713897705,False,False,False,False,False,True,False,False,False,-41.25000372529015,noise,50.21819564963506,False,False,False,False,,IT - Services,IT Enabled Services,15.657084188911705,False,False
FDC.NS,2026-09-18,352.5,345.67083740234375,356.3763893975152,373.43800048828126,374.3859989420573,379.5926347351074,347.2429237422839,312.95001220703125,521.1543090908798,False,False,False,False,False,False,False,True,False,-23.46553490181439,noise,57.85127790357154,False,True,False,False,,Pharmaceuticals & Biotechnology,Pharmaceuticals,37.16632443531827,False,False
FEDFINA.NS,2026-09-16,150.75999450683594,158.06750106811523,154.96722242567273,155.1720001220703,148.4187331644694,148.79325000762938,156.73640850623667,119.06999969482422,178.47999572753906,True,False,True,True,False,False,True,False,False,0.6408487553544617,noise,58.35033626142706,False,False,False,False,,Finance,Non Banking Financial Company (NBFC),65.24640657084188,False,False
FEDDERSHOL.NS,2026-09-18,,,,,,,,,,False,False,False,False,False,False,False,False,False,,ppv,,False,False,True,False,,Finance,Non Banking Financial Company (NBFC),,False,False
FEDERALBNK.NS,2026-09-18,332.75,342.00416564941406,350.2765579223633,349.04725158691406,311.85615987141927,301.09054557800295,340.7473670033238,188.40633889864634,370.4344787597656,True,True,True,True,False,True,True,False,False,68.2642758906768,noise,251.82313264991794,False,False,False,False,,Banks,Private Sector Bank,92.91581108829568,True,False
FMGOETZE.NS,2026-09-17,447.5,470.9999313354492,440.4624472724067,430.83692260742185,387.17578470865885,386.4528796386719,458.967906056586,303.1654117873281,542.9031499790809,True,True,True,True,True,True,True,False,False,-4.828291277475715,dry,8.414668542542648,False,True,False,False,,Auto Components,Auto Components & Equipments,59.753593429158116,False,False
FELIX.NS,2026-09-16,205.60000610351562,205.69583384195963,190.09027820163303,188.25600036621094,190.4200003051758,185.8600001525879,208.29266717007943,142.64999389648438,232.9499969482422,True,True,False,False,True,True,True,False,False,18.84393416388186,noise,98.18506396905683,False,True,False,False,,Other Utilities,Water Supply & Management,78.64476386036962,True,False
FERMENTA.NS,2026-09-17,,,,,,,,,,False,False,False,False,False,False,False,False,False,,noise,,False,True,False,False,,Pharmaceuticals & Biotechnology,Pharmaceuticals,,False,False
FIBERWEB.NS,2026-09-16,26.079999923706055,26.18916670481364,27.527777830759685,28.510600051879884,32.932333374023436,33.7722500038147,26.28502442171759,25.06999969482422,49.900001525878906,False,False,False,False,False,False,False,False,False,-41.81169098330504,noise,85.10681708438591,False,False,False,False,,Textiles & Apparels,Other Textile Products,14.887063655030802,False,False
FIDEL.NS,2026-09-16,150.0,144.60416666666666,142.5805558098687,145.04597717285156,145.56737884521485,143.41178951263427,147.15200266043968,106.57698530320386,197.18221289835253,True,True,False,False,True,True,True,True,False,-11.027168101849561,noise,61.72839506172839,False,False,False,False,,IT - Software,Computers - Software & Consulting,52.31006160164271,False,False
FIEMIND.NS,2026-09-18,1937.300048828125,2009.366678873698,2205.8666720920137,2225.1685400390625,2182.374716796875,2195.7392590332033,1993.9067046681823,1836.7512219513533,2674.800048828125,False,False,False,True,False,False,False,False,False,-2.6483462435325844,noise,80.11879065385213,False,False,False,False,,Auto Components,Auto Components & Equipments,62.01232032854209,False,False
FILATFASH.NS,2026-09-17,0.18000000715255737,0.18000000715255737,0.18000000715255737,0.1812000060081482,0.20420000195503235,0.23540000185370447,0.18000137447653478,0.14000000059604645,0.6800000071525574,False,False,False,False,False,False,False,False,False,-71.87499825377013,noise,58.55384737933393,False,False,False,False,,Textiles & Apparels,Garments & Apparels,1.3347022587268993,False,False
FILATEX.NS,2026-09-18,93.83000183105469,82.14364624023438,80.73884518941243,77.85863128662109,56.6154111735026,54.50752321243286,85.16213127392056,36.135550735753014,94.5,True,True,True,True,True,True,True,True,False,64.55051841132205,green,106.70470875142024,False,False,True,False,,Textiles & Apparels,Other Textile Products,92.24845995893224,True,True
FINEORG.NS,2026-09-16,5193.0,5179.649983723958,5104.9078369140625,5058.058310546875,4785.3451171875,4652.2946813964845,5172.130785481566,3847.3028827011017,5394.804360638102,True,True,True,True,True,True,True,True,False,8.175153348586317,green,136.0209511893392,False,False,False,False,,Chemicals & Petrochemicals,Specialty Chemicals,71.40657084188912,True,True
FCL.NS,2026-09-17,52.9900016784668,54.71909968058268,47.66122553083632,45.22540313720703,34.728148511250815,31.96983684539795,54.34920831109384,19.080274212500033,62.400001525878906,True,True,True,True,True,True,True,False,False,123.18957264797965,noise,86.5198485664262,False,True,False,False,,Chemicals & Petrochemicals,Specialty Chemicals,97.17659137577002,True,True
FINKURVE.NS,2026-09-18,,,,,,,,,,False,False,False,False,False,False,False,False,False,,noise,21.371635643882772,False,False,False,False,,Finance,Non Banking Financial Company (NBFC),,False,False
FINOPB.NS,2026-09-16,136.0500030517578,138.82833353678384,149.08611170450845,152.50480041503906,149.76026718139647,174.91235050201416,139.1751197369859,110.02999877929688,339.0,False,False,False,False,False,False,False,False,False,-50.69759121819266,dry,13.617379680761625,False,False,False,False,,Banks,Other Bank,7.905544147843943,False,False
FINCABLES.NS,2026-09-18,1411.199951171875,1345.2250061035156,1240.3482394748264,1173.7916235351563,1040.230028889974,968.5843737792969,1363.1892774185358,695.8450204922062,1498.0,True,True,True,True,True,True,True,True,False,68.3445470320055,noise,80.23597947246908,False,False,False,False,,Industrial Products,Cables - Electricals,92.96714579055441,True,True
FINPIPE.NS,2026-09-18,154.6300048828125,154.0093676249186,157.21890555487738,158.5190301513672,167.4326151529948,168.08649040222167,153.85654537379082,144.957002251532,218.3394187845088,False,False,False,False,False,False,False,True,False,-28.190286565472388,green,105.42972685693013,False,True,False,False,,Industrial Products,Plastic Products - Industrial,29.928131416837783,False,False
FSL.NS,2026-09-17,273.1000061035156,262.75,275.99000040690106,272.86739959716795,248.09165720621743,265.8223401641846,266.0208903682813,202.0,371.5899202053472,True,False,False,True,True,True,False,True,False,-24.963561095735443,noise,30.808071332773878,False,True,False,False,,Commercial Services & Supplies,Business Process Outsourcing (BPO)/ Knowledge Process Outsourcing (KPO),34.5482546201232,False,False
FISCHER.NS,2026-09-17,33.29999923706055,35.43500010172526,36.89361095428467,37.360999755859375,37.36079996744792,38.38669998168945,34.81096581344675,31.049999237060547,124.69999694824219,False,False,False,False,False,False,False,False,False,-70.58174403642536,noise,25.23065605006486,False,False,False,False,,Healthcare Equipment & Supplies,Medical Equipment & Supplies,1.3860369609856265,False,False
FIVESTAR.NS,2026-09-16,549.4000244140625,535.6749979654948,537.2762162950304,540.0876220703125,475.39543375651044,488.091600189209,539.4848814970583,336.9270432139827,663.5913003653413,True,False,False,True,True,True,True,True,False,1.8836321917764742,noise,90.5545287724396,False,False,False,False,,Finance,Non Banking Financial Company (NBFC),66.27310061601642,False,False
FLAIR.NS,2026-09-16,231.88999938964844,240.08333333333334,247.60496690538196,249.87226165771483,284.51012440999347,288.9927919769287,238.00318647248747,228.0,344.31560429688966,False,False,False,False,False,False,False,False,False,-31.440239477346488,noise,52.09503149240704,False,False,False,True,,Household Products,Stationary,25.770020533880906,False,False
FOCUS.NS,2026-09-16,60.66999816894531,62.9316660563151,66.63111114501953,69.66380020141601,74.62966667175293,74.267949924469,62.45586853953563,57.060001373291016,99.9000015258789,False,True,False,False,False,False,False,False,False,-37.27902815729976,noise,40.98399302199486,False,False,False,False,,Consumer Durables,Consumer Electronics,19.866529774127308,False,False
FONEBOX.NS,2026-09-16,132.5500030517578,110.49583371480306,98.73611132303874,92.3950001525879,80.70733337402343,82.97775016784668,116.5127386862474,57.0,136.5,True,False,False,True,True,True,True,True,False,39.67334132825264,ppv,447.01986754966885,False,False,True,False,,Retailing,Speciality Retail,87.06365503080082,True,False
FOODSIN.NS,2026-09-16,51.97999954223633,55.46416695912679,54.52527798546685,55.635800170898435,56.982400232950845,59.842900085449216,54.86804990782912,44.0,93.95678994981517,False,False,False,False,False,False,False,False,False,-44.08348129509948,red,135.53439526651783,False,False,False,False,,Food Products,Packaged Foods,12.679671457905545,False,False
FORCEMOT.NS,2026-09-17,17650.0,17585.18359375,17874.108778211805,17831.3616796875,19567.694505208332,19543.437578125,17575.813853855027,14868.699517207699,26374.965142944882,False,True,False,False,False,False,False,True,False,-10.830157341829306,noise,77.18848650832714,False,False,False,False,,Automobiles,Passenger Cars & Utility Vehicles,52.56673511293635,False,False
FORTIS.NS,2026-09-18,886.0,898.7458292643229,915.2222222222222,926.6593933105469,921.5468672688802,911.6330145263672,892.4867685366518,765.9873728160577,1103.1298326042547,False,True,False,True,False,False,True,False,False,-7.859970389459536,green,164.32664079268602,False,False,False,False,,Healthcare Services,Hospital,56.93018480492813,False,False
FOSECOIND.NS,2026-09-18,6677.5,6287.75,5828.041666666667,5623.19,5154.875458984375,5067.864765625,6357.473380137518,4278.613157691368,7040.0,True,True,False,True,True,True,True,True,False,9.404597618390476,red,314.3004014078771,False,True,False,False,,Chemicals & Petrochemicals,Specialty Chemicals,72.63860369609856,True,False
FRACTAL.NS,2026-09-17,,,,,,,,,,False,False,False,False,False,False,False,False,False,,noise,62.266126584417336,False,False,False,False,,IT - Software,Computers - Software & Consulting,,False,False
FREDUN.NS,2026-09-17,,,,,,,,,,False,False,False,False,False,False,False,False,False,,noise,,False,True,False,False,,Pharmaceuticals & Biotechnology,Pharmaceuticals,,False,False
FROG.NS,2026-09-16,290.95001220703125,261.43333435058594,230.04722171359592,217.41199951171876,177.72166610717773,171.90899974822997,262.72566626642316,123.5,301.5,True,True,False,True,True,True,True,True,False,17.793527209324388,ppv,344.88503832055983,True,True,True,False,,Telecom -  Equipment & Accessories,Telecom -  Equipment & Accessories,78.13141683778234,True,False
FRONTSP.NS,2026-09-17,,,,,,,,,,False,False,False,False,False,False,False,False,False,,noise,,False,False,False,False,,Auto Components,Auto Components & Equipments,,False,False
NYKAA.NS,2026-09-18,332.1499938964844,336.00417073567706,334.2722227308485,332.13800048828125,290.29366597493487,281.45459976196287,334.17817946653446,227.89999389648438,349.54998779296875,True,True,True,True,True,True,True,False,False,35.05875809721597,noise,83.5206158889926,False,False,False,False,,Retailing,E-Retail/ E-Commerce,85.36960985626283,True,True
UTLSOLAR.NS,2026-09-17,,,,,,,,,,False,False,False,False,False,False,False,False,False,,noise,55.661168401261726,False,True,False,False,,Electrical Equipment,Other Electrical Equipment,,False,False
FUSION.NS,2026-09-16,182.72999572753906,194.12749735514322,200.0111117892795,207.05440032958984,188.79726704915365,183.9526001739502,191.73463062453698,136.5,243.0,False,True,True,True,False,True,True,False,False,1.6126307440117005,noise,70.40969999589561,False,False,False,False,,Finance,Microfinance Institutions,65.96509240246407,False,False
FCONSUMER.NS,2026-09-16,0.2199999988079071,0.2199999988079071,0.23805555452903113,0.2511999994516373,0.3041333351532618,0.33340000212192533,0.22116241235946202,0.2199999988079071,0.5199999809265137,False,False,False,False,False,False,False,False,False,-48.837210430590886,dry,0.0,False,False,False,True,,Retailing,Diversified Retail,8.983572895277208,False,False
FEL.NS,2026-09-16,0.36000001430511475,0.3774999976158142,0.38277777367168003,0.37979999780654905,0.41179999768733977,0.42494999766349795,0.3743520173803817,0.3400000035762787,0.6499999761581421,False,False,False,False,False,False,False,False,False,-41.93548201026084,noise,39.78400753984524,False,False,False,False,,Retailing,Diversified Retail,14.681724845995895,False,False
FLFL.NS,2026-09-16,1.1200000047683716,1.193333347638448,1.195833341942893,1.2302000069618224,1.328733336130778,1.3457500022649764,1.1705988688349172,1.100000023841858,1.9900000095367432,False,False,False,False,False,False,False,False,False,-27.74193295330949,red,178.0412194397021,False,False,False,True,,Retailing,Diversified Retail,30.646817248459957,False,False
FMNL.NS,2026-09-16,9.279999732971191,9.618333498636881,9.445555633968777,9.505200061798096,9.39306668917338,9.234750008583068,9.449540243918458,6.739999771118164,13.9399995803833,False,True,False,True,False,True,False,False,False,-31.66421365900398,dry,12.898394201365853,False,True,False,False,,Commercial Services & Supplies,Diversified Commercial Services,25.35934291581109,False,False
GMBREW.NS,2026-09-17,937.0499877929688,916.0291748046875,900.2972225613064,903.1779992675781,939.6957889811198,962.7312921142578,915.0516308627714,691.7459767545146,1315.8571912096693,False,False,False,False,True,True,False,True,False,30.384683652558376,ppv,137.70358494258477,False,False,False,False,,Beverages,Breweries & Distilleries,83.72689938398358,True,False
GMDCLTD.NS,2026-09-18,556.4500122070312,563.6083272298177,571.0222218831381,571.7969995117187,603.2366638183594,592.5779974365234,560.1308491367379,466.3999938964844,771.9000244140625,False,True,False,False,False,False,False,False,False,0.7970336946574896,noise,57.147281137031,False,False,False,False,,Minerals & Mining,Industrial Minerals,65.4517453798768,False,False
GNFC.NS,2026-09-17,584.8499755859375,564.8550669352213,550.2975429958767,532.8099224853515,484.76014587402346,479.61738037109376,562.4525805714452,351.9886096859767,599.0,True,True,True,True,True,True,True,True,False,19.44247773490906,ppv,1185.3916211314197,True,False,False,False,,Chemicals & Petrochemicals,Commodity Chemicals,78.95277207392198,True,True
GRINFRA.NS,2026-09-16,819.0499877929688,858.0291595458984,876.3194427490234,880.7189978027344,901.3393513997396,921.6751861572266,851.3664896691989,785.0,1341.5660703794995,False,False,False,False,False,False,False,False,False,-37.853142536138016,noise,84.31549654489902,False,False,False,False,,Construction,Civil Construction,19.199178644763858,False,False
GSFC.NS,2026-09-17,152.27000427246094,154.8038075764974,154.99632008870444,154.7020748901367,158.12753835042318,161.43298332214354,153.5756981179626,134.50184366279788,206.26262456983795,False,False,False,False,False,False,False,False,False,-25.391659197733397,green,153.4188225281961,False,False,False,False,,Fertilizers & Agrochemicals,Fertilizers,33.62422997946612,False,False
GTECJAINX.NS,2026-09-16,27.610000610351562,28.24833329518636,28.99499993854099,28.48419994354248,24.176399943033854,23.783049945831298,28.161967292100243,15.539999961853027,38.349998474121094,True,True,True,True,False,True,False,False,False,11.3755530079787,noise,73.50991226978259,False,True,False,False,,Other Consumer Services,E-Learning,74.48665297741273,True,False
GABRIEL.NS,2026-09-16,1295.699951171875,1354.316670735677,1414.3983595106338,1396.9974145507813,1150.4985249837239,1106.249090576172,1341.32151841983,794.0570601010174,1596.6964052725275,True,True,True,True,False,True,True,False,False,-1.250696705095422,noise,52.35715984431596,False,False,False,False,,Auto Components,Auto Components & Equipments,63.347022587268995,False,False
GATECH.NS,2026-09-17,0.699999988079071,0.8033333371082941,0.8097222199042639,0.7175999975204468,0.5676666631301244,0.5574499961733818,0.7649447448543685,0.4000000059604645,1.1100000143051147,True,True,True,True,False,True,False,False,False,1.4492739851898806,noise,93.73922829057881,False,False,False,False,,Finance,Other Financial Services,65.86242299794661,False,False
GAIL.NS,2026-09-18,173.89999389648438,173.6016642252604,173.86074786716037,173.45655334472656,165.41069681803384,164.5692391204834,173.00527974391576,133.97098293430795,181.85195677766524,True,True,False,True,True,False,True,True,False,-0.6127770204823801,noise,99.25485813442852,False,False,False,False,,Gas,Gas Transmission/Marketing,64.06570841889116,False,False
GAJA.NS,2026-09-17,,,,,,,,,,False,False,False,False,False,False,False,False,False,,noise,,False,False,False,False,,Capital Markets,Asset Management Company,,False,False
GALAPREC.NS,2026-09-17,998.9000244140625,1026.8333333333333,1042.8499959309895,1076.0579931640625,929.372666015625,885.7339993286133,1019.0352641158705,671.2000122070312,1260.0,True,True,True,True,False,True,True,False,False,19.36428912657402,noise,24.26110696089968,False,False,False,False,,Industrial Manufacturing,Industrial Products,78.79876796714579,True,False
GALAXYSURF.NS,2026-09-16,2156.300048828125,2210.0333455403647,2178.4299994574653,2110.9672900390624,1912.700311686198,1917.9391143798828,2202.737651649624,1492.9641285266785,2648.0,True,False,True,True,True,True,True,False,False,-10.2729773614183,noise,51.287659206171796,False,False,False,False,,Chemicals & Petrochemicals,Specialty Chemicals,53.38809034907598,False,False
GALLANTT.NS,2026-09-16,524.9500122070312,556.0458424886068,580.1305558946398,593.1980004882812,646.822333170573,624.8129995727539,550.9581847223425,496.25,948.0,False,True,False,False,False,False,False,False,False,-23.66584224387135,red,114.79448313532706,False,False,False,False,,Industrial Products,Iron & Steel Products,36.85831622176591,False,False
GANDHAR.NS,2026-09-17,269.3999938964844,266.7666702270508,252.3819457160102,245.3213198852539,180.79666112263996,171.97785400390626,265.4158539717528,113.93974378848462,300.3749196686875,True,True,True,True,True,True,True,True,False,82.75661146344117,dry,19.249080668175246,False,False,False,False,,Petroleum Products,Lubricants,94.76386036960986,True,True
GANDHITUBE.NS,2026-09-16,900.9000244140625,895.5083363850912,891.3882208930122,880.1323498535156,850.7994901529947,822.3670007324218,893.2895047439582,669.702947656798,993.1722570600987,True,True,True,True,True,True,True,True,False,-2.7993909431438535,ppv,117.88766744931345,False,False,False,False,,Industrial Products,Iron & Steel Products,61.90965092402464,False,False
GANESHBE.NS,2026-09-16,119.23999786376953,124.57583491007487,120.63222291734483,116.02820053100587,100.29393341064453,94.8268501663208,125.31744047536858,68.4000015258789,135.85000610351562,True,True,True,True,True,True,True,False,False,25.46295950665176,dry,14.622365427024675,False,False,False,False,,Oil,Oil Storage & Transportation,81.8788501026694,True,True
GANESHCP.NS,2026-09-17,,,,,,,,,,False,False,False,False,False,False,False,False,False,,noise,39.898925735553085,False,False,False,False,,Food Products,Packaged Foods,,False,False
GGBL.NS,2026-09-17,207.89999389648438,215.88750076293945,233.3347227308485,241.50300048828126,279.34152557373045,285.86769943237306,214.07612856311016,202.0500030517578,474.17292730312516,False,False,False,False,False,False,False,False,False,-49.6341890325836,noise,41.275797373358344,False,True,False,False,,Electrical Equipment,Other Electrical Equipment,8.624229979466119,False,False
GANESHHOU.NS,2026-09-16,740.6500244140625,760.7291717529297,781.7553253173828,795.6784545898438,719.1649184163412,733.553059539795,760.5658920404264,499.0667179834621,898.0206467513179,True,False,False,True,False,True,True,False,False,-15.05036398706281,noise,53.669056046311866,False,False,False,False,,Realty,"Residential, Commercial Projects",47.38193018480493,False,False
GANECOS.NS,2026-09-16,1000.2000122070312,1013.1801198323568,1064.6651933458115,1093.316395263672,979.8960270182291,936.01470703125,1016.5661376382884,651.3085015441845,1330.3140311018087,True,True,False,True,False,True,True,False,False,-23.119701637986655,noise,33.81462110114651,False,False,False,False,,Textiles & Apparels,Other Textile Products,37.67967145790554,False,False
GANGAFORGE.NS,2026-09-16,1.590000033378601,1.663333346446355,1.915833334128062,1.9244000029563904,2.4039701437950134,2.6342276018857955,1.652187007678337,1.5299999713897705,4.150000095367432,False,False,False,False,False,False,False,False,False,-58.26771503259827,noise,22.266625286484476,False,False,False,False,,Industrial Products,Castings & Forgings,4.620123203285421,False,False
GANGESSECU.NS,2026-09-16,115.01000213623047,117.3308334350586,118.28805541992188,117.86100006103516,120.756400197347,124.23130012512208,116.53950399842867,103.30999755859375,178.14999389648438,False,False,False,False,False,False,False,False,False,-27.167374156785485,dry,15.980775483983534,False,False,False,False,,Agricultural Food & other Products,Tea & Coffee,31.622176591375773,False,False
GRSE.NS,2026-09-18,2411.800048828125,2433.962605794271,2535.2979125976562,2551.9341552734377,2582.278672688802,2542.0241619873045,2412.292497904469,1958.0769611497133,3329.438873827357,False,True,False,False,False,False,False,False,False,-7.453219706036352,ppv,132.22540675760783,False,False,False,False,,Aerospace & Defense,Aerospace & Defense,57.4435318275154,False,False
GARUDA.NS,2026-09-17,174.82000732421875,178.6691665649414,179.50972154405383,178.56319885253907,174.64039998372397,177.77104995727538,178.0419650844068,130.0,249.3000030517578,False,False,False,True,False,True,False,False,False,-14.576099419457677,noise,23.723062383056444,False,False,False,False,,Construction,Civil Construction,47.84394250513347,False,False
GRWRHITECH.NS,2026-09-16,6431.0,6928.071207682292,7055.7577718098955,7019.58478515625,5597.103678385417,5036.734997558594,6818.546506913301,2685.810234604558,7975.480119830348,True,True,True,True,False,True,True,False,False,94.01435837485445,noise,93.94210614141778,False,False,False,False,,Industrial Products,Plastic Products - Industrial,95.84188911704312,True,False
GARFIBRES.NS,2026-09-16,800.5999755859375,807.5166625976562,785.4967261420356,775.3994836425782,693.8225602213541,687.8296469116211,800.0662423761108,579.0376279850597,862.339096096681,True,True,True,True,True,True,True,True,False,4.2201640965255915,noise,67.58202763459703,False,False,False,False,,Textiles & Apparels,Other Textile Products,67.76180698151951,False,False
GATEWAY.NS,2026-09-16,52.34000015258789,53.47833283742269,54.57999960581461,55.28901374816895,55.76834559122722,55.89305381774902,53.25802679375616,47.064073178109766,62.799670980180835,False,False,False,False,False,False,True,False,False,-15.013618579070542,noise,34.42496860130946,False,False,False,False,,Transport Services,Logistics Solution Provider,47.43326488706365,False,False
GAUDIUMIVF.NS,2026-09-17,,,,,,,,,,False,False,False,False,False,False,False,False,False,,noise,84.8406701184528,False,False,False,False,,Healthcare Services,Healthcare Service Provider,,False,False
GAYAHWS.NS,2026-09-16,1.840000033378601,1.9299999972184498,1.9411111109786563,1.927799997329712,2.1576000014940897,2.2894000029563903,1.9054506679742493,1.7200000286102295,4.760000228881836,False,False,False,False,False,False,False,False,False,-21.70212306173297,noise,83.09636472324826,False,False,False,False,,Transport Infrastructure,"Road AssetsToll, Annuity, Hybrid-Annuity",39.271047227926076,False,False
GAYAPROJ.NS,2026-09-18,24.719999313354492,24.101666768391926,21.95138888888889,21.6742000579834,19.01079999287923,17.238250007629393,24.323869572191118,10.470000267028809,27.329999923706055,True,True,True,True,True,True,True,True,False,136.10313928262744,ppv,208.4879323514217,False,False,False,False,,Construction,Civil Construction,97.99794661190965,True,True
GRCL.NS,2026-09-16,580.0,572.7999979654948,549.0944451226128,566.4430017089844,495.21466756184896,463.5170008850098,571.0005920723218,306.6499938964844,629.2000122070312,True,True,True,True,True,True,True,True,False,48.71794871794872,dry,17.73049645390071,False,False,False,False,,Industrial Products,Rubber,89.16837782340863,True,True
GVPIL.NS,2026-09-18,656.0999755859375,647.3458353678385,689.2472229003906,717.4764074707032,670.2704856363932,581.4101194763184,644.9036376350122,268.33621123095884,1073.741134374155,False,True,True,True,False,True,False,True,False,80.38359744854569,noise,57.93951907088422,False,False,False,False,,Electrical Equipment,Heavy Electrical Equipment,94.6611909650924,True,False
GESHIP.NS,2026-09-17,1425.0999755859375,1384.5416463216145,1346.2061767578125,1357.4008032226564,1403.4028735351562,1331.434971923828,1391.414748152751,941.3309959266335,1766.7331887612222,True,True,True,False,True,True,True,True,False,40.323363187738146,noise,92.5622316154123,False,False,False,False,,Transport Services,Shipping,87.32032854209446,True,False
GVT&D.NS,2026-09-18,4385.0,4444.9666748046875,4342.084092881944,4347.715307617187,4344.536066080729,4019.550076904297,4398.37764821192,2516.9699521199827,5636.049839022599,True,True,True,True,True,True,True,False,False,47.22039231153907,noise,83.43458990418912,False,False,False,False,,Electrical Equipment,Heavy Electrical Equipment,88.91170431211499,True,True
GEECEE.NS,2026-09-16,367.1499938964844,365.5162353515625,363.358272128635,357.26073364257815,319.62856943766275,320.67661079406736,364.3158043836438,214.67113945165303,387.8700154655502,True,False,False,True,True,True,True,True,False,-2.991406540911379,green,107.91900652878601,False,False,False,False,,Realty,"Residential, Commercial Projects",61.652977412731005,False,False
GEEKAYWIRE.NS,2026-09-17,33.459999084472656,29.338333288828533,25.09295442369249,24.706074829101563,24.297353070576985,25.8495378780365,29.4476405798282,18.287294585971885,37.07714696557637,True,False,False,False,True,True,True,True,False,-7.956913196776361,ppv,504.89322621078287,True,False,False,False,,Industrial Products,Iron & Steel Products,56.724845995893226,False,False
GEMAROMA.NS,2026-09-17,151.89999389648438,160.9558334350586,172.25750054253473,176.9122006225586,173.83093332926433,170.43625007629396,159.99399019065584,133.0,284.75,False,True,False,True,False,False,False,False,False,-44.18519298065411,noise,75.14094403013996,False,False,False,False,,Chemicals & Petrochemicals,Specialty Chemicals,12.525667351129362,False,False
GICRE.NS,2026-09-18,351.0,346.7355041503906,343.83349948459204,345.1010406494141,358.8378409830729,359.3741914367676,345.4208247877184,333.80156967786814,402.400829796409,False,False,False,False,True,False,True,True,False,-0.35178820762677976,green,151.4028288682417,False,False,False,False,,Insurance,General Insurance,64.42505133470226,False,False
GENCON.NS,2026-09-16,39.02000045776367,42.5824998219808,41.22277779049344,41.05580009460449,42.29040008544922,43.239700088500975,41.417539599513205,36.349998474121094,59.959999084472656,False,False,False,False,False,False,False,False,False,-12.667859912159507,red,115.02820900615171,False,False,False,False,,Realty,"Residential, Commercial Projects",50.205338809034906,False,False
GENESYS.NS,2026-09-18,285.19000244140625,275.274169921875,230.4888776143392,245.47757751464843,267.29259216308594,295.29394454956054,277.8413311922611,168.5,612.0,False,False,False,False,True,True,False,True,False,-50.629275445683945,noise,32.486464355196695,False,True,False,False,,IT - Services,IT Enabled Services,8.008213552361395,False,False
GENSOL.NS,2026-09-16,16.84000015258789,17.166666825612385,17.456388897365994,17.845,20.950333455403644,22.30725008010864,17.1476512653361,16.399999618530273,46.02000045776367,False,False,False,False,False,False,False,False,False,-63.40721428709385,noise,60.65769308191108,False,False,False,False,,Electrical Equipment,Other Electrical Equipment,2.7207392197125255,False,False
GENUSPAPER.NS,2026-09-16,11.109999656677246,12.180833260218302,12.039444393581814,11.938799991607667,12.238066673278809,12.402150001525879,11.942666667787003,8.670000076293945,18.709999084472656,False,False,False,False,False,False,False,False,False,-39.18993224788808,noise,90.07939335537465,False,False,False,False,,"Paper, Forest & Jute Products",Paper & Paper Products,17.50513347022587,False,False
GENUSPOWER.NS,2026-09-18,310.75,322.0815175374349,321.25020514594183,319.5094219970703,299.8343488566081,295.7925365447998,315.96296173100177,206.02014130997856,362.40129303021683,True,True,False,True,False,True,True,False,False,-8.492321650605172,green,136.7679526852949,False,False,False,False,,Electrical Equipment,Other Electrical Equipment,55.69815195071869,False,False
GEOJITFSL.NS,2026-09-16,76.9000015258789,80.91750017801921,79.54361089070638,79.61576934814452,71.22036221822103,71.21335237503052,79.6098223952967,49.89625611553955,86.5,True,True,True,True,False,True,True,False,False,4.555579217878503,noise,58.46941206738837,False,False,False,False,,Capital Markets,Stockbroking & Allied,68.01848049281314,False,False
GFLLIMITED.NS,2026-09-16,54.650001525878906,58.04083283742269,53.415277587042915,51.2197998046875,47.67500005086263,49.63120008468628,57.08158256998585,37.25,81.0,True,False,False,True,True,True,False,False,False,-10.746363001062175,noise,47.62352146588625,False,False,False,False,,Finance,Holding Company,52.6694045174538,False,False
GHCL.NS,2026-09-18,421.70001220703125,426.47083282470703,434.0027779473199,434.5170001220703,447.426420694987,469.74209823608396,424.45492791566664,405.6620460266574,649.6824619687275,False,False,False,False,False,False,False,False,False,-25.659526323972536,green,120.68996152515876,False,False,False,False,,Chemicals & Petrochemicals,Commodity Chemicals,33.31622176591375,False,False
GHCLTEXTIL.NS,2026-09-16,121.68000030517578,132.40749994913736,125.13583310445149,121.74619979858399,97.95142781575521,91.93871891021729,128.46481865064558,64.84792129679248,144.58999633789062,True,True,True,True,False,True,True,False,False,54.28148695597918,noise,54.74352793981701,False,False,False,False,,Textiles & Apparels,Other Textile Products,90.50308008213553,True,False
GICHSGFIN.NS,2026-09-16,134.9199981689453,138.8491643269857,142.3541662428114,144.33479919433594,146.78261088053387,151.0581438446045,137.37716162282163,126.54062307865725,179.03478732294587,False,False,False,False,False,False,True,False,False,-21.021950998172144,noise,68.88451520059809,False,False,False,False,,Finance,Housing Finance Company,40.04106776180698,False,False
GILLANDERS.NS,2026-09-16,103.0,103.73250007629395,96.68472226460774,94.50140014648437,91.67839981079102,93.80139980316162,102.92780840587398,76.0,129.39999389648438,True,False,False,True,True,True,True,True,False,-14.883069017679373,noise,42.325664021705194,False,True,False,False,,Agricultural Food & other Products,Tea & Coffee,47.63860369609856,False,False
GILLETTE.NS,2026-09-18,7073.0,7332.208333333333,7448.417453342014,7542.142119140625,7743.429632161458,7816.933830566406,7291.225791342097,7031.5,10255.650929658823,False,False,False,False,False,False,False,False,False,-27.051496376824,red,315.41122594070544,False,False,False,True,,Personal Products,Personal Care,31.878850102669404,False,False
GINNIFILA.NS,2026-09-16,41.060001373291016,42.52333386739095,44.26666673024496,45.93740013122559,43.09300005594889,42.18620002746582,42.228616862137685,31.5,57.849998474121094,False,True,False,True,False,True,False,False,False,-3.8407479165008307,noise,25.38106628132627,False,True,False,False,,Textiles & Apparels,Other Textile Products,60.831622176591374,False,False
GIRIRAJ.NS,2026-09-16,84.30000305175781,80.5041675567627,74.41111172570123,85.33600074768066,133.47599967956543,145.98674936294555,82.549381437845,52.29999923706055,378.0,False,False,False,False,False,True,False,True,False,-72.89388969396855,noise,46.238662635603774,False,False,False,False,,Construction,Civil Construction,1.2320328542094456,False,False
GKENERGY.NS,2026-09-17,,,,,,,,,,False,False,False,False,False,False,False,False,False,,noise,50.92894716188259,False,False,False,False,,Construction,Civil Construction,,False,False
GKB.NS,2026-09-16,,,,,,,,,,False,False,False,False,False,False,False,False,False,,noise,,False,False,False,False,,Healthcare Equipment & Supplies,Medical Equipment & Supplies,,False,False
GKWLIMITED.NS,2026-09-16,1589.199951171875,1571.191670735677,1604.8000047471787,1632.4560034179688,1657.672000325521,1669.8230004882812,1576.0449730303721,1375.0,1985.4000244140625,False,False,False,False,False,False,True,True,False,-3.6147559371198734,noise,24.77935514443106,False,False,False,False,,Finance,Investment Company,60.98562628336756,False,False
GLAND.NS,2026-09-18,2961.89990234375,2931.949991861979,2834.9327935112847,2724.9297705078125,2217.8935473632814,2093.4711895751952,2916.25052052196,1561.8007505195303,3042.0,True,True,True,True,True,True,True,True,False,50.19762434802784,noise,71.00710549768822,False,False,False,False,,Pharmaceuticals & Biotechnology,Pharmaceuticals,89.73305954825463,True,True
GLAXO.NS,2026-09-16,2856.199951171875,2917.691650390625,2816.5221896701387,2722.317978515625,2472.8515185546876,2454.83630859375,2885.442966484839,2088.10009765625,3120.699951171875,True,True,True,True,True,True,True,False,False,6.304662441435416,noise,72.58102049628228,False,False,False,False,,Pharmaceuticals & Biotechnology,Pharmaceuticals,69.60985626283367,False,False
GLENMARK.NS,2026-09-17,2416.0,2430.7249755859375,2359.634026421441,2326.911650390625,2247.8283658854166,2183.825301513672,2418.138451001781,1790.8181412412814,2535.0776323504288,True,True,True,True,True,True,True,False,False,18.561187900690236,noise,45.150231490829206,False,True,False,False,,Pharmaceuticals & Biotechnology,Pharmaceuticals,78.38809034907598,True,True
GLOBAL.NS,2026-09-16,128.88999938964844,122.44833374023438,110.89500024583604,108.39371963500976,104.01973805745443,99.63542877197266,123.67123915770358,54.66141601481325,131.97999572753906,True,True,True,True,True,True,True,True,False,100.97990054666144,green,206.35751155895443,False,False,True,False,,Other Consumer Services,Education,96.40657084188912,True,True
MEDANTA.NS,2026-09-16,1404.5999755859375,1444.2416585286458,1434.9060397677952,1409.2109692382812,1244.544530843099,1221.5267141723632,1436.9842727448226,955.6610489257978,1544.0,True,True,True,True,False,True,True,False,False,6.261667190903353,noise,86.4380048256623,False,False,False,False,,Healthcare Services,Hospital,69.50718685831622,False,False
GLOBALPET.NS,2026-09-16,163.0500030517578,161.7791659037272,159.13333214653863,157.60699890136718,135.92099950154622,132.1017495727539,163.38382050631293,85.0,174.6999969482422,True,True,False,True,True,True,True,False,False,17.386616426543043,dry,0.0,False,False,False,False,,Industrial Manufacturing,Industrial Products,77.92607802874744,True,False
GSLSU.NS,2026-09-16,27.510000228881836,27.41250006357829,29.07194439570109,29.598999977111816,49.67846675872803,62.61880013465881,27.977604214565677,23.059999465942383,139.6699981689453,False,False,False,False,False,False,False,False,False,-73.76752216231017,noise,20.550789380900145,False,False,False,False,,Consumer Durables,Granites & Marbles,1.1293634496919918,False,False
GLOBALVECT.NS,2026-09-16,126.95999908447266,138.0608310699463,150.2036109500461,151.3530000305176,162.78099990844726,169.74475009918214,136.03399127810124,125.5,248.0,False,False,False,False,False,False,False,False,False,-39.3725242995902,noise,69.12887031717013,False,False,False,True,,Transport Services,Airline,17.197125256673512,False,False
GLOBALE.NS,2026-09-18,11.0,11.275833368301392,11.149444421132406,11.103399982452393,11.794933325449625,11.804600005149842,11.277631256644773,9.199999809265137,15.399999618530273,False,False,False,False,False,False,False,False,False,-20.863307180701252,red,198.7870453275027,False,False,False,False,,Textiles & Apparels,Trading - Textile Products,40.24640657084189,False,False
GLOBECIVIL.NS,2026-09-17,42.459999084472656,45.30083338419596,43.63500001695421,42.78939994812012,44.20613329569499,47.423449974060055,44.21665866732168,33.5,80.0,False,False,False,False,False,False,False,False,False,-44.78543791682016,dry,17.573466854488906,False,True,False,False,,Construction,Civil Construction,11.704312114989733,False,False
GLOBE.NS,2026-09-18,2.069999933242798,1.860833317041397,1.9647221995724573,2.016000006198883,2.286466674009959,2.395400008559227,1.875211865706094,1.75,3.2899999618530273,False,False,False,False,True,False,False,True,False,-5.04587752962925,ppv,607.4278702261864,True,False,False,False,,Textiles & Apparels,Other Textile Products,59.24024640657084,False,False
GICL.NS,2026-09-16,24.690000534057617,24.30833339691162,22.253888924916584,20.745,31.73380002339681,35.074600048065186,24.354864518970146,15.609999656677246,169.9499969482422,False,False,False,False,True,True,False,True,False,-80.05654287121841,noise,65.09829252403219,False,False,False,False,,Transport Services,Logistics Solution Provider,0.6160164271047228,False,False
GSTL.NS,2026-09-16,10.949999809265137,11.449999888737997,13.754166576597425,14.559999980926513,21.916666609446207,20.246249947547913,11.398771781876038,5.949999809265137,37.650001525878906,False,True,True,False,False,True,False,False,False,13.471505099736557,ppv,305.62347188264056,True,False,False,False,,IT - Services,IT Enabled Services,76.28336755646818,True,False
GLOBUSSPR.NS,2026-09-17,830.75,860.825937906901,880.8675774468315,887.4586706542968,901.206981608073,920.7633071899414,849.6288266382267,794.2134285377566,1243.6605977695654,False,False,False,False,False,False,False,False,False,-20.571840396819606,noise,29.68823204598099,False,False,False,False,,Beverages,Breweries & Distilleries,40.81108829568789,False,False
GLOSTERLTD.NS,2026-09-17,578.0,589.8708292643229,619.4583333333334,633.9120007324219,612.7736828613281,612.5501452636719,587.5608755606606,481.79030692895725,736.2632085540595,False,True,False,True,False,False,True,False,False,-9.398494801915591,dry,15.753859166842885,False,True,False,False,,"Paper, Forest & Jute Products",Jute & Jute Products,54.62012320328542,False,False
GLOTTIS.NS,2026-09-17,,,,,,,,,,False,False,False,False,False,False,False,False,False,,noise,57.35258144637492,False,True,False,False,,Transport Services,Logistics Solution Provider,,False,False
GMMPFAUDLR.NS,2026-09-18,1467.0,1291.3416646321614,1093.1847212049697,1011.2662548828125,907.1397469075521,939.225329284668,1316.9180505607167,734.1152411860135,1475.0,True,False,False,True,True,True,True,True,False,28.493744549047385,ppv,293.91352998363607,False,False,True,False,,Industrial Manufacturing,Industrial Products,83.11088295687885,True,False
GMRAIRPORT.NS,2026-09-18,99.30000305175781,96.5041675567627,100.22472254435222,103.0672004699707,100.25286666870117,100.16129989624024,96.55621254628126,84.11000061035156,115.63999938964844,False,True,False,True,False,False,True,True,False,8.07575753172307,green,175.35234129403136,False,False,False,False,,Transport Infrastructure,Airport & Airport services,71.30390143737166,True,False
GMRP&UI.NS,2026-09-18,92.30999755859375,93.6325003306071,95.19416681925456,96.08360015869141,102.78259984334309,104.07579978942871,93.10715477359503,86.80000305175781,136.3000030517578,False,False,False,False,False,False,False,False,False,-28.43076398173251,green,111.00293750740494,False,False,False,False,,Power,Power Generation,29.517453798767967,False,False
GNA.NS,2026-09-16,529.8499755859375,540.9333292643229,542.768056233724,535.8580004882813,448.7068172200521,421.21040573120115,541.5575100605458,292.9006085948861,601.6500244140625,True,True,True,True,False,True,True,False,False,71.89489952407966,noise,36.507036572971735,False,False,False,False,,Auto Components,Auto Components & Equipments,93.83983572895276,True,False
EBGNG.NS,2026-09-18,703.0499877929688,658.5291697184244,604.4541710747612,593.7450024414062,486.4743334960938,438.4630002593994,664.604829491264,239.0,712.0,True,True,True,True,True,True,True,True,False,88.94113847377503,green,154.3186312199208,False,False,True,False,,IT - Hardware,Computers Hardware & Equipments,95.4312114989733,True,True
GODIGIT.NS,2026-09-18,239.0,253.77083460489908,258.9347216288249,263.8549984741211,299.41033335367837,308.25824989318846,251.92299678653643,235.8000030517578,381.3999938964844,False,False,False,False,False,False,False,False,False,-32.46679736595095,red,462.71098140322033,False,False,False,True,,Insurance,General Insurance,24.69199178644764,False,False
GOCOLORS.NS,2026-09-17,308.1000061035156,320.0083363850911,328.34722222222223,330.82299865722655,320.13533192952474,348.053998336792,316.8981885380926,237.0500030517578,744.0,False,False,False,False,False,False,False,False,False,-57.832067910954585,dry,16.18462203492576,False,False,False,False,,Retailing,Speciality Retail,4.825462012320329,False,False
GOACARBON.NS,2026-09-18,377.6000061035156,397.6624984741211,377.49166700575086,378.89400085449216,372.25533386230467,377.32300048828125,394.6562560603393,272.8500061035156,494.8999938964844,True,False,False,True,False,True,True,False,False,-19.940631614554928,noise,37.73126030840027,False,False,False,False,,Minerals & Mining,Industrial Minerals,41.52977412731006,False,False
GOCLCORP.NS,2026-09-17,456.1499938964844,431.8208363850911,415.07222239176434,410.2620007324219,351.99333414713544,334.37000076293947,433.9605652652656,223.35000610351562,459.8999938964844,True,True,True,True,True,True,True,True,False,22.489259230031,ppv,445.2954898016717,True,False,True,False,,Chemicals & Petrochemicals,Explosives,80.80082135523614,True,True
GODAVARIB.NS,2026-09-17,243.30999755859375,238.50249989827475,246.24388885498047,252.58459899902343,281.49419921875,277.91284912109376,237.59379291130517,224.0,353.0,False,True,False,False,False,False,False,True,False,-17.530421121478334,ppv,282.2857646479541,False,True,False,False,,Diversified FMCG,Diversified FMCG,44.40451745379877,False,False
GPIL.NS,2026-09-16,236.49000549316406,243.41249974568686,243.18657133314343,243.90834045410156,264.88753702799477,261.2778059387207,242.65670321461806,220.30083502168418,318.68479368531104,False,True,False,False,False,False,False,False,False,-9.48504868330975,noise,75.92047584413407,False,False,False,False,,Industrial Products,Iron & Steel Products,54.51745379876797,False,False
GODFRYPHLP.NS,2026-09-18,2018.0,1985.9916687011719,2102.706519232856,2093.9861157226565,2125.809157714844,2183.60506652832,1981.9477291330559,1805.6870625140934,3605.6238151898538,False,False,False,False,False,False,False,True,False,-42.33919703329383,ppv,109.7512292070304,False,False,False,False,,Cigarettes & Tobacco Products,Cigarettes & Tobacco Products,14.27104722792608,False,False
GODREJAGRO.NS,2026-09-16,647.3499755859375,663.2999928792318,604.9972178141276,591.9518493652344,580.5757702636719,573.3854696655274,656.1609185320353,496.4533186222811,725.8949686967362,True,True,False,True,True,True,True,False,False,-9.784174717988947,noise,24.203675498880344,False,False,False,False,,Food Products,Animal Feed,54.106776180698155,False,False
GODREJCP.NS,2026-09-18,880.0,871.1333363850912,939.2354736328125,973.08953125,1030.139160970052,1067.1164361572266,873.506993861584,855.1500244140625,1255.1784329498362,False,False,False,False,False,False,False,True,False,-27.8559240082186,noise,85.89485819478202,False,False,False,False,,Personal Products,Personal Care,30.338809034907598,False,False
GODREJIND.NS,2026-09-18,1107.4000244140625,1133.8416951497395,1199.6805691189236,1239.6760107421876,1092.6250020345053,1071.173250427246,1129.1770708277281,744.2000122070312,1443.0,True,True,True,True,False,True,True,False,False,-9.020697597966642,noise,86.81863659618307,False,False,False,False,,Diversified,Diversified,55.082135523613964,False,False
GODREJPROP.NS,2026-09-18,1691.0999755859375,1835.3166605631511,1975.63331773546,2010.1303369140626,1830.5936889648438,1844.3227734375,1784.752973767203,1427.1018020889294,2340.6858887816,False,False,False,True,False,False,False,False,False,-18.362995946521377,noise,92.9341891272369,False,False,False,False,,Realty,"Residential, Commercial Projects",43.37782340862423,False,False
GOKEX.NS,2026-09-18,727.75,767.6875,784.9347262912327,797.137001953125,736.1080017089844,731.8122512817383,758.96880530628,531.0,954.9000244140625,False,True,False,True,False,True,True,False,False,-10.891393519960257,noise,65.96197450681355,False,False,False,False,,Textiles & Apparels,Garments & Apparels,52.46406570841889,False,False
GOKULAGRO.NS,2026-09-16,218.42999267578125,230.5524991353353,232.78666602240668,227.09399932861328,212.86506622314454,203.91044960021972,227.72661894381952,151.0,259.79998779296875,True,True,True,True,False,True,True,False,False,10.906319401052823,noise,35.78618412225254,False,False,False,False,,Agricultural Food & other Products,Edible Oil,73.76796714579056,True,False
GOKUL.NS,2026-09-16,39.38999938964844,41.798332850138344,40.912777264912926,40.71859962463379,40.32126646677653,39.82519982337951,41.45797428213457,31.0,46.79999923706055,False,True,False,True,False,False,True,False,False,-1.8684604170507657,noise,86.68022360689882,False,False,False,False,,Agricultural Food & other Products,Edible Oil,62.67967145790554,False,False
GOLDENTOBC.NS,2026-09-16,23.770000457763672,24.679166475931805,24.66333320405748,24.876399879455565,26.079999987284342,27.40685001373291,24.681744957181635,20.34000015258789,37.5,False,False,False,False,False,False,False,False,False,-32.758128758717966,red,170.19552223685542,False,False,False,False,,Realty,"Residential, Commercial Projects",24.281314168377826,False,False
GOLDIAM.NS,2026-09-18,326.75,332.41666412353516,353.0319417317708,353.39799743652344,310.5145829264323,298.8011801147461,330.32573672300225,198.75,398.20001220703125,True,True,True,True,False,True,True,False,False,12.002570831771187,noise,24.99325497022365,False,True,False,False,,Consumer Durables,"Gems, Jewellery And Watches",74.94866529774127,True,False
GOLDKART.NS,2026-09-16,107.0999984741211,101.99166679382324,97.87222226460774,108.43699905395508,168.0126651509603,191.10949764251708,102.79951205894275,81.69999694824219,285.0,False,False,False,False,False,True,False,True,False,-56.10655800240939,dry,0.0,False,False,False,False,,Consumer Durables,"Gems, Jewellery And Watches",5.338809034907597,False,False
GOLDSTAR.NS,2026-09-16,8.600000381469727,7.841666618982951,7.479166666666667,7.43100001335144,7.320000028610229,7.097250018119812,7.98226537969743,4.5,9.949999809265137,True,True,False,True,True,True,True,True,False,-3.9106082151318833,ppv,190.11406844106463,False,False,False,False,,Auto Components,Auto Components & Equipments,60.78028747433265,False,False
GOODLUCK.NS,2026-09-16,510.29998779296875,496.8499984741211,479.29444376627606,490.2273327636719,440.2461525472005,420.9127606201172,503.5728825938743,305.0,557.3666381835938,True,True,True,True,True,True,True,True,False,41.308801906752905,noise,68.90866323823495,False,False,False,False,,Industrial Products,Iron & Steel Products,87.62833675564681,True,True
GOODYEAR.NS,2026-09-16,,,,,,,,,,False,False,False,False,False,False,False,False,False,,noise,25.28405050489088,False,False,False,False,,Auto Components,Tyres & Rubber Products,,False,False
GOPAL.NS,2026-09-16,254.39999389648438,262.86249923706055,271.4124988979763,269.23599884033206,280.3006640625,288.4717030334473,260.76255192597876,247.21871544826075,391.7189867327264,False,False,False,False,False,False,False,False,False,-31.56403846254886,noise,75.20768891078706,False,False,False,False,,Food Products,Packaged Foods,25.564681724845993,False,False
GOYALALUM.NS,2026-09-16,5.900000095367432,6.153333306312561,6.338333315319485,6.413999977111817,6.639999984105428,6.843699989318847,6.096225201477021,5.340000152587891,11.369999885559082,False,False,False,False,False,False,False,False,False,-21.957670105507788,noise,53.16776640377682,False,False,False,False,,Commercial Services & Supplies,Trading & Distributors,39.01437371663244,False,False
GOYALSALT.NS,2026-09-16,103.0,103.59999974568684,107.80555534362793,109.81100021362305,115.88666676839193,125.39400032043457,103.37836332818023,97.0,200.0,False,False,False,False,False,False,False,False,False,-41.142857142857146,noise,37.38317757009346,False,False,False,False,,Food Products,Other Food Products,15.759753593429156,False,False
GPECO.NS,2026-09-17,400.1499938964844,409.17916615804035,404.8347227308485,410.6059997558594,391.3109991455078,395.4822496032715,404.57457865949755,264.04998779296875,599.9000244140625,True,False,False,True,False,True,False,False,False,-29.773604340287395,noise,44.19191919191919,False,False,False,False,,Electrical Equipment,Other Electrical Equipment,27.874743326488705,False,False
GULFPETRO.NS,2026-09-16,61.099998474121094,65.07583332061768,61.916288481818306,55.69929992675781,41.18731506347656,39.42763111114502,64.00703489388981,23.06491811108752,71.4000015258789,True,True,True,True,True,True,True,False,False,47.45101743240032,noise,68.00942869569934,False,False,False,False,,Petroleum Products,Lubricants,89.06570841889116,True,True
GPTHEALTH.NS,2026-09-16,163.3000030517578,157.9533322652181,157.84580103556314,156.74463073730467,142.4249698893229,140.54098846435548,159.2993761176612,113.9682423977474,175.0,True,True,True,True,True,True,True,True,True,7.758500382721878,noise,82.77401622130344,False,False,False,False,,Healthcare Services,Hospital,71.04722792607802,True,True
GPTINFRA.NS,2026-09-18,118.95999908447266,112.31916618347168,113.9011116027832,115.42800033569335,115.85176559448242,113.13595386505126,113.11827011888195,95.40746885287561,150.0,True,True,True,False,True,False,True,True,False,-0.9705723218899953,ppv,1483.6890679846508,False,False,False,False,,Construction,Civil Construction,63.5523613963039,False,False
GFSTEELS.NS,2026-09-16,23.079999923706055,17.552499930063885,15.67333330048455,15.245199947357177,13.501333179473876,12.915949907302856,19.080495622188245,9.729999542236328,23.079999923706055,True,True,True,True,True,True,True,True,False,137.20453247217094,ppv,135.95811246135708,False,False,True,False,,Industrial Products,Iron & Steel Products,98.1006160164271,True,True
GRANDOAK.NS,2026-09-17,,,,,,,,,,False,False,False,False,False,False,False,False,False,,noise,,False,False,False,True,,Finance,Non Banking Financial Company (NBFC),,False,False
GRANULES.NS,2026-09-18,875.5,876.7958221435547,856.0861104329427,858.5233361816406,749.9147599283854,707.4914035034179,872.3528571724805,509.48866067465497,923.6500244140625,True,True,True,True,True,True,True,True,False,60.66730250221637,green,110.88404354262369,False,False,False,False,,Pharmaceuticals & Biotechnology,Pharmaceuticals,91.52977412731006,True,True
GRAPHISAD.NS,2026-09-16,25.5,25.84166669845581,26.965277671813965,27.299999923706054,31.50466660817464,34.77900001525879,25.75628975798817,24.149999618530273,52.79999923706055,False,False,False,False,False,False,False,False,False,-23.994037019733295,noise,51.546391752577314,False,False,False,False,,Media,Advertising & Media Agencies,36.24229979466119,False,False
GRAPHITE.NS,2026-09-18,830.8499755859375,788.2333221435547,736.8402726915148,710.8130517578124,681.5722408040365,661.414924621582,797.6596523783685,510.5948183076055,874.3499755859375,True,True,True,True,True,True,True,True,False,48.54910143080304,noise,93.84460883379195,False,False,False,False,,Industrial Products,Electrodes & Refractories,89.11704312114989,True,True
GRASIM.NS,2026-09-16,3187.0,3281.8249715169272,3264.3493855794272,3224.661787109375,3003.0319319661457,2952.703933105469,3259.0900305488876,2494.7282248871606,3411.10009765625,True,True,True,True,False,False,True,False,False,12.44911172283285,noise,97.11421251949008,False,False,False,False,,Cement & Cement Products,Cement & Cement Products,75.25667351129364,True,False
GRAUWEIL.NS,2026-09-16,,,,,,,,,,False,False,False,False,False,False,False,False,False,,green,148.82391658593772,False,False,False,False,,Chemicals & Petrochemicals,Commodity Chemicals,,False,False
GRAVISSHO.NS,2026-09-17,,,,,,,,,,False,False,False,False,False,False,False,False,False,,noise,,False,False,False,False,,Leisure Services,Hotels & Resorts,,False,False
GRAVITA.NS,2026-09-18,1598.4000244140625,1659.0666605631511,1734.949998643663,1743.2619946289062,1649.90533203125,1667.7335009765625,1653.8333166798272,1266.9000244140625,1913.5999755859375,False,False,False,True,False,False,True,False,False,-4.840145807058693,red,179.3149248481321,False,False,False,False,,Minerals & Mining,Industrial Minerals,59.59958932238193,False,False
GREAVESCOT.NS,2026-09-17,191.72000122070312,192.25166702270508,197.74972195095486,211.75970458984375,182.61883015950522,181.02485343933105,191.27962246525982,119.01442505726769,269.68934059737177,True,True,False,True,False,True,False,True,False,-12.91605001710897,ppv,54.648807525538736,False,False,False,False,,Industrial Products,"Compressors, Pumps & Diesel Engines",49.89733059548255,False,False
GREENCHEF.NS,2026-09-16,68.5,65.2041670481364,56.647222412957085,54.287999954223636,51.877333348592124,52.45525005340576,66.276600706265,40.400001525878906,73.5,True,False,False,True,True,True,True,True,False,-1.296832141341242,noise,87.00102354145342,False,False,False,False,,Consumer Durables,Household Appliances,63.29568788501027,False,False
GREENLAM.NS,2026-09-16,230.86000061035156,238.0383326212565,248.0169448852539,249.10120056152343,238.7425978597005,240.92805099487305,235.95571821692747,197.2850144391706,278.54998779296875,False,False,False,True,False,False,True,False,False,-7.1418111373059645,noise,20.20760999705327,False,False,False,False,,Consumer Durables,Plywood Boards/ Laminates,57.85420944558521,False,False
GREENPANEL.NS,2026-09-16,152.77000427246094,157.51166915893555,170.03537453545465,176.91684631347655,192.31745045979818,200.81170280456544,156.22449949168603,148.50999450683594,315.1808501441745,False,False,False,False,False,False,False,False,False,-50.01891026738659,green,216.65683813528793,False,False,False,False,,Consumer Durables,Plywood Boards/ Laminates,8.316221765913758,False,False
GREENPLY.NS,2026-09-16,281.1000061035156,291.76250712076825,288.0394473605686,295.45891540527344,261.9912882486979,259.2765496063232,289.5517066738942,176.11307552067777,333.81821311913393,True,True,False,True,False,True,True,False,False,-13.741803158944366,noise,50.52921491523438,False,False,False,False,,Consumer Durables,Plywood Boards/ Laminates,48.56262833675565,False,False
GCSL.NS,2026-09-17,594.3499755859375,593.7291666666666,541.86388736301,534.1566223144531,430.9105067952474,406.37709884643556,591.3432786709011,212.85925329857284,616.9000244140625,True,True,True,True,True,True,True,True,False,112.25456955796092,noise,90.62516903920525,False,False,False,False,,Capital Markets,Other Capital Market related Services,96.81724845995893,True,True
GRETEX.NS,2026-09-16,225.0,236.84166463216147,274.69305504692926,281.21799926757814,272.1220001220703,252.61500007629394,234.14441278590678,180.5,304.0,False,True,True,True,False,False,False,False,False,13.065326633165819,dry,0.0,False,False,False,False,,Entertainment,Media & Entertainment,75.71868583162218,True,False
BIRDYS.NS,2026-09-16,85.44999694824219,86.62916437784831,87.24860975477431,88.42599884033203,107.38966634114583,111.00074974060058,86.55602769302288,81.94999694824219,151.89999389648438,False,False,False,False,False,False,False,False,False,-31.640002441406246,dry,0.0,False,False,False,False,,Leisure Services,Restaurants,25.46201232032854,False,False
GRINDWELL.NS,2026-09-18,1895.5999755859375,1900.1333414713542,2018.61668226454,2035.1740161132811,1831.106768391927,1765.4813012695313,1894.7517320425238,1316.5038257707065,2455.0,True,True,True,True,False,True,True,True,False,12.676964362563314,noise,79.3124642946525,False,False,False,False,,Industrial Products,Abrasives & Bearings,75.35934291581108,True,False
GRMOVER.NS,2026-09-18,81.63999938964844,85.35166549682617,87.99333296881781,89.04699996948243,126.11260009765626,135.18371673583985,84.41351960394485,79.33999633789062,185.4499969482422,False,False,False,False,False,False,False,False,False,-30.676477036147908,red,105.55525437729713,False,True,False,True,,Agricultural Food & other Products,Other Agricultural Products,26.745379876796715,False,False
GROBTEA.NS,2026-09-16,938.9500122070312,962.7208404541016,941.9170956081814,932.5489416503906,915.3880891927083,931.2370700073242,954.3099805978643,803.2462751071786,1233.5068129475733,True,False,False,True,True,False,True,False,False,-11.460299642324811,dry,5.171865054105665,False,False,False,False,,Agricultural Food & other Products,Tea & Coffee,51.69404517453798,False,False
GRPLTD.NS,2026-09-16,1979.300048828125,1997.3499959309895,2000.4472147623699,1978.3404150390625,1873.1510693359376,1842.3052996826173,1995.1926115763013,1497.2378372990818,2356.253157692895,True,True,False,True,True,True,True,False,False,-5.618678512276521,noise,79.20375183308408,False,False,False,False,,Industrial Products,Rubber,58.82956878850103,False,False
GSMFOILS.NS,2026-09-17,90.0999984741211,101.38750012715657,119.13749927944608,160.90100051879884,191.0943330383301,194.6297497177124,94.71253572843995,79.69999694824219,293.8500061035156,False,False,False,False,False,False,False,False,False,-62.89891035221318,dry,4.355681744853842,False,False,False,False,,Industrial Products,Packaging,2.8747433264887063,False,False
GSPCROP.NS,2026-09-17,,,,,,,,,,False,False,False,False,False,False,False,False,False,,noise,79.45660617435857,False,False,False,False,,Fertilizers & Agrochemicals,Pesticides & Agrochemicals,,False,False
GSS.NS,2026-09-16,10.079999923706055,10.988333304723104,12.346666706932915,12.353000011444092,13.045066680908203,13.857049989700318,10.778011447915135,8.680000305175781,28.84000015258789,False,False,False,False,False,False,False,False,False,-62.872927936152514,noise,56.82756397839389,False,False,False,False,,IT - Services,IT Enabled Services,2.9260780287474333,False,False
GTL.NS,2026-09-16,7.099999904632568,7.155833284060161,7.333888861868116,7.306199989318848,7.34400000890096,7.442849998474121,7.165776302104542,4.909999847412109,11.260000228881836,False,False,False,False,False,True,False,False,False,-23.076920295141036,noise,61.472523380977286,False,False,False,False,,Telecom - Services,Other Telecom Services,37.73100616016427,False,False
GTLINFRA.NS,2026-09-18,1.149999976158142,1.1558333138624828,1.199166668785943,1.210600004196167,1.2468666696548463,1.2268000012636184,1.1506033217662786,0.9599999785423279,1.6699999570846558,False,True,False,False,False,False,False,False,False,-28.5714306869439,noise,82.67082227534063,False,False,False,False,,Telecom - Services,Telecom - Infrastructure,29.26078028747433,False,False
GTPL.NS,2026-09-16,56.459999084472656,58.23750019073486,56.945000118679474,58.24700012207031,62.43246655782064,69.62329992294312,57.99477557874315,50.849998474121094,118.25,False,False,False,False,False,False,False,False,False,-50.62743766320585,noise,60.84037402326252,False,False,False,False,,Entertainment,TV Broadcasting & Software Production,8.059548254620124,False,False
GUFICBIO.NS,2026-09-16,419.8500061035156,430.85833231608075,417.3932529025608,409.31274353027345,345.5671691894531,341.43541702270505,427.01758642205516,267.9349768924993,467.79998779296875,True,True,True,True,True,True,True,False,False,14.396893792240961,noise,96.75554331760986,False,False,False,False,,Pharmaceuticals & Biotechnology,Pharmaceuticals,76.79671457905543,True,True
GUJAPOLLO.NS,2026-09-17,324.0,342.62500762939453,349.29583570692273,350.727001953125,380.8643339029948,389.0325001525879,340.0579115308269,300.5,512.0,False,False,False,False,False,False,False,False,False,-33.54324577244602,red,216.35184131267465,False,False,False,True,,Industrial Manufacturing,Industrial Products,23.35728952772074,False,False
GIPCL.NS,2026-09-16,185.13999938964844,196.83093770345053,179.35134548611111,173.66823211669922,155.20413208007812,152.82911239624025,193.5850977535535,117.45792136190741,207.3979831995766,True,True,False,True,True,True,True,False,False,-0.5947437511720777,noise,64.71139316551306,False,False,False,False,,Power,Power Generation,64.21971252566735,False,False
GPPL.NS,2026-09-18,160.35000610351562,161.53916676839194,156.86034393310547,153.77617584228517,152.7238510131836,158.45292976379395,161.43023756005272,137.3626328109463,194.17086460013374,True,False,False,False,True,False,True,False,False,6.827053831749219,noise,94.40968547784743,False,False,False,False,,Transport Infrastructure,Port & Port services,70.37987679671458,True,False
GAEL.NS,2026-09-16,157.16000366210938,165.62750116984049,170.7595575120714,164.70140869140624,155.28609141031902,148.86458114624023,163.76222700651016,101.01982127662673,184.66065065257942,True,True,True,True,False,True,True,False,False,43.597514643975785,noise,68.28241404376658,False,False,False,False,,Agricultural Food & other Products,Other Agricultural Products,88.19301848049281,True,False
GLFL.NS,2026-09-16,5.349999904632568,5.487499992052714,5.633055541250441,5.580399980545044,5.7585999997456865,5.7345499992370605,5.396856103787366,3.6600000858306885,9.34000015258789,False,True,False,False,False,True,False,False,False,-9.475464589474658,green,116.04212170390345,False,True,False,False,,Finance,Other Financial Services,54.5687885010267,False,False
GUJRAFFIA.NS,2026-09-18,40.25,40.88250001271566,40.780833350287544,40.380199966430666,40.13113334655762,42.54434995651245,40.74752560595088,35.099998474121094,88.0,False,False,False,False,False,False,False,False,False,3.5502987034641498,red,106.442358476977,False,True,False,False,,Industrial Products,Packaging,67.29979466119097,False,False
GUJTHEM.NS,2026-09-18,427.3999938964844,426.3125,394.3625005086263,385.69599975585936,358.04066670735676,361.86474990844727,422.9949032382341,225.0500030517578,479.0,True,False,False,True,True,True,True,True,False,11.797020021862824,green,156.51139676060427,False,False,False,False,,Pharmaceuticals & Biotechnology,Pharmaceuticals,74.84599589322382,True,False
GNRL.NS,2026-09-17,,,,,,,,,,False,False,False,False,False,False,False,False,False,,noise,,False,True,False,False,,Oil,Oil Exploration & Production,,False,False
GUJALKALI.NS,2026-09-18,638.7000122070312,684.1446787516276,677.2592247856987,660.9367932128906,620.4935170491536,584.0002883911133,673.5033530073217,398.40127903450684,793.5892698217052,True,True,True,True,False,True,True,False,False,9.4414735628491,red,154.9142731854555,False,False,False,False,,Chemicals & Petrochemicals,Commodity Chemicals,72.68993839835728,True,False
GUJENERGY.NS,2026-09-18,244.63999938964844,247.00045903523764,254.09837171766492,257.08658996582034,321.7659684244792,340.2261241149902,244.8974997439315,237.552141653359,431.820880528865,False,False,False,False,False,False,False,False,False,-42.57687551852894,ppv,371.37924225684134,False,False,False,False,,Gas,LPG/CNG/PNG/LNG Supplier,14.168377823408623,False,False
FLUOROCHEM.NS,2026-09-17,4471.7998046875,4653.6318766276045,4620.139594184027,4534.960317382813,3863.4028466796876,3752.9307287597658,4628.936734755978,2914.6699865065048,4955.618691060383,True,True,True,True,False,True,True,False,False,21.343275582878917,noise,90.55617878018539,False,False,False,False,,Chemicals & Petrochemicals,Specialty Chemicals,80.03080082135524,True,False
GKSL.NS,2026-09-17,,,,,,,,,,False,False,False,False,False,False,False,False,False,,noise,35.7874701630335,False,False,True,False,,Healthcare Services,Hospital,,False,False
GULFOILLUB.NS,2026-09-18,1070.0999755859375,1067.9552408854167,1104.2426181369358,1074.5333239746094,996.2851843261719,1022.0818487548828,1069.2912416290542,841.6741605754839,1239.4636417982185,True,False,False,True,False,False,True,True,False,-12.509608588376352,noise,35.41158142203125,False,False,False,False,,Petroleum Products,Lubricants,50.46201232032854,False,False
GULPOLY.NS,2026-09-16,168.88999938964844,179.85499827067056,189.07133271959094,187.9417251586914,179.92815826416015,169.1724040222168,177.10568955916446,120.55614158651348,225.86168963286522,False,True,True,True,False,True,False,False,False,5.616946002637091,noise,20.66411839200172,False,False,False,False,,Agricultural Food & other Products,Other Agricultural Products,68.83983572895276,False,False
GVKPIL.NS,2026-09-16,2.3299999237060547,2.1516666412353516,2.2577777571148343,2.321799988746643,2.698666672706604,2.8009000039100647,2.2104769321826283,2.0399999618530273,4.059999942779541,False,False,False,False,True,False,False,True,False,-38.35978991160158,ppv,291.49926618425724,False,False,False,False,,Power,Power Generation,18.68583162217659,False,False
GVPTECH.NS,2026-09-16,7.650000095367432,8.044999996821085,7.44694447517395,7.259800024032593,6.914399995803833,7.351250002384186,7.852458784558679,5.21999979019165,11.1899995803833,True,False,False,False,True,True,False,False,False,-24.03177430780479,noise,37.07357298420944,False,False,False,False,,IT - Software,Computers - Software & Consulting,36.139630390143736,False,False
GYFTR.NS,2026-09-17,,,,,,,,,,False,False,False,False,False,False,False,False,False,,noise,,False,False,False,False,,Finance,Other Financial Services,,False,False
HDIL.NS,2026-09-16,1.4700000286102295,1.490833342075348,1.536944439013799,1.5810000014305114,1.924133330186208,2.026950004696846,1.4875270579580553,1.4500000476837158,3.25,False,False,False,False,False,False,False,False,False,-50.6711402952518,noise,52.827803111939,False,False,False,True,,Realty,"Residential, Commercial Projects",7.95687885010267,False,False
HINDPETRO.NS,2026-09-16,350.04998779296875,353.72916412353516,365.17402818467883,368.04942993164065,367.63517211914063,384.35520248413087,352.7950140372434,300.70788795552824,483.5386775606495,False,False,False,False,False,False,False,False,False,-7.4827020633311925,noise,69.06178570004619,False,False,False,False,,Petroleum Products,Refineries & Marketing,57.39219712525667,False,False
HTMEDIA.NS,2026-09-16,22.989999771118164,25.304999987284344,26.11111111111111,26.001799926757812,23.307666664123534,23.225499982833863,24.765401088430956,17.520000457763672,31.299999237060547,False,True,False,True,False,True,False,False,False,-12.91666627532303,noise,91.5502656409277,False,False,False,False,,Media,Print Media,49.84599589322382,False,False
HUDCO.NS,2026-09-18,174.9199981689453,174.76333363850912,184.96919420030383,188.58920013427735,192.94550526936848,195.96290992736817,173.81823288304793,156.74431230508782,239.21867289789094,False,False,False,False,False,False,False,True,False,-19.069127689057563,green,176.9112112531622,False,False,False,False,,Finance,Financial Institution,42.5564681724846,False,False
HGINFRA.NS,2026-09-18,442.45001220703125,475.4458312988281,505.2892320421007,516.6342395019532,547.3099247233073,588.6259149169922,470.0577439346267,427.93192345187117,1035.9040223621726,False,False,False,False,False,False,False,False,False,-56.48492799133289,red,107.55089629896592,False,False,False,False,,Construction,Civil Construction,5.236139630390143,False,False
HALDER.NS,2026-09-17,,,,,,,,,,False,False,False,False,False,False,False,False,False,,dry,12.25573953835161,False,False,False,False,,Agricultural Food & other Products,Other Agricultural Products,,False,False
HALDYNGL.NS,2026-09-17,,,,,,,,,,False,False,False,False,False,False,False,False,False,,noise,,False,True,False,False,,Industrial Products,Packaging,,False,False
HALEOSLABS.NS,2026-09-16,1507.9000244140625,1470.8750101725261,1482.29445054796,1506.3240063476562,1433.3840047200522,1398.009503173828,1476.750390152402,1091.0999755859375,1774.0,True,True,True,True,True,True,True,True,False,25.826306011330846,green,259.7847358121331,False,False,False,False,,Pharmaceuticals & Biotechnology,Pharmaceuticals,82.03285420944559,True,True
HAMPTON.NS,2026-09-17,,,,,,,,,,False,False,False,False,False,False,False,False,False,,noise,,False,False,False,False,,Realty,"Residential, Commercial Projects",,False,False
HGM.NS,2026-09-16,46.810001373291016,49.13083362579346,47.89416694641113,48.2652001953125,52.62266672770182,55.651350002288815,48.38783668297891,42.0,82.4000015258789,False,False,False,False,False,False,False,False,False,-42.59963259157472,noise,33.1333245417381,False,True,False,False,,IT - Services,IT Enabled Services,14.065708418891171,False,False
HAPPSTMNDS.NS,2026-09-18,321.54998779296875,336.3500010172526,383.3361121283637,382.6422863769531,371.25923604329427,388.3569006347656,336.6336276873498,319.0,574.7140242073417,False,False,False,False,False,False,False,False,False,-43.198511594047105,noise,39.1104919564744,False,False,False,True,,IT - Software,Computers - Software & Consulting,13.398357289527722,False,False
HAPPYFORGE.NS,2026-09-16,2155.89990234375,2234.9332885742188,2099.2527669270835,1959.562705078125,1551.3618375651042,1435.3331274414063,2191.5861861911285,886.5215390100362,2470.0,True,True,True,True,True,True,True,False,False,128.0233444271329,ppv,163.82027370489268,False,True,False,False,,Industrial Products,Castings & Forgings,97.38193018480493,True,True
HARDWYN.NS,2026-09-16,9.039999961853027,9.087500015894571,10.02194446987576,10.899085597991943,14.194790128072103,13.71505678653717,9.116941533015996,7.610000133514404,20.200000762939453,False,True,False,False,False,False,False,False,False,-6.11275153799099,noise,69.1301237508116,False,True,False,False,,Consumer Durables,"Furniture, Home Furnishing",58.31622176591375,False,False
HARIOMPIPE.NS,2026-09-16,350.3500061035156,356.4250030517578,367.3625022040473,374.3700018310547,359.27033447265626,366.3460009765625,356.7118202763759,268.04998779296875,571.557343009277,False,False,False,True,False,True,False,False,False,-33.634063796287705,noise,43.939123469658036,False,False,False,False,,Industrial Products,Iron & Steel Products,23.305954825462013,False,False
HRYNSHP.NS,2026-09-17,,,,,,,,,,False,False,False,False,False,False,False,False,False,,noise,,False,False,False,False,,Industrial Manufacturing,Ship Building & Allied Services,,False,False
HARRMALAYA.NS,2026-09-16,178.7100067138672,188.69000116984049,201.82638888888889,205.73360015869142,200.37866678873698,191.09705032348631,187.05687760844287,153.66000366210938,237.89999389648438,False,True,False,True,False,False,True,False,False,-14.887838417440413,noise,24.821710958113638,False,False,False,False,,Industrial Products,Rubber,47.587268993839835,False,False
HARSHA.NS,2026-09-16,430.0,449.0250015258789,430.59444342719183,426.76999938964843,398.76420267740883,393.72987899780276,442.3008107009094,312.17531583398915,470.95001220703125,True,True,True,True,True,True,True,False,False,6.00569592231095,green,113.35337927044502,False,False,False,False,,Industrial Products,Other Industrial Products,69.25051334702259,False,False
HATHWAY.NS,2026-09-17,10.020000457763672,10.21750005086263,10.528611209657457,10.654800090789795,10.703533376057942,11.019700040817261,10.17042124129711,8.760000228881836,15.25,False,False,False,False,False,False,False,False,False,-33.33332910324093,green,101.14544730744552,False,True,False,False,,Entertainment,TV Broadcasting & Software Production,23.716632443531825,False,False
HATSUN.NS,2026-09-18,1139.0999755859375,1192.7083435058594,1067.4652811686199,1021.4680017089844,954.4723942057292,951.8453610229492,1187.4366658386264,846.1695010496207,1349.699951171875,True,True,True,True,True,True,True,False,False,26.791250316502335,noise,88.33523969283463,False,False,False,False,,Food Products,Dairy Products,82.4435318275154,True,True
HAVELLS.NS,2026-09-16,1089.9000244140625,1141.2583414713542,1228.5111083984375,1220.6660034179688,1240.102285970052,1276.5000689697265,1129.5121147363236,1081.0999755859375,1608.1408144941627,False,False,False,False,False,False,False,False,False,-31.9616764667377,noise,66.97532679627085,False,True,False,False,,Consumer Durables,Consumer Electronics,25.0,False,False
HAWKINCOOK.NS,2026-09-17,,,,,,,,,,False,False,False,False,False,False,False,False,False,,noise,79.5950205355153,False,False,False,False,,Consumer Durables,Houseware,,False,False
HAZOOR.NS,2026-09-18,,,,,,,,,,False,False,False,False,False,False,False,False,False,,ppv,,False,False,False,False,,Construction,Civil Construction,,False,False
HBESD.NS,2026-09-17,,,,,,,,,,False,False,False,False,False,False,False,False,False,,noise,,False,True,False,False,,Realty,"Residential, Commercial Projects",,False,False
HBPOR.NS,2026-09-17,,,,,,,,,,False,False,False,False,False,False,False,False,False,,noise,,False,True,False,False,,Finance,Other Financial Services,,False,False
HBSL.NS,2026-09-16,52.2400016784668,53.47166665395101,53.99444474114312,52.71800025939942,54.819733505249026,58.70690006256103,53.228008249475174,42.630001068115234,108.80000305175781,False,False,False,False,False,False,False,False,False,-32.84483730088324,noise,41.01660247622778,False,False,False,False,,Finance,Non Banking Financial Company (NBFC),24.12731006160164,False,False
HBLENGINE.NS,2026-09-17,756.75,710.5660247802734,700.0105828179253,707.8464636230469,738.3699076334635,759.0856420898438,717.7966157755448,612.1496526863262,1117.5593013063567,False,False,False,False,True,False,False,True,False,-13.487027127618267,ppv,571.5563369078169,True,False,False,False,,Industrial Products,Other Industrial Products,48.81930184804928,False,False
HCL-INSYS.NS,2026-09-18,10.470000267028809,10.125,10.865555551317003,11.092599983215331,11.839933300018311,12.232599959373474,10.208728193828808,9.010000228881836,16.5,False,False,False,False,False,False,False,True,False,-34.23366697956609,green,241.0376564434482,False,False,False,False,,IT - Hardware,Computers Hardware & Equipments,22.433264887063658,False,False
HCLTECH.NS,2026-09-18,1249.300048828125,1252.9583435058594,1307.9750061035156,1290.2332788085937,1252.3025760904948,1338.5718338012696,1252.9941501535272,1019.5907239069678,1729.0085007948294,False,False,False,False,False,False,False,False,False,-12.58016764286074,red,101.88407354074866,False,False,False,False,,IT - Software,Computers - Software & Consulting,50.35934291581109,False,False
HDBFS.NS,2026-09-18,698.4000244140625,679.8333384195963,682.3986121283638,691.4400012207032,678.7074812825521,694.1614251708984,680.6395413844541,553.7186859929476,795.5274885884296,True,False,False,False,True,False,True,True,False,-11.227074278155659,green,126.1511986053472,False,False,False,False,,Finance,Non Banking Financial Company (NBFC),52.00205338809035,False,False
HDFCAMC.NS,2026-09-16,2373.10009765625,2448.5583292643228,2528.377780490451,2555.62599609375,2573.657371419271,2568.7832958984377,2436.132241390726,2158.391558795009,2903.739155124938,False,True,False,False,False,False,True,False,False,-16.082541157050766,noise,57.87023866437946,False,False,False,False,,Capital Markets,Asset Management Company,45.790554414784395,False,False
HDFCBANK.NS,2026-09-18,731.0,709.3083292643229,721.0236104329427,735.7380004882813,771.5563000488281,814.6779885864257,714.4518265783104,681.9000244140625,1003.8961237048558,False,False,False,False,False,False,False,True,False,-23.933842337766354,green,140.47084433776,False,False,False,False,,Banks,Private Sector Bank,36.34496919917864,False,False
HDFCLIFE.NS,2026-09-18,550.9500122070312,533.4416707356771,539.8027767605251,545.1990002441406,589.823798828125,627.4145666503906,537.4183216957613,508.70001220703125,794.0698543036143,False,False,False,False,True,False,False,True,False,-29.529225483619935,red,158.56989357550395,False,False,False,False,,Insurance,Life Insurance,28.28542094455852,False,False
HEADSUP.NS,2026-09-16,6.889999866485596,6.934166630109151,6.871666656600104,6.873199996948242,7.169199991226196,7.592450001239777,6.934221087554878,5.690000057220459,12.949999809265137,False,False,False,False,True,False,False,False,False,-37.647061108083236,red,482.0684915313988,False,False,False,False,,Textiles & Apparels,Trading - Textile Products,19.35318275154004,False,False
HEALTHX.NS,2026-09-16,298.1000061035156,300.1749954223633,301.42777760823566,307.23499938964846,295.265,298.17525009155275,301.372384727419,252.5,363.0,False,False,False,True,False,False,True,False,False,-0.8646511466469553,noise,46.552923323357085,False,False,False,False,,Healthcare Services,Healthcare Service Provider,63.860369609856264,False,False
HCG.NS,2026-09-16,674.1500244140625,698.245839436849,701.1736145019531,690.4630017089844,626.2255940755208,634.1176953125,693.0376672837878,513.2999877929688,804.6500244140625,True,False,False,True,False,True,True,False,False,-1.143777058926243,red,119.05728577453851,False,False,False,False,,Healthcare Services,Hospital,63.50102669404517,False,False
HECPROJECT.NS,2026-09-16,114.44999694824219,118.75083287556966,124.51472303602431,126.21200073242187,123.82973388671876,122.77330039978027,118.4959460962042,92.0999984741211,160.5,False,True,False,True,False,False,False,False,False,-18.858564713220773,noise,47.22195479501534,False,False,False,False,,Construction,Civil Construction,42.761806981519506,False,False
HEG.NS,2026-09-17,225.8000030517578,360.4916712443034,585.7916658189562,591.4373370361328,568.4690356445312,564.8278509521484,313.7658553211216,214.10000610351562,753.9000244140625,False,True,False,True,False,False,False,False,False,-56.21782839197553,noise,61.81444230403129,False,False,False,False,,Industrial Products,Electrodes & Refractories,5.287474332648871,False,False
HEIDELBERG.NS,2026-09-16,141.1999969482422,150.32503509521484,150.60359615749783,150.78991790771485,149.55252014160158,153.26445610046386,148.8258059515577,130.10026710307625,207.42435265801188,False,False,False,False,False,False,False,False,False,-29.86153203760442,red,218.2951590346574,False,False,False,False,,Cement & Cement Products,Cement & Cement Products,27.6694045174538,False,False
HEMIPROP.NS,2026-09-18,120.7699966430664,122.46416727701823,129.6880554623074,131.48519973754884,134.96633326212566,134.71224998474122,121.55218966541685,111.19999694824219,190.69000244140625,False,True,False,False,False,False,False,False,False,-29.41967376992678,noise,80.93354114372968,False,False,False,False,,Commercial Services & Supplies,Diversified Commercial Services,28.388090349075974,False,False
HERANBA.NS,2026-09-16,163.30999755859375,171.918332417806,172.67722278171115,174.4810006713867,188.1926005045573,199.43910041809082,169.9026308516055,155.3800048828125,331.8820865792634,False,False,False,False,False,False,False,False,False,-50.18674819469919,noise,83.63581206347914,False,False,False,False,,Fertilizers & Agrochemicals,Pesticides & Agrochemicals,8.264887063655031,False,False
HERITGFOOD.NS,2026-09-16,408.6499938964844,389.0083312988281,369.44027455647785,358.84578308105466,338.9712451171875,362.0097525024414,395.8744488054718,290.35662689794395,535.9513958603458,True,False,False,False,True,True,True,True,False,-15.739904659151872,green,136.26432627106996,False,False,False,False,,Food Products,Dairy Products,46.5605749486653,False,False
HEROMOTOCO.NS,2026-09-18,5285.5,5263.708333333333,5522.763888888889,5372.24419921875,5170.9726171875,5275.108869628906,5286.03066768876,4603.781580166306,6175.521739453033,True,False,False,True,False,False,True,False,False,1.8209182099345966,red,105.88710754727981,False,False,False,False,,Automobiles,2/3 Wheelers,66.22176591375771,False,False
HESTERBIO.NS,2026-09-16,2207.699951171875,2264.1666463216147,2374.8333197699653,2373.224443359375,1927.8494881184895,1832.4192071533203,2264.5771992118307,1233.9436104429194,2683.60009765625,True,True,True,True,False,True,True,False,False,6.446640771711576,dry,12.790028087136719,False,False,False,False,,Pharmaceuticals & Biotechnology,Pharmaceuticals,69.96919917864476,False,False
HEXATRADEX.NS,2026-09-16,156.3699951171875,157.50416692097983,158.64250013563367,158.50240020751954,161.14333333333335,161.38225006103517,157.05693031800539,147.25999450683594,194.88999938964844,False,False,False,False,False,False,True,False,False,-12.21580259874825,noise,34.98163155318444,False,False,False,False,,Finance,Investment Company,50.87268993839835,False,False
HEXAGON.NS,2026-09-17,,,,,,,,,,False,False,False,False,False,False,False,False,False,,noise,33.390888019549934,False,False,False,False,,Food Products,Packaged Foods,,False,False
HEXT.NS,2026-09-18,524.5499877929688,516.466657002767,544.2180506388346,550.438998413086,504.82261169433593,554.7414299011231,520.4761125027898,392.77756486306447,792.7687780924847,False,False,False,False,False,True,False,True,False,-29.787752036236213,noise,30.76822453125036,False,True,False,False,,IT - Software,Computers - Software & Consulting,27.772073921971252,False,False
HFCL.NS,2026-09-18,215.7100067138672,229.31999969482422,225.65944374932184,220.3743994140625,159.77766642252604,136.45819986343383,224.38138982764374,59.81999969482422,256.70001220703125,True,True,True,True,False,True,True,False,False,177.83360176407638,noise,33.284760083604766,False,False,False,False,,Telecom - Services,Telecom - Infrastructure,98.97330595482546,True,False
HIGREEN.NS,2026-09-16,120.0,122.9541670481364,130.06666692097983,132.61300018310547,133.62066685994466,136.42350017547608,122.23512979222897,101.19999694824219,232.1999969482422,False,False,False,False,False,False,False,False,False,-44.38006952491309,noise,32.31017770597738,False,True,False,False,,Other Utilities,Waste Management,12.26899383983573,False,False
HITECH.NS,2026-09-18,76.13999938964844,75.74166679382324,79.5097221798367,81.47840011596679,84.52973342895508,85.2527501296997,75.87176559988214,70.13999938964844,127.5,False,False,False,False,False,False,False,True,False,-30.4639080691385,green,114.74769275831314,False,False,False,False,,Industrial Products,Iron & Steel Products,27.20739219712526,False,False
HILINFRA.NS,2026-09-18,43.91999816894531,43.32499980926514,44.67805544535319,44.754199829101566,48.19746660868327,50.36504987716675,43.3924752215452,40.099998474121094,91.30000305175781,False,False,False,False,False,False,False,True,False,-48.52320871303327,ppv,554.4272791812215,False,False,False,False,,Transport Infrastructure,"Road AssetsToll, Annuity, Hybrid-Annuity",9.137577002053387,False,False
HIKAL.NS,2026-09-17,225.2899932861328,228.23301442464194,219.63115437825522,221.76915588378907,202.73038004557293,206.7018020629883,224.62171894618004,146.00661502940906,281.96032372802324,True,False,False,True,True,True,True,True,False,-15.700301157526065,noise,37.90727799395467,False,False,False,False,,Pharmaceuticals & Biotechnology,Pharmaceuticals,46.61190965092403,False,False
HILTON.NS,2026-09-18,16.3799991607666,17.97249984741211,19.469444380866157,20.20459991455078,20.925057442982993,24.05598439693451,17.683579021038398,13.430000305175781,55.86000061035156,False,False,False,False,False,False,False,False,False,-69.94495566831816,red,385.8517109132413,False,False,False,False,,Industrial Products,Castings & Forgings,1.5400410677618068,False,False
HSCL.NS,2026-09-18,675.3499755859375,662.9750010172526,703.6444481743706,715.7580041503907,611.6618078613282,575.4842477416992,662.9012887348135,417.9330556788151,819.5,True,True,True,True,False,True,True,True,False,43.93234085983209,noise,36.06612167584623,False,False,False,False,,Chemicals & Petrochemicals,Carbon Black,88.24435318275154,True,False
HIMATSEIDE.NS,2026-09-18,64.66000366210938,67.57788340250652,71.9162228902181,75.05707214355469,82.01554143269857,89.10601753234863,66.51022058354712,62.939998626708984,133.6819357071819,False,False,False,False,False,False,False,False,False,-50.46505516743809,green,119.65261930556714,False,False,False,False,,Textiles & Apparels,Other Textile Products,8.11088295687885,False,False
HINDALUMI.NS,2026-09-17,,,,,,,,,,False,False,False,False,False,False,False,False,False,,noise,,False,False,False,True,,Non - Ferrous Metals,Aluminium,,False,False
HINDUNILVR.NS,2026-09-17,1942.199951171875,1952.8333333333333,2020.3638848198784,2050.7600048828126,2140.8285815429685,2188.6724017333986,1952.8720204713532,1926.199951171875,2619.7497080594576,False,False,False,False,False,False,False,False,False,-23.050231282136156,noise,76.98558329302404,False,False,False,False,,Diversified FMCG,Diversified FMCG,37.83367556468173,False,False
HINDADH.NS,2026-09-17,,,,,,,,,,False,False,False,False,False,False,False,False,False,,noise,,False,False,False,False,,Industrial Products,Plastic Products - Industrial,,False,False
HAL.NS,2026-09-18,4800.2998046875,4853.9416910807295,4872.138332790799,4775.662724609375,4398.334536132813,4378.011828613281,4823.970762477531,3472.0644756594256,5149.89990234375,True,True,True,True,True,True,True,False,False,-0.14020575496730414,green,109.63843228544947,False,False,False,False,,Aerospace & Defense,Aerospace & Defense,64.63039014373717,False,False
HINDCOMPOS.NS,2026-09-16,374.29998779296875,391.08750406901044,408.227778116862,416.91700073242185,419.8490000406901,421.1187496948242,386.90822944016026,347.1000061035156,550.0,False,False,False,False,False,False,False,False,False,-23.97622714858739,noise,37.336381863101096,False,False,False,False,,Auto Components,Auto Components & Equipments,36.29363449691992,False,False
HCC.NS,2026-09-18,21.770000457763672,22.574999968210857,21.98888889948527,22.046200103759766,21.093666712443035,20.611126976013182,22.177857825404395,13.649999618530273,30.0,True,True,False,True,False,True,False,False,False,-24.17275809131729,noise,59.89591739848621,False,True,False,False,,Construction,Civil Construction,35.831622176591374,False,False
HINDOILEXP.NS,2026-09-17,180.9499969482422,184.09250132242838,167.66333474053278,165.250400390625,156.707800394694,155.7903505706787,181.2859243873207,117.5,201.44000244140625,True,True,True,True,True,True,True,False,False,1.2704300232314836,noise,47.26001459711134,False,False,False,False,,Oil,Oil Exploration & Production,65.75975359342917,False,False
HINDALCO.NS,2026-09-16,972.7000122070312,999.6166737874349,1020.4250047471788,1001.8180041503906,994.6980045572917,970.5927368164063,992.8991602335063,728.1514177780007,1169.8969824893504,False,True,True,True,False,True,True,False,False,29.34377624793152,noise,83.0497895678258,False,False,False,False,,Non - Ferrous Metals,Aluminium,83.31622176591375,True,False
HINDCON.NS,2026-09-16,23.760000228881836,23.804999828338623,23.07333321041531,22.54359992980957,21.767999992370605,22.785299987792968,23.731289439751826,15.65999984741211,37.75,True,False,False,False,True,True,False,True,False,-25.540581816051734,noise,58.85227441732,False,True,False,False,,Chemicals & Petrochemicals,Specialty Chemicals,33.47022587268994,False,False
HPIL.NS,2026-09-16,120.0,121.65250015258789,125.25138918558757,124.78900024414062,126.7062668355306,128.33745025634767,121.72908135719857,107.0,154.4499969482422,False,False,False,False,False,False,True,False,False,-9.03577799757076,dry,13.894997800791714,False,True,False,False,,Chemicals & Petrochemicals,Dyes And Pigments,55.03080082135524,False,False
HGS.NS,2026-09-16,386.04998779296875,388.4750035603841,404.2374988132053,410.8269982910156,403.4966660563151,411.6014994812012,387.26633262156383,342.04998779296875,545.0,False,False,False,False,False,False,False,False,False,-27.34543981727703,dry,16.66654795906012,False,False,False,False,,Commercial Services & Supplies,Business Process Outsourcing (BPO)/ Knowledge Process Outsourcing (KPO),31.416837782340863,False,False
HINDCOPPER.NS,2026-09-18,497.3999938964844,509.13966369628906,526.910775926378,515.0450219726563,524.3300413004557,520.9288552856445,503.98615882279637,274.76532206695265,755.9652099609375,False,True,True,False,False,True,False,False,False,78.30345911141252,noise,92.74580410069201,False,False,False,False,,Non - Ferrous Metals,Copper,94.55852156057495,True,False
HNDFDS.NS,2026-09-16,606.4500122070312,623.1625061035156,610.5569474962023,597.4510034179688,541.1903344726562,531.7630003356934,616.7740271177754,442.0,677.75,True,True,True,True,True,True,True,False,False,11.336515259068847,noise,85.65928777670837,False,False,False,False,,Diversified FMCG,Diversified FMCG,74.33264887063655,True,True
HMVL.NS,2026-09-16,78.30999755859375,82.7958329518636,90.15249994066026,90.28439987182617,77.193666305542,75.11094953536987,81.54897159462627,55.20000076293945,108.16000366210938,True,True,True,True,False,True,False,False,False,-7.978849632520479,dry,7.345365711577921,False,False,False,False,,Media,Print Media,56.57084188911704,False,False
HINDZINC.NS,2026-09-18,596.0,585.183339436849,584.8680606418186,569.3700073242187,572.5855826822917,580.2873036193847,582.6528152102528,437.60457926809016,719.8477125036038,True,False,True,False,True,True,True,True,False,33.426284401300485,green,137.7456198484853,False,False,False,False,,Non - Ferrous Metals,Zinc,84.80492813141683,True,False
HINDWAREAP.NS,2026-09-18,172.0800018310547,178.72999827067056,194.5705540974935,203.3087991333008,217.06466654459635,226.2106999206543,177.63956065680776,170.5,392.70001220703125,False,False,False,False,False,False,False,False,False,-48.50987565959333,noise,90.56998523214611,False,False,False,False,,Consumer Durables,Sanitary Ware,9.188911704312115,False,False
HIRECT.NS,2026-09-16,1182.5999755859375,1232.9583435058594,1261.8969048394097,1244.2365502929688,1014.2788793945313,936.0731735229492,1228.7506667387734,564.6092543150997,1397.5377365248423,True,True,True,True,False,True,True,False,False,42.39082794534159,noise,28.261134454607273,False,False,False,False,,Industrial Manufacturing,Industrial Products,87.98767967145791,True,False
HISARMETAL.NS,2026-09-16,155.5,158.4483324686686,152.87260479397244,152.42749267578125,152.6653168741862,154.90927947998046,156.69213404363552,124.16345488191423,191.12767959235734,True,False,False,False,True,False,True,False,False,-15.591719897161338,dry,10.50061555332554,False,True,False,False,,Industrial Products,Iron & Steel Products,46.86858316221766,False,False
POWERINDIA.NS,2026-09-18,32700.0,31427.083333333332,32952.59673394097,32712.2239453125,31258.161223958334,28150.66699707031,31598.549996527756,16107.154467866794,38775.74235339215,True,True,True,True,False,True,True,True,False,68.77965506746742,green,111.57842748917825,False,False,False,False,,Electrical Equipment,Heavy Electrical Equipment,93.1211498973306,True,False
HITECHCORP.NS,2026-09-16,330.5,334.14637756347656,328.8280215793186,326.2897064208984,234.7739377339681,217.65058322906495,332.7202102321554,111.66765926887025,343.9762701616608,True,True,True,True,True,True,True,False,False,62.65942722824882,noise,59.992443504988316,False,True,False,False,,Industrial Products,Packaging,91.94045174537987,True,True
HLEGLAS.NS,2026-09-18,446.8999938964844,378.625,363.6263902452257,379.3800018310547,348.80566731770836,367.44974990844725,395.16046323442345,250.0,661.9500122070312,True,False,False,True,True,True,False,True,False,-12.927424472190086,green,247.806738401033,False,False,False,False,,Industrial Manufacturing,Industrial Products,49.794661190965094,False,False
HLVLTD.NS,2026-09-18,6.75,6.480833331743876,6.708611104223463,6.857999982833863,7.565666672388713,7.9328999733924865,6.54843227876424,5.599999904632568,12.600000381469727,False,False,False,False,False,False,False,True,False,-44.49013088239031,noise,59.29032985923903,False,False,False,False,,Leisure Services,Hotels & Resorts,11.960985626283367,False,False
HMAAGRO.NS,2026-09-16,23.040000915527344,20.903333346048992,21.359999921586777,21.44559989929199,23.189666633605956,24.430099992752076,21.323968001739043,19.09000015258789,34.2400016784668,False,False,False,False,True,False,False,True,False,-24.631988401922598,red,408.454931251397,False,False,False,False,,Food Products,Meat Products including Poultry,35.01026694045174,False,False
HMT.NS,2026-09-16,61.790000915527344,65.13500022888184,62.41611120435927,62.455000228881836,60.36600006103516,56.88850004196167,63.998895775066,41.0,72.94999694824219,True,True,True,True,False,True,True,False,False,3.1036218936760562,noise,53.9453541644791,False,False,False,False,,Industrial Manufacturing,Industrial Products,67.04312114989733,False,False
HOACFOODS.NS,2026-09-17,859.5999755859375,933.3583323160807,836.8875020345052,800.6090026855469,588.2833349609375,525.0187509155273,904.6909480652254,219.85000610351562,1010.0,True,True,True,True,True,True,True,False,False,254.4742167364691,red,101.21457489878543,False,False,False,False,,Food Products,Other Food Products,99.53798767967146,True,True
HOLMARC.NS,2026-09-16,110.0,106.7666670481364,105.95612547132704,106.56545654296875,97.95648897806804,98.36197034835816,107.978644973172,59.771732330322266,126.2124252319336,True,False,False,True,True,True,True,True,True,-4.771988146431083,red,142.04545454545453,False,False,False,False,,Industrial Products,Other Industrial Products,59.80492813141684,False,False
HOMEFIRST.NS,2026-09-18,1241.300048828125,1204.3500061035156,1190.7805548773872,1199.607998046875,1131.743164876302,1128.599309387207,1200.701429275136,889.5428439967044,1311.570558920454,True,True,False,True,True,True,True,True,False,-3.743355497844836,ppv,474.355709555482,True,False,False,False,,Finance,Housing Finance Company,60.93429158110884,False,False
HOMESFY.NS,2026-09-16,111.30000305175781,111.30000305175781,114.66805754767523,116.17400115966797,124.15833399454753,134.97775043487547,111.41056579198246,100.69999694824219,267.95001220703125,False,False,False,False,False,False,False,False,False,-56.62509727031806,dry,0.0,False,False,False,False,,Realty,Real Estate related services,5.184804928131417,False,False
HONASA.NS,2026-09-16,469.29998779296875,471.81666056315106,469.7787780761719,466.99608642578124,388.8979174804688,360.6703616333008,470.3165442875642,246.8630140577539,506.64561650495574,True,True,True,True,True,True,True,False,False,57.61743214737096,noise,54.08025998967582,False,False,False,False,,Personal Products,Personal Care,91.11909650924025,True,True
HONDAPOWER.NS,2026-09-16,1922.9000244140625,1976.3499959309895,2045.3117065429688,2056.679462890625,2124.7470849609376,2150.553076171875,1968.765931281048,1796.809438720053,2890.7505295552037,False,False,False,False,False,False,False,False,False,-31.58079560599245,noise,50.8811667863654,False,False,False,False,,Industrial Manufacturing,Industrial Products,25.51334702258727,False,False
HONAUT.NS,2026-09-16,33895.0,34852.083333333336,36623.61111111111,37067.4278125,33853.4935546875,33757.78654296875,34650.82555213718,26146.075333867524,41495.0,True,True,False,True,False,False,True,False,False,-7.369306539089948,noise,48.93792534543205,False,True,False,False,,Industrial Manufacturing,Industrial Products,57.54620123203286,False,False
HORIZONIND.NS,2026-09-18,,,,,,,,,,False,False,False,False,False,False,False,False,False,,noise,,False,False,False,False,,Realty,"Residential, Commercial Projects",,False,False
HPAL.NS,2026-09-16,35.63999938964844,35.61583677927653,34.88899506462945,34.50499710083008,35.192628898620605,36.55413062095642,35.821629893030504,26.240179238004295,52.44078005486245,False,False,False,False,True,True,False,False,False,-27.705427154381766,noise,54.53043400180715,False,False,False,False,,Chemicals & Petrochemicals,Specialty Chemicals,30.749486652977414,False,False
HPL.NS,2026-09-17,280.3999938964844,293.13859303792316,311.3928400675456,319.9103289794922,335.1109562174479,342.9053805541992,289.6676196060907,254.63074348789405,503.18343725777174,False,False,False,False,False,False,False,False,False,-42.27331802105445,noise,60.24448289138773,False,False,False,False,,Industrial Manufacturing,Industrial Products,14.37371663244353,False,False
HRHNEXT.NS,2026-09-16,24.399999618530273,24.820833206176758,25.993055396609837,26.361999855041503,27.04933327992757,27.792249975204466,24.94751796261975,21.0,39.29999923706055,False,False,False,False,False,False,False,False,False,-31.652663593609297,dry,0.0,False,False,False,False,,Commercial Services & Supplies,Business Process Outsourcing (BPO)/ Knowledge Process Outsourcing (KPO),25.410677618069816,False,False
HUBTOWN.NS,2026-09-17,173.75999450683594,182.54166666666666,184.33472188313803,188.91019927978516,199.3927333577474,208.8895002746582,179.82978032951524,168.14999389648438,339.0,False,False,False,False,False,False,False,False,False,-46.82986505589629,noise,52.9790256158268,False,True,False,False,,Realty,"Residential, Commercial Projects",10.215605749486652,False,False
HUHTAMAKI.NS,2026-09-18,245.0,253.68333307902017,269.9908332824707,267.81120025634766,206.86998931884764,204.39158905029296,251.81247313665006,147.03555205657148,330.0,True,True,True,True,False,True,False,False,False,6.10506994495017,dry,9.340664344370959,False,True,False,False,,Industrial Products,Packaging,69.30184804928132,False,False
HTEL.NS,2026-09-18,,,,,,,,,,False,False,False,False,False,False,False,False,False,,noise,,False,False,False,False,,Industrial Products,Other Industrial Products,,False,False
HYBRIDFIN.NS,2026-09-16,16.209999084472656,16.800833384195965,17.343888971540665,17.664800071716307,18.455466690063478,18.766399993896485,16.709060633087052,13.0600004196167,33.619998931884766,False,False,False,False,False,False,False,False,False,6.926116409162009,noise,34.339124982884485,False,False,False,False,,Capital Markets,Stockbroking & Allied,70.4312114989733,True,False
HYUNDAI.NS,2026-09-17,2160.0,2177.6499837239585,2194.355658637153,2129.1531811523437,1985.3563305664063,2052.758639526367,2174.1965747822096,1642.3163104887294,2862.6621204739863,True,False,False,True,True,True,True,False,False,-17.74010669084063,noise,89.68441944337866,False,False,False,False,,Automobiles,Passenger Cars & Utility Vehicles,44.25051334702258,False,False
IGPL.NS,2026-09-18,550.1500244140625,551.625,511.93055301242407,491.1148486328125,432.49245381673177,418.60963790893555,543.7432343994875,311.6019343179066,590.0,True,True,True,True,True,True,True,True,False,26.815531200878496,noise,58.72940272727129,False,False,False,False,,Chemicals & Petrochemicals,Commodity Chemicals,82.49486652977413,True,True
IOB.NS,2026-09-17,32.099998474121094,32.87083307902018,33.30611101786295,33.54279998779297,33.943933385213214,34.349600067138674,32.652632673660925,31.200000762939453,41.79999923706055,False,False,False,False,False,False,True,False,False,-20.89700092237082,noise,35.43978778836853,False,False,False,False,,Banks,Public Sector Bank,40.19507186858316,False,False
IOC.NS,2026-09-18,137.0,135.30916849772134,137.7499796549479,138.2261798095703,143.21262776692708,147.4422117614746,135.31809001560976,129.06965104614895,184.95879041358242,False,False,False,False,False,False,False,True,False,-1.968816490370795,ppv,127.75283986407592,False,False,False,False,,Petroleum Products,Refineries & Marketing,62.62833675564682,False,False
IRCTC.NS,2026-09-18,476.75,467.15833282470703,487.2277772691515,490.1239984130859,522.3518813069661,553.3068879699707,466.64414606488685,446.5,729.6617501297184,False,False,False,False,False,False,False,True,False,-34.3416599546322,ppv,199.02073937963925,False,False,False,False,,Leisure Services,"Tour, Travel Related Services",22.279260780287473,False,False
IRFC.NS,2026-09-18,81.5,81.21749941507976,84.8988889058431,85.85820007324219,94.40604888916016,100.09437786102295,80.93026129231141,78.16000366210938,135.7285614195044,False,False,False,False,False,False,False,True,False,-35.75477717923752,ppv,198.53549867222824,False,False,False,False,,Finance,Financial Institution,21.35523613963039,False,False
ITDC.NS,2026-09-16,656.75,650.7857259114584,675.9766659206814,692.7157409667968,593.2988291422527,583.3086389160156,658.954432537667,366.4286134130398,818.4899820798453,True,True,True,True,False,True,True,False,False,4.951291180210826,dry,6.613762287669307,False,False,False,False,,Leisure Services,Hotels & Resorts,68.53182751540041,False,False
IBLFL.NS,2026-09-16,61.0,60.58333365122477,60.9902778201633,60.58099998474121,56.17499994913737,56.73399993896484,60.72808007838791,43.95000076293945,72.80000305175781,True,False,False,True,True,True,True,True,False,-6.00924720213416,noise,43.103448275862064,False,False,False,False,,Finance,Non Banking Financial Company (NBFC),58.36755646817249,False,False
ICDSLTD.NS,2026-09-16,60.529998779296875,60.78916676839193,47.5613890753852,45.46580009460449,44.31126663208008,44.09785001754761,60.48645108618089,36.400001525878906,77.69000244140625,True,True,False,True,True,True,True,True,False,31.41553837294635,noise,27.298803585204396,False,False,False,False,,Commercial Services & Supplies,Diversified Commercial Services,83.9835728952772,True,False
ICEMAKE.NS,2026-09-16,671.7999877929688,725.5374959309896,762.5402764214409,776.0820007324219,780.792002360026,773.8247515869141,716.2311166256918,660.2999877929688,920.0,False,True,False,False,False,False,False,False,False,-14.407353266640133,red,123.77172229231354,False,False,False,False,,Industrial Manufacturing,Industrial Products,48.100616016427104,False,False
ICICIAMC.NS,2026-09-18,,,,,,,,,,False,False,False,False,False,False,False,False,False,,green,321.4693311954661,False,False,False,False,,Capital Markets,Asset Management Company,,False,False
ICICIBANK.NS,2026-09-18,1338.9000244140625,1384.0000101725261,1414.0194498697917,1416.2513330078125,1338.7473681640624,1346.2174688720704,1371.4407880189078,1177.67166509731,1467.6271961496604,False,False,False,True,False,False,True,False,False,-5.0300540297163465,noise,72.57879913710451,False,False,False,False,,Banks,Private Sector Bank,59.291581108829575,False,False
ICICIGI.NS,2026-09-18,1458.0999755859375,1477.5750020345051,1575.088894314236,1605.5780053710937,1740.4664884440103,1781.3037017822267,1472.5618023774011,1423.0999755859375,2057.089271774458,False,False,False,False,False,False,False,False,False,-21.56444740609391,noise,78.31136884325693,False,False,False,False,,Insurance,General Insurance,39.42505133470226,False,False
ICICIPRULI.NS,2026-09-17,490.5,476.9708302815755,497.79027557373047,500.3519989013672,527.2026733398437,557.8283224487304,477.4409560977815,455.29998779296875,704.3556293706895,False,False,False,False,False,False,False,True,False,-17.97996230876906,ppv,152.21269027451586,False,False,False,False,,Insurance,Life Insurance,43.94250513347023,False,False
ICRA.NS,2026-09-16,4610.0,4821.8415934244795,4946.758287217882,4972.989833984375,5166.856953125,5368.022663574218,4766.482002375996,4578.10009765625,6839.023714846967,False,False,False,False,False,False,False,False,False,-25.784490715593634,noise,42.570835242695374,False,False,False,True,,Capital Markets,Ratings,33.162217659137575,False,False
IDBI.NS,2026-09-18,83.05999755859375,84.61249923706055,85.36222182379828,85.36099975585938,83.05453318277995,87.79079986572266,83.89197871932963,61.0099983215332,118.37999725341797,False,False,False,False,False,True,False,False,False,-10.176277211946838,green,151.14385369483134,False,False,False,False,,Banks,Private Sector Bank,53.54209445585215,False,False
IDEAFORGE.NS,2026-09-16,702.3499755859375,751.0833333333334,808.169442070855,824.9439990234375,698.3916670735678,635.321499786377,740.5147137558364,366.0,992.25,True,True,True,True,False,True,False,False,False,37.21792853586399,noise,89.07192261561889,False,False,False,False,,Aerospace & Defense,Aerospace & Defense,86.34496919917865,True,False
IDFCFIRSTB.NS,2026-09-18,85.91999816894531,86.2058334350586,85.51773113674588,84.38993698120117,75.32081347147624,77.31802545547485,85.85510222024817,57.90987854420542,88.50001826783308,True,False,True,True,True,True,True,True,False,19.767070257418705,red,148.39933871276548,False,False,False,False,,Banks,Private Sector Bank,79.26078028747433,True,False
IFBAGRO.NS,2026-09-16,861.4000244140625,886.1000010172526,953.6791653103298,958.8539978027344,914.82466796875,1019.4925012207032,885.9196903713562,679.1500244140625,1790.0,False,False,False,False,False,False,False,False,False,9.676597611096183,noise,53.335588061215866,False,False,False,False,,Beverages,Breweries & Distilleries,72.79260780287474,True,False
IFBIND.NS,2026-09-16,1241.9000244140625,1290.7166646321614,1348.088887532552,1346.4719970703125,1211.117665201823,1266.5392468261718,1288.4238171007116,883.2000122070312,2019.800048828125,False,False,False,True,False,True,False,False,False,-20.538741761191293,noise,21.650293125110846,False,False,False,False,,Consumer Durables,Household Appliances,40.86242299794661,False,False
IFCI.NS,2026-09-18,76.51000213623047,86.39249992370605,82.64277818467882,79.76880020141601,69.63906677246094,65.8158500289917,81.68476215583233,46.22999954223633,107.5,True,True,True,True,False,True,False,False,False,29.174409467405017,noise,94.79335689707682,False,True,False,False,,Finance,Financial Institution,83.21355236139631,True,False
IFGLEXPOR.NS,2026-09-17,197.63999938964844,204.8066660563151,212.2130559285482,210.79922607421875,185.99599527994792,187.87300148010254,203.82029925240911,118.36341946149847,334.28171894337873,True,False,False,True,False,True,False,False,False,-17.97464120295682,noise,44.18870859220035,False,False,False,False,,Industrial Products,Electrodes & Refractories,43.993839835728956,False,False
IGARASHI.NS,2026-09-16,428.3999938964844,418.2041600545247,438.16578165690106,443.7944110107422,396.677334391276,401.918338470459,421.73511594570004,270.2581708470401,556.369872473851,True,False,False,True,False,True,True,True,False,-12.972422958974983,red,103.41023479554545,False,True,False,False,,Auto Components,Auto Components & Equipments,49.69199178644764,False,False
IIFLCAPS.NS,2026-09-16,335.6000061035156,338.41666412353516,336.16666412353516,336.8609985351562,324.2553960164388,327.6019811248779,337.50664156054216,240.39999389648438,407.5051309315702,True,False,False,True,False,True,True,False,False,15.232263362618514,red,160.062172223027,False,False,False,False,,Capital Markets,Stockbroking & Allied,77.1047227926078,True,False
IIFL.NS,2026-09-18,600.2000122070312,615.9000040690104,627.7597249348959,609.8430004882813,524.283334350586,537.2357876586914,607.2567301596334,409.1000061035156,705.0,True,False,True,True,False,True,True,False,False,36.39545217049132,noise,85.77746939403103,False,False,False,False,,Finance,Non Banking Financial Company (NBFC),85.88295687885011,True,False
IKIO.NS,2026-09-17,205.8300018310547,214.0483309427897,205.4086104498969,206.94119903564453,168.22439971923828,168.30349967956542,212.23035376885747,103.52999877929688,238.8000030517578,True,False,False,True,False,True,True,False,False,-7.433890418206513,dry,19.232968953632337,False,True,False,False,,Consumer Durables,Consumer Electronics,57.49486652977412,False,False
IL&FSENGG.NS,2026-09-16,39.93000030517578,36.99499988555908,36.08194425370958,34.026399841308596,29.267600008646646,28.46910002708435,37.88932169652588,21.0,40.04999923706055,True,True,True,True,True,True,True,True,False,27.612653042016767,noise,90.14181645337706,False,False,True,False,,Construction,Civil Construction,82.90554414784394,True,True
IVC.NS,2026-09-16,7.760000228881836,8.800429185231527,8.049329055680168,7.92857364654541,7.343349475860595,7.339941322803497,8.430553051187474,5.557431444301955,10.145543087219746,True,True,True,True,False,True,True,False,False,6.522302335899077,red,111.65852595732049,False,False,False,False,,Capital Markets,Asset Management Company,70.02053388090349,True,False
IL&FSTRANS.NS,2026-09-16,1.9500000476837158,2.0816666384538016,2.103333317571216,2.1111999917030335,2.2655999890963234,2.394799993634224,2.0342708480648626,1.75,3.3399999141693115,False,False,False,False,False,False,False,False,False,-39.44099284603587,ppv,435.10575879099395,True,False,False,False,,Construction,Civil Construction,17.094455852156056,False,False
IMAGICAA.NS,2026-09-18,52.81999969482422,53.27500057220459,51.3208335240682,50.05560020446777,46.353333409627275,47.090349998474125,52.677679436248496,36.84000015258789,62.0,True,False,False,True,True,True,True,True,False,-8.346349616766236,noise,88.72579629212017,False,False,False,False,,Leisure Services,Amusement Parks/ Other Recreation,55.85215605749486,False,False
IMPEXFERRO.NS,2026-09-16,5.380000114440918,4.862499992052714,3.8780555526415506,3.4400000095367433,2.385600005785624,2.2377000045776367,4.963680099064373,1.2999999523162842,5.380000114440918,True,True,True,True,True,True,True,True,False,166.3366418435941,ppv,136.81927606127795,False,False,True,False,,Ferrous Metals,Ferro & Silica Manganese,98.76796714579056,True,True
INCREDIBLE.NS,2026-09-16,32.790000915527344,32.391667207082115,32.68055555555556,32.8773999786377,33.878866602579755,35.04319999694824,32.6051462218989,28.100000381469727,49.790000915527344,False,False,False,False,False,False,False,True,False,-29.785866424334007,noise,38.3762552363063,False,True,False,False,,Industrial Products,Iron & Steel Products,27.823408624229977,False,False
INDSWFTLAB.NS,2026-09-16,363.8999938964844,375.0041681925456,319.0169457329644,295.2146017456055,199.37113362630208,174.94125015258788,373.2019347353963,87.1500015258789,404.0,True,True,True,True,True,True,True,False,False,244.40656945290468,red,129.47788163799373,False,False,False,False,,Pharmaceuticals & Biotechnology,Pharmaceuticals,99.435318275154,True,True
INDBANK.NS,2026-09-16,25.68000030517578,28.1258331934611,30.873611238267685,31.51379997253418,32.9084666188558,33.635100021362305,27.71295198156257,25.010000228881836,47.150001525878906,False,False,False,False,False,False,False,False,False,-21.56383937492099,red,148.39210240331514,False,False,False,True,,Capital Markets,Stockbroking & Allied,39.47638603696099,False,False
BAJAJINDEF.NS,2026-09-18,214.94000244140625,221.53000132242838,223.58816697862414,226.36514282226562,246.92386912027996,265.17737770080566,220.59501690673648,205.4639775684266,438.78580706435025,False,False,False,False,False,False,False,False,False,-43.44374984391764,red,129.42871232016319,False,False,False,False,,Industrial Manufacturing,Industrial Products,13.244353182751539,False,False
INDGN.NS,2026-09-18,600.0999755859375,587.2624918619791,572.9597218831381,553.8594744873047,513.5535874430338,511.23142578125,585.8501725894993,412.19021062389317,615.5,True,True,True,True,True,True,True,True,False,2.8645446995565482,noise,79.27153441967805,False,False,False,False,,Healthcare Services,"Healthcare Research, Analytics & Technology",66.73511293634496,False,False
INDIACEM.NS,2026-09-17,351.70001220703125,350.3999989827474,370.0722198486328,377.35599914550784,385.9133339436849,400.6052507019043,348.60370019020996,331.6499938964844,485.79998779296875,False,False,False,False,False,False,False,True,False,-13.448995465884783,ppv,611.194404464164,True,False,False,False,,Cement & Cement Products,Cement & Cement Products,48.97330595482546,False,False
INDIAGLYCO.NS,2026-09-18,263.70001220703125,276.38333257039386,845.3888927035862,927.8180032348632,950.0607219441732,954.4578345489502,356.851756358872,217.0,1219.0,False,False,False,False,False,False,False,False,False,-68.19977449274299,red,599.7225897437547,False,False,False,False,,Beverages,Breweries & Distilleries,1.642710472279261,False,False
IMPAL.NS,2026-09-16,1065.0,1107.2166544596355,1098.3916625976562,1101.40130859375,1048.630078531901,1039.0247442626953,1101.2322215813604,909.4963440827373,1214.1971604368546,True,True,True,True,False,False,True,False,False,6.786846258779833,noise,72.61023800964519,False,False,False,False,,Auto Components,Trading - Auto components,70.32854209445586,True,False
INDNIPPON.NS,2026-09-16,1240.5,1214.5250142415364,1153.0722215440537,1165.1439990234376,940.3954838053386,898.4152249145508,1247.2866304604993,675.0,1564.0,True,True,True,True,True,True,True,False,False,36.15271670341957,red,127.08598278470167,False,False,False,False,,Auto Components,Auto Components & Equipments,85.62628336755647,True,True
IPL.NS,2026-09-18,134.6699981689453,135.84250005086264,139.36945131089954,142.79660858154296,150.77238581339518,154.7717191696167,135.96869865582806,124.33164441081733,238.9654263634813,False,False,False,False,False,False,False,False,False,-42.59076849062817,noise,62.52448782063289,False,False,False,False,,Fertilizers & Agrochemicals,Pesticides & Agrochemicals,14.117043121149898,False,False
DPSCLTD.NS,2026-09-16,7.070000171661377,7.1858333349227905,7.2547222640779285,7.28480001449585,8.210599988301595,8.59569999217987,7.140660337106723,6.840000152587891,13.3100004196167,False,False,False,False,False,False,False,False,False,-41.71475593603291,noise,54.47194163345408,False,False,False,False,,Power,Integrated Power Utilities,14.938398357289529,False,False
INDIASHLTR.NS,2026-09-16,661.5999755859375,660.4666697184244,677.6236097547743,708.6820007324219,740.6310978190104,756.3906524658203,661.0918860708158,620.1500244140625,911.9719209725083,False,False,False,False,False,False,False,True,False,-24.188431890468653,noise,52.836831555661725,False,False,False,False,,Finance,Housing Finance Company,35.78028747433265,False,False
IBULLSLTD.NS,2026-09-17,29.649999618530273,26.43583329518636,26.978333314259846,27.807399940490722,20.93666660308838,19.312899975776674,27.163908330135634,8.899999618530273,32.5,True,True,True,True,True,True,True,True,False,66.01343004067586,green,249.71027917457155,False,False,False,False,,Commercial Services & Supplies,Diversified Commercial Services,92.60780287474333,True,True
INDIAMART.NS,2026-09-18,1646.300048828125,1685.1000061035156,1738.9888949924045,1769.9480029296874,1926.8129313151042,1983.8416589355468,1681.8046449352491,1622.4000244140625,2501.5597622998407,False,False,False,False,False,False,False,False,False,-32.8639690040533,red,537.3012586943049,False,False,False,False,,Retailing,Internet & Catalogue Retail,24.075975359342916,False,False
INDIANB.NS,2026-09-18,839.7999877929688,859.4375050862631,869.4194505479601,860.3330041503906,860.292851969401,849.7432382202148,852.9999639159647,679.4753413499687,980.0229061203939,False,True,False,True,False,False,True,False,False,21.87424544307406,noise,79.41092980438621,False,True,False,False,,Banks,Public Sector Bank,80.44147843942505,True,False
INDIANCARD.NS,2026-09-16,214.9600067138672,213.5375010172526,215.57083299424914,218.70079986572264,211.28459981282552,217.85034980773926,213.0296341458669,153.0,303.04998779296875,False,False,False,True,False,True,False,True,False,-24.970329244723498,dry,9.16958786366427,False,False,False,False,,Textiles & Apparels,Other Textile Products,34.496919917864474,False,False
IEML.NS,2026-09-17,41.349998474121094,41.38333320617676,41.72499974568685,41.852999954223634,57.612666575113934,64.80524997711181,41.380887726103126,37.79999923706055,199.60000610351562,False,False,False,False,False,False,False,False,False,-78.4467046345518,ppv,164.64032421479232,False,True,False,False,,Chemicals & Petrochemicals,Specialty Chemicals,0.7186858316221766,False,False
IEX.NS,2026-09-18,115.45999908447266,115.6083329518636,121.72444428337946,122.5731999206543,123.07334431966146,125.3112440109253,115.13467496729493,110.3499984741211,155.89996069995715,False,False,False,False,False,False,False,True,False,-20.128885659379094,noise,47.8701207743724,False,False,False,False,,Capital Markets,Exchange and Data Platform,41.119096509240244,False,False
INDHOTEL.NS,2026-09-18,732.75,720.9583384195963,725.9763912624783,727.9690014648437,680.922792154948,686.0098074340821,722.1924031327903,562.4948988120375,787.940865936459,True,False,False,True,True,True,True,True,False,-5.886661770783618,ppv,181.1877539150149,False,False,False,False,,Leisure Services,Hotels & Resorts,58.52156057494866,False,False
INDIANHUME.NS,2026-09-16,349.0,376.9291636149089,381.69305250379773,382.5458856201172,342.168115234375,355.52368621826173,370.57375778189305,276.3430988061381,426.6626968523802,False,False,False,True,False,False,True,False,False,-7.917710097967201,dry,14.31479048894496,False,False,False,False,,Construction,Civil Construction,56.77618069815195,False,False
IMFA.NS,2026-09-16,1246.0999755859375,1280.1833190917969,1376.0655721028645,1371.761376953125,1372.557314453125,1357.1769757080078,1276.5972216038315,1002.6559498595875,1670.7880501060147,False,True,False,False,False,False,False,False,False,20.505015960814355,noise,70.44422753220041,False,False,False,False,,Ferrous Metals,Ferro & Silica Manganese,79.62012320328542,True,False
IREDA.NS,2026-09-18,114.31999969482422,111.39572016398112,115.03040440877278,116.49593673706055,121.59366404215494,124.41451457977296,111.48462957633086,107.36165539357144,161.41302745944665,False,False,False,False,False,False,False,True,False,-25.614441653745466,green,118.20370521407952,False,False,False,False,,Finance,Financial Institution,33.36755646817248,False,False
INDTERRAIN.NS,2026-09-16,30.290000915527344,29.72333335876465,30.405833350287544,30.286599922180176,31.20873331705729,32.03199999809265,29.473196755348887,24.559999465942383,42.619998931884766,False,False,False,False,True,False,False,True,False,-7.821057964358702,ppv,606.8033752158876,False,False,False,False,,Textiles & Apparels,Garments & Apparels,57.08418891170432,False,False
IWP.NS,2026-09-17,,,,,,,,,,False,False,False,False,False,False,False,False,False,,noise,,False,False,False,False,,"Paper, Forest & Jute Products",Forest Products,,False,False
INDIGOPNTS.NS,2026-09-16,1081.5999755859375,1132.1270039876301,1126.2971327039932,1106.4178588867187,977.0119734700521,1020.9618057250976,1110.7568308113832,705.057642497368,1340.211918083566,True,False,False,True,False,True,True,False,False,-4.080675808039825,noise,69.56822743752909,False,False,False,False,,Consumer Durables,Paints,60.42094455852156,False,False
INDIGRID.NS,2026-09-17,173.1199951171875,174.2400016784668,174.6613006591797,174.62596435546874,167.53155598958332,164.49727798461913,173.87612885442502,147.4569609515759,177.25,True,True,True,True,False,False,True,False,False,12.877490587234774,noise,56.37055696511456,False,False,False,False,,Power,Power - Transmission,75.51334702258727,True,False
INDIQUBE.NS,2026-09-17,202.4499969482422,199.40583038330078,189.03416527642145,184.7955990600586,170.38526702880858,176.89495025634767,200.13166157837506,131.14999389648438,243.8000030517578,True,False,False,True,True,True,True,True,False,-10.23765053881036,noise,73.74850414053898,False,False,False,False,,Commercial Services & Supplies,Diversified Commercial Services,53.49075975359343,False,False
IITL.NS,2026-09-18,143.3699951171875,147.5558319091797,148.12361166212293,142.74800064086915,142.9618667602539,146.14835014343262,147.74717559124338,108.0,216.0,False,False,False,False,True,True,False,False,False,-20.97778707768989,noise,93.7093593103848,False,False,False,False,,Finance,Investment Company,40.09240246406571,False,False
INDPRUD.NS,2026-09-17,,,,,,,,,,False,False,False,False,False,False,False,False,False,,noise,,False,False,False,False,,Finance,Investment Company,,False,False
INDOAMIN.NS,2026-09-16,122.55999755859375,124.12610880533855,125.25428348117404,125.46893051147461,119.22414057413737,119.6694902420044,124.29166060995095,81.56723908714366,148.3945994189602,True,False,False,True,False,True,True,False,False,-13.436445382492934,noise,62.38308006962438,False,False,False,False,,Chemicals & Petrochemicals,Specialty Chemicals,49.02464065708419,False,False
INDOBORAX.NS,2026-09-18,472.6000061035156,493.00416564941406,464.2041659884983,450.03276794433594,330.10791015625,306.19785636901855,483.320319520878,206.5751418858148,542.7999877929688,True,True,True,True,True,True,True,False,False,115.45110748690574,dry,6.081387178776229,False,False,False,False,,Chemicals & Petrochemicals,Commodity Chemicals,96.91991786447639,True,True
ICIL.NS,2026-09-18,447.3500061035156,443.06250254313153,428.0447057088216,420.2659216308594,342.2608234659831,324.37652770996095,440.22025300445756,216.04358355223812,474.6499938964844,True,True,True,True,True,True,True,True,False,50.1482044613138,noise,27.36635633370737,False,False,False,False,,Textiles & Apparels,Other Textile Products,89.68172484599589,True,True
INDOFARM.NS,2026-09-17,135.07000732421875,137.60250091552734,143.9738892449273,147.63559967041016,140.2550668334961,150.96245002746582,137.52613031854807,110.69999694824219,271.69000244140625,False,False,False,False,False,False,False,False,False,-47.845392851053184,ppv,66.44639857650928,False,False,False,False,,"Agricultural, Commercial & Construction Vehicles",Construction Vehicles,9.599589322381929,False,False
NIPPOBATRY.NS,2026-09-16,323.54998779296875,324.2750015258789,326.2930560641819,328.36199951171875,335.6650002034505,351.63175064086914,323.33786414167224,257.0,484.8931735278791,False,False,False,False,False,False,False,True,False,-31.92638298052669,noise,52.934168486795784,False,False,False,False,,Household Products,Household Products,25.051334702258725,False,False
INDORAMA.NS,2026-09-18,91.05000305175781,81.75666681925456,67.7261110941569,62.779600067138674,46.95266680399577,46.39650011062622,83.50161467277317,29.0,96.5,True,True,False,True,True,True,True,True,False,69.48994970735052,green,116.97594840437861,False,False,True,False,,Textiles & Apparels,Other Textile Products,93.32648870636551,True,False
INDOTECH.NS,2026-09-17,3411.39990234375,3548.0087687174478,3622.0445014105903,3560.2237158203125,2609.7192325846354,2327.081700439453,3506.751343292959,1096.7429025157708,4018.066930770861,True,True,True,True,False,True,True,False,False,92.71889387574426,noise,40.95870933281173,False,False,False,False,,Electrical Equipment,Heavy Electrical Equipment,95.73921971252567,True,False
INDOTHAI.NS,2026-09-18,33.560001373291016,38.506553967793785,68.12735716501872,109.93059791564941,210.1737186940511,232.35049661636353,38.97802805446091,33.560001373291016,465.2762221522356,False,False,False,False,False,False,False,False,False,-83.09250946660018,red,144.5624975051777,False,False,False,True,,Capital Markets,Stockbroking & Allied,0.3593429158110883,False,False
INDOUS.NS,2026-09-17,79.33999633789062,78.66249974568684,81.11555565728082,82.75360000610351,98.5430667622884,104.59760002136231,78.90880390196439,70.0,159.0,False,False,False,False,False,False,False,True,False,-44.75315367962494,noise,25.970567665399596,False,False,False,False,,Agricultural Food & other Products,Other Agricultural Products,11.75564681724846,False,False
INDOMIM.NS,2026-09-18,,,,,,,,,,False,False,False,False,False,False,False,False,False,,ppv,,False,False,True,False,,Industrial Manufacturing,Industrial Products,,False,False
INDOCO.NS,2026-09-18,249.00999450683594,253.26990763346353,236.23796293470593,237.62426025390624,220.44146626790365,221.56341102600098,251.29490666295035,162.04969204761224,317.0754661004704,True,False,False,True,True,True,True,False,False,-17.40659406287357,noise,23.58821195417196,False,False,False,False,,Pharmaceuticals & Biotechnology,Pharmaceuticals,44.558521560574945,False,False
IGCL.NS,2026-09-17,66.22000122070312,70.521666208903,72.3794436984592,72.40059936523437,65.84753303527832,68.75154985427857,68.97879234633811,49.459999084472656,114.80000305175781,False,False,False,True,False,True,False,False,False,-40.36920360115657,noise,47.31206910827449,False,True,False,False,,Fertilizers & Agrochemicals,Pesticides & Agrochemicals,16.68377823408624,False,False
INDOKEM.NS,2026-09-18,,,,,,,,,,False,False,False,False,False,False,False,False,False,,noise,,False,False,False,False,,Chemicals & Petrochemicals,Specialty Chemicals,,False,False
WAAREEINDO.NS,2026-09-18,267.95001220703125,260.0666643778483,283.9444440205892,305.703000793457,367.77366709391276,390.6572512054443,259.68385483236887,241.10000610351562,725.0,False,False,False,False,False,False,False,True,False,-44.47207149821929,ppv,305.98785829971587,True,False,False,False,,Electrical Equipment,Heavy Electrical Equipment,12.012320328542096,False,False
INDOSTAR.NS,2026-09-16,226.1699981689453,247.87000274658203,248.92888938056097,254.0028012084961,231.9586669921875,232.2711003112793,242.8438136006734,179.02999877929688,292.0,False,False,False,True,False,False,True,False,False,-14.280844064027576,noise,76.81982236689616,False,False,False,False,,Finance,Non Banking Financial Company (NBFC),48.20328542094456,False,False
INDOWIND.NS,2026-09-16,8.949999809265137,9.010833342870077,9.038888957765367,9.099000072479248,9.41380002339681,10.671150002479553,9.000594415390028,7.0,18.940000534057617,False,False,False,False,False,False,False,False,False,-47.072738675187885,noise,43.56600159494132,False,False,False,False,,Power,Power Generation,10.061601642710473,False,False
INDRAMEDCO.NS,2026-09-18,362.8999938964844,353.1132176717122,362.157842848036,363.27244384765623,381.95253865559897,391.5395196533203,355.81639025239383,338.2381366516899,633.800908786859,False,False,False,False,False,False,False,True,False,-22.774674472211665,noise,40.524636189284635,False,False,False,False,,Healthcare Services,Hospital,38.03901437371663,False,False
IGL.NS,2026-09-18,148.55999755859375,151.8874994913737,151.33166631062826,151.52059997558592,158.04541920979818,163.60704765319824,150.40398194064903,141.74000549316406,219.28693712723197,False,False,False,False,False,False,False,False,False,-29.7642579012097,red,242.99457558432485,False,False,False,False,,Gas,LPG/CNG/PNG/LNG Supplier,27.92607802874743,False,False
INDUSTOWER.NS,2026-09-18,375.8999938964844,377.70416768391925,377.1857155693902,379.0932794189453,399.0693387858073,402.0725453186035,378.2958398186854,325.5481676644739,464.0362575162202,False,False,False,False,False,False,True,False,False,10.104946381734736,green,100.97616936653004,False,False,False,False,,Telecom - Services,Telecom - Infrastructure,73.25462012320328,True,False
INDUSINDBK.NS,2026-09-18,966.2999877929688,982.5166676839193,1002.5375010172526,1006.83,932.3173828125,920.7395239257812,973.6637515289772,709.4508644993872,1077.8499755859375,True,True,True,True,False,True,True,False,False,31.601750205816593,ppv,362.30062125314623,True,True,False,False,,Banks,Private Sector Bank,84.08624229979466,True,False
INFINIUM.NS,2026-09-16,268.0,267.8916702270508,240.11389117770725,231.39900177001954,216.80433390299478,218.59150009155275,268.0409898344215,189.39999389648438,285.5,True,False,False,True,True,True,True,False,False,5.159895460682495,noise,37.03703703703704,False,False,False,False,,Pharmaceuticals & Biotechnology,Pharmaceuticals,68.63449691991786,False,False
NAUKRI.NS,2026-09-16,1256.0,1296.441670735677,1303.7666761610244,1271.0788159179688,1090.3912109375,1145.6879833984376,1282.2236843549776,905.5050975494345,1423.5479277231257,True,False,False,True,False,True,True,False,False,-7.186026349614227,noise,39.7096586262283,False,False,False,False,,Retailing,Internet & Catalogue Retail,57.75154004106776,False,False
INFOBEAN.NS,2026-09-18,151.27000427246094,155.78999837239584,160.15836885240344,161.03487762451172,163.4464936319987,172.68425483703612,154.386458188536,115.81316422652213,255.98189583973354,False,False,True,False,False,True,False,False,False,8.24621394392846,dry,16.51280808250944,False,True,False,False,,IT - Software,Computers - Software & Consulting,71.45790554414785,True,False
INFOLLION.NS,2026-09-16,155.89999389648438,156.54166539510092,157.91388829549155,161.11799957275392,218.9073326619466,259.0739994049072,156.3344106707978,150.35000610351562,490.5,False,False,False,False,False,False,False,False,False,-67.08540147673767,dry,14.916467780429594,False,False,False,False,,Commercial Services & Supplies,Diversified Commercial Services,2.002053388090349,False,False
INFOMEDIA.NS,2026-09-16,5.5,5.307499965031941,5.303055551317003,5.3995999908447265,5.47819998105367,5.676249990463257,5.3200858833024,4.5,8.050000190734863,False,False,False,False,True,False,False,True,True,-11.57555971829809,noise,67.18147039370143,False,False,False,False,,Printing & Publication,Printing & Publication,51.591375770020534,False,False
INFY.NS,2026-09-18,1051.4000244140625,1068.6416625976562,1122.602776421441,1113.2199975585938,1160.0904512532552,1263.158595275879,1065.983799170738,982.4000244140625,1691.3991593070652,False,False,False,False,False,False,False,False,False,-29.20967879138803,red,204.37389402197246,False,False,False,False,,IT - Software,Computers - Software & Consulting,28.64476386036961,False,False
INGERRAND.NS,2026-09-18,4155.7001953125,4604.399983723958,4548.888902452257,4519.799990234375,4230.918196614583,4020.531423339844,4477.095185540019,3049.5386808320995,4955.0,False,True,True,True,False,True,True,False,False,7.896968089610956,red,148.09628127151424,False,False,False,False,,Industrial Products,"Compressors, Pumps & Diesel Engines",71.14989733059548,True,False
INNOVACAP.NS,2026-09-18,1179.800048828125,1157.5250040690105,1067.977776421441,1042.3589990234375,881.7643314615885,836.5480941772461,1148.0162203264692,622.0,1236.0999755859375,True,True,True,True,True,True,True,True,False,36.971188979746316,noise,41.06991770651731,False,False,False,False,,Pharmaceuticals & Biotechnology,Pharmaceuticals,86.0369609856263,True,True
INNOVANA.NS,2026-09-18,303.25,307.59166463216144,315.4527757432726,320.45499938964844,348.7063334147135,361.8817498779297,308.5715209151434,290.0,564.7999877929688,False,False,False,False,False,False,False,False,False,-42.18854121493416,ppv,313.2660588718707,True,False,False,False,,IT - Software,Computers - Software & Consulting,14.425051334702257,False,False
INNOVISION.NS,2026-09-17,,,,,,,,,,False,False,False,False,False,False,False,False,False,,dry,19.047622401088457,False,False,False,False,,Transport Infrastructure,"Road AssetsToll, Annuity, Hybrid-Annuity",,False,False
INOXGREEN.NS,2026-09-16,173.11000061035156,171.88666534423828,176.61611005995007,180.89659942626952,175.6785323079427,179.80849906921387,174.08672447647473,132.5800018310547,279.0,False,False,False,True,False,True,False,False,False,-0.43138156986486376,red,128.1769471821267,False,False,False,False,,Commercial Services & Supplies,Diversified Commercial Services,64.37371663244353,False,False
INOXINDIA.NS,2026-09-18,2098.800048828125,2167.9750061035156,2035.3666585286458,2017.03599609375,1647.7336482747396,1517.351142578125,2124.8959607549896,1066.9168905614442,2339.5,True,True,True,True,True,True,True,False,False,74.92084068852196,noise,66.91191148606417,False,False,False,False,,Industrial Products,Other Industrial Products,94.25051334702259,True,True
INOXWIND.NS,2026-09-18,76.80000305175781,75.48916625976562,74.89194382561578,75.7395997619629,85.66466639200847,93.50854984283447,75.18959421955009,68.0,159.3000030517578,False,False,False,False,True,False,False,True,False,-48.352384244843336,noise,91.4198466432421,False,False,False,False,,Electrical Equipment,Heavy Electrical Equipment,9.291581108829568,False,False
INSECTICID.NS,2026-09-16,595.2000122070312,608.9083302815756,617.9111107720269,624.5829992675781,651.7709989420573,656.4522155761719,605.3201086350907,518.5999755859375,789.2238413142957,False,False,False,False,False,False,True,False,False,-22.645008527347,noise,50.03041534772438,False,False,False,False,,Fertilizers & Agrochemicals,Pesticides & Agrochemicals,38.347022587268995,False,False
INA.NS,2026-09-17,,,,,,,,,,False,False,False,False,False,False,False,False,False,,noise,20.953378839648483,False,False,False,False,,Power,Power Generation,,False,False
INSPIRE.NS,2026-09-16,9.25,8.708333333333334,8.858333349227905,8.756999969482422,9.754666687647502,10.087500021457672,8.960625321405187,6.800000190734863,18.450000762939453,False,False,False,False,True,True,False,True,False,-48.611111111111114,dry,0.0,False,False,False,False,,Entertainment,Media & Entertainment,9.08624229979466,False,False
INSPIRISYS.NS,2026-09-16,83.30999755859375,87.68583234151204,92.77944416469998,94.94739974975586,95.64133321126302,93.61859992980958,86.62799149102251,69.91999816894531,133.89999389648438,False,True,False,False,False,False,False,False,False,-13.354138079581046,green,122.33478940072287,False,False,False,False,,IT - Services,IT Enabled Services,49.12731006160164,False,False
ESSENTIA.NS,2026-09-16,1.0399999618530273,1.0516666273276012,1.149166653553645,1.1551999926567078,1.325183057785034,1.373587292432785,1.0598363726135407,1.0099999904632568,2.0799999237060547,False,False,False,False,False,False,False,False,False,-44.38502891972733,noise,51.40873386721019,False,False,False,False,,Commercial Services & Supplies,Trading & Distributors,12.217659137577003,False,False
IPSL.NS,2026-09-16,215.0,213.61782836914062,216.2708740234375,221.86943237304686,233.03868794759114,243.2924725341797,214.641392084435,171.88994880392372,384.53192138671875,False,False,False,False,False,False,False,True,False,-41.66349526840628,dry,0.0,False,False,False,False,,Commercial Services & Supplies,Diversified Commercial Services,15.143737166324437,False,False
INTELLECT.NS,2026-09-17,651.2999877929688,677.2416636149088,695.2833336724175,708.1087573242188,703.6588419596354,759.9484048461914,672.1965084187273,589.5214019484429,1232.7256944645226,False,False,False,False,False,False,False,False,False,-35.9745227668796,noise,55.215873615862456,False,False,False,False,,IT - Software,Computers - Software & Consulting,20.9958932238193,False,False
INTENTECH.NS,2026-09-16,76.43000030517578,79.67749977111816,81.65249951680501,84.84019973754883,94.28919998168945,99.73059997558593,79.03856767254312,66.30000305175781,149.89999389648438,False,False,False,False,False,False,False,False,False,-13.071540503323998,noise,31.025440159923264,False,False,False,False,,IT - Services,IT Enabled Services,49.53798767967146,False,False
INTERARCH.NS,2026-09-18,1705.800048828125,1712.9249979654949,1718.8283555772568,1744.2252954101561,1816.9426692708332,1907.0750415039063,1703.4421918756605,1588.1481694240197,2742.1363509030452,False,False,False,False,False,False,False,True,False,-17.09138360938659,noise,71.65374613121608,False,False,False,False,,Construction,Civil Construction,44.81519507186859,False,False
INDIGO.NS,2026-09-17,4845.0,4933.208333333333,5145.222222222223,5159.98,4791.786004231771,4836.021004638672,4910.503738614554,3895.199951171875,5970.0,True,False,False,True,False,False,True,False,False,-15.408118725447405,noise,71.8026572779388,False,False,False,False,,Transport Services,Airline,47.227926078028744,False,False
INM.NS,2026-09-16,162.5,154.93161646525064,163.73231845431857,166.01319030761718,170.69943705240885,186.81406089782715,158.09973449792557,140.61732763952318,686.8864925608916,False,False,False,False,False,False,False,True,False,-73.15878478172458,noise,34.96503496503497,False,False,False,False,,Consumer Durables,"Furniture, Home Furnishing",1.1806981519507187,False,False
IGIL.NS,2026-09-17,314.8999938964844,317.20416768391925,336.6352361043294,337.89585205078123,341.1833732096354,334.59708740234373,317.51933117305975,282.6708709611926,386.08705544308634,False,True,False,False,False,False,True,False,False,-17.23460658007241,noise,53.785245056376716,False,False,False,False,,Commercial Services & Supplies,Diversified Commercial Services,44.71252566735113,False,False
INTLCONV.NS,2026-09-16,74.88999938964844,77.92970339457194,76.19489669799805,76.42594299316406,76.78355557759603,78.66519273757935,76.99997762178371,59.60206698077789,113.78034412666766,False,False,False,False,False,False,False,False,False,-20.58358871737973,noise,39.901056036533156,False,False,False,False,,Industrial Manufacturing,Industrial Products,40.75975359342916,False,False
ISFT.NS,2026-09-16,75.22000122070312,83.521666208903,83.361388736301,81.29319961547851,78.14933344523112,81.4292501449585,81.15972886495936,54.04999923706055,119.06999969482422,False,False,False,False,False,True,False,False,False,-24.25737280244854,red,188.39088563065064,False,False,False,False,,Retailing,E-Retail/ E-Commerce,35.57494866529774,False,False
INVPRECQ.NS,2026-09-17,,,,,,,,,,False,False,False,False,False,False,False,False,False,,noise,,False,False,False,False,,Industrial Products,Castings & Forgings,,False,False
INVENTURE.NS,2026-09-16,0.8799999952316284,0.9175000141064326,0.9105555630392499,0.9084000039100647,0.9693333327770233,1.0179500004649162,0.9106914749189895,0.7200000286102295,1.6799999475479126,False,False,False,False,False,False,False,False,False,-43.22580501266617,noise,39.75421794572942,False,False,False,False,,Capital Markets,Stockbroking & Allied,13.347022587268995,False,False
IKS.NS,2026-09-18,1779.9000244140625,1763.4249979654949,1780.4749993218315,1798.5200024414062,1644.1660034179688,1649.1015020751954,1761.2867734287438,1262.0,1933.0,True,False,True,True,False,True,True,True,False,14.839666841540389,ppv,312.96329229214587,True,False,False,False,,IT - Services,IT Enabled Services,76.8993839835729,True,False
IOLCP.NS,2026-09-18,203.14999389648438,200.37249755859375,179.67194408840604,172.61279968261718,126.47066650390624,114.20072925567626,196.9071149406658,67.07081715721031,219.0399932861328,True,True,True,True,True,True,True,True,False,73.24679953489894,green,111.79795672082157,False,False,False,False,,Pharmaceuticals & Biotechnology,Pharmaceuticals,94.04517453798768,True,True
IONEXCHANG.NS,2026-09-16,426.25,419.5416742960612,396.3928858439128,406.21594299316405,385.6702734375,379.94970901489256,424.6378072361333,311.64769712027083,484.3644916198611,True,True,False,True,True,True,True,True,False,-0.154250451320892,noise,41.1952244213596,False,False,False,False,,Other Utilities,Water Supply & Management,64.5277207392197,False,False
IPRINGLTD.NS,2026-09-16,,,,,,,,,,False,False,False,False,False,False,False,False,False,,noise,,False,False,False,False,,Auto Components,Auto Components & Equipments,,False,False
IPCALAB.NS,2026-09-17,1970.300048828125,1960.7583312988281,1876.161882188585,1857.50748046875,1654.828868001302,1603.350055541992,1957.4154361478538,1247.2697331943216,2014.0,True,True,True,True,True,True,True,True,False,50.75414910901988,ppv,130.7134707737911,False,False,False,False,,Pharmaceuticals & Biotechnology,Pharmaceuticals,90.09240246406571,True,True
IRB.NS,2026-09-18,18.479999542236328,19.303333123524983,19.358894401126438,19.500953063964843,20.51505537668864,20.584175386428832,19.120237101946056,18.3799991607666,23.835262248930352,False,False,False,False,False,False,True,False,False,-15.49652726840447,red,173.78238378048832,False,False,False,True,,Construction,Civil Construction,47.07392197125257,False,False
IRBINVIT.NS,2026-09-16,63.93000030517578,64.4258337020874,63.946666399637856,63.021642990112305,59.793420740763345,59.15953353881836,64.23039147244741,54.138185447605636,65.0,True,True,True,True,True,False,True,False,False,12.292182588455013,noise,36.71290740633073,False,False,False,False,,Transport Infrastructure,"Road AssetsToll, Annuity, Hybrid-Annuity",75.10266940451746,True,False
IRCON.NS,2026-09-18,109.8499984741211,113.13240750630696,120.89983134799533,122.66025131225587,133.10644388834635,139.5083122253418,111.85097236798194,106.80000305175781,185.56959723526165,False,False,False,False,False,False,False,False,False,-40.0555693777482,ppv,203.81032892510515,False,False,False,False,,Construction,Civil Construction,16.940451745379878,False,False
IRISDOREME.NS,2026-09-16,58.18000030517578,60.28166675567627,57.16527769300673,54.0042000579834,41.35940003712972,39.586749982833865,59.94018469381268,26.350000381469727,65.0,True,True,True,True,True,True,True,False,False,83.41740720240595,noise,66.13067254926672,False,False,False,False,,Textiles & Apparels,Garments & Apparels,94.91786447638604,True,True
IRIS.NS,2026-09-18,238.08999633789062,248.76250076293945,247.95027838812933,247.48020080566405,246.13840016682943,257.85004989624025,244.0761162106909,203.0,388.1000061035156,False,False,False,False,False,False,False,False,False,-22.760747335639696,dry,19.149045672440664,False,True,False,False,,IT - Software,Software Products,38.14168377823409,False,False
IRMENERGY.NS,2026-09-16,264.1499938964844,278.48992919921875,279.7983029683431,274.0276495361328,258.29503438313805,260.7369445800781,275.8998305969753,164.51785884218728,390.9040021765633,True,False,False,True,False,True,False,False,False,-2.954300884185812,noise,53.74452702432671,False,False,False,False,,Gas,LPG/CNG/PNG/LNG Supplier,61.70431211498973,False,False
ISGEC.NS,2026-09-16,759.0499877929688,783.1041615804037,788.2444424099392,814.602998046875,908.4943347167969,884.4125003051757,781.4960312826106,683.9500122070312,1113.9000244140625,False,True,False,False,False,False,False,False,False,-23.3592519101526,noise,63.64650843087634,False,False,False,False,,Construction,Civil Construction,37.26899383983573,False,False
ISHANCH.NS,2026-09-17,49.43000030517578,45.14000002543131,47.083333545260956,48.82860023498535,55.586000264485676,57.456050109863284,45.85413030204815,41.709999084472656,83.37000274658203,False,False,False,False,True,False,False,True,False,-17.76742671224757,green,186.5682968694444,False,False,False,False,,Chemicals & Petrochemicals,Specialty Chemicals,44.14784394250513,False,False
ISHAN.NS,2026-09-16,0.5,0.5125000029802322,0.48888888623979354,0.4939999985694885,0.5956666656335194,0.6342499992251396,0.509371812115335,0.44999998807907104,0.949999988079071,False,False,False,False,True,False,False,False,False,-47.36842039219229,dry,0.0,False,False,False,False,,Industrial Manufacturing,Industrial Products,9.958932238193018,False,False
ISTLTD.NS,2026-09-17,,,,,,,,,,False,False,False,False,False,False,False,False,False,,noise,,False,False,True,False,,Auto Components,Auto Components & Equipments,,False,False
ITALIANE.NS,2026-09-16,31.0,31.96250009536743,31.872222158643936,32.59099994659424,35.519333152771,33.970749855041504,31.602919364954623,24.049999237060547,49.0,False,True,False,False,False,False,False,False,False,-11.428571428571432,noise,34.24657534246575,False,False,False,False,,Food Products,Packaged Foods,51.74537987679672,False,False
ITC.NS,2026-09-18,262.29998779296875,262.04583231608075,270.580554538303,273.6769989013672,287.8401894124349,301.1613459777832,262.6874031280424,255.5,406.5707952146441,False,False,False,False,False,False,False,False,False,-33.156879846732146,red,101.68938008562367,False,False,False,False,,Diversified FMCG,Diversified FMCG,23.921971252566735,False,False
ITCHOTELS.NS,2026-09-18,158.8000030517578,155.9708340962728,162.2616661919488,164.14219940185546,162.33252014160155,169.1787671661377,155.99619264445775,136.40565982941717,241.7151903023464,False,False,False,False,False,False,False,True,False,-33.79398385118109,ppv,141.07954380930033,False,False,False,False,,Leisure Services,Hotels & Resorts,22.946611909650922,False,False
ITI.NS,2026-09-18,256.29998779296875,264.44167073567706,274.3000022040473,276.49000061035156,282.85200052897136,287.18050048828127,262.20628509826787,237.0,372.8500061035156,False,False,False,False,False,False,False,False,False,-19.893740267425354,noise,23.824722364476113,False,False,False,False,,Telecom -  Equipment & Accessories,Telecom -  Equipment & Accessories,41.63244353182752,False,False
ITL.NS,2026-09-17,,,,,,,,,,False,False,False,False,False,False,False,False,False,,noise,,False,True,False,False,,Industrial Manufacturing,Industrial Products,,False,False
IVALUE.NS,2026-09-17,,,,,,,,,,False,False,False,False,False,False,False,False,False,,dry,13.746194555776519,False,False,False,False,,IT - Services,IT Enabled Services,,False,False
IVP.NS,2026-09-17,214.7100067138672,212.6616668701172,188.69027667575412,179.53579803466798,157.96878641764323,154.62212684631348,211.2194694867919,108.90937920381369,222.0,True,True,True,True,True,True,True,True,False,30.748892169971654,green,130.70215373839957,False,False,False,False,,Chemicals & Petrochemicals,Specialty Chemicals,83.88090349075975,True,True
IZMO.NS,2026-09-18,934.3499755859375,910.4833323160807,917.5722232394749,963.6680029296875,851.4830004882813,830.681999206543,907.8069793297801,569.3499755859375,1374.699951171875,True,True,False,True,False,True,False,True,False,-2.534819611878425,noise,95.94401312540442,False,True,False,False,,IT - Services,IT Enabled Services,62.16632443531827,False,False
J&KBANK.NS,2026-09-16,147.66000366210938,146.76166915893555,151.11000061035156,159.0772006225586,141.87366704305012,131.97600028991698,146.71614016592196,97.3499984741211,201.75,True,True,True,True,False,True,False,True,False,44.93522540525543,ppv,71.42401721537418,False,False,False,False,,Banks,Private Sector Bank,88.347022587269,True,False
JKCEMENT.NS,2026-09-18,5064.5,4942.25,5185.541666666667,5288.19,5334.546376953125,5410.089833984375,4947.197674778947,4654.177313328525,6974.042464956463,False,False,False,False,False,False,False,True,False,-25.24485111740328,green,120.1510890952916,False,False,False,False,,Cement & Cement Products,Cement & Cement Products,34.08624229979466,False,False
JKIL.NS,2026-09-16,480.3999938964844,484.28333282470703,492.16805436876086,492.6879998779297,497.34766662597656,515.3200004577636,483.3592528288084,425.0,672.0,False,False,False,False,False,False,False,False,False,-25.386345870511995,noise,61.140739702127256,False,False,False,False,,Construction,Civil Construction,33.67556468172484,False,False
JGCHEM.NS,2026-09-16,582.9000244140625,601.4541676839193,585.6902779473198,552.1940014648437,443.5553344726562,419.4625006103516,593.9068676989264,298.3999938964844,675.0,True,True,True,True,True,True,True,False,False,23.613623052405064,noise,37.917947078616706,False,False,False,False,,Chemicals & Petrochemicals,Commodity Chemicals,81.26283367556468,True,True
JAGRAN.NS,2026-09-16,61.220001220703125,61.60249996185303,62.1980553732978,62.463999862670896,60.148632202148434,60.209663486480714,61.72700259888748,51.89130373947772,68.81048404363386,True,False,False,True,False,False,True,False,False,-2.2468395738234337,noise,81.76299455858495,False,False,False,False,,Media,Print Media,62.37166324435318,False,False
JAGSNPHARM.NS,2026-09-16,228.27999877929688,234.5787010192871,231.99704700046115,229.08098358154297,206.77405782063803,201.12513801574707,232.37335932057826,152.44877845211974,260.14646303072993,True,True,True,True,False,True,True,False,False,-6.497897499893279,dry,15.102461156082622,False,False,False,False,,Pharmaceuticals & Biotechnology,Pharmaceuticals,58.110882956878854,False,False
JAIBALAJI.NS,2026-09-16,64.05000305175781,67.65500005086263,66.3936112721761,65.61360008239745,67.95546679178874,67.88630023956298,66.14831274944878,53.650001525878906,107.0,False,True,False,False,False,False,False,False,False,-37.08251362311542,green,116.52604595891837,False,False,False,False,,Ferrous Metals,Iron & Steel,20.02053388090349,False,False
JAICORPLTD.NS,2026-09-18,94.41999816894531,96.58583323160808,100.04555532667372,101.57340011596679,107.90793375651042,111.64115024566651,95.6938959248109,88.0,173.39999389648438,False,False,False,False,False,False,False,False,False,-41.00454866576603,noise,46.4529073640732,False,False,False,False,,Industrial Products,Plastic Products - Industrial,16.01642710472279,False,False
JISLDVREQS.NS,2026-09-18,20.940000534057617,21.218333562215168,21.446388933393692,21.647600059509276,22.562399991353352,23.496500005722044,21.102860813253624,18.5,35.47999954223633,False,False,False,False,False,False,False,False,False,-38.718168989869895,noise,27.691212794329772,False,False,False,False,,Industrial Products,Plastic Products - Industrial,18.429158110882955,False,False
JISLJALEQS.NS,2026-09-18,30.420000076293945,29.96416648228963,29.213055504692925,29.630999946594237,31.598466606140136,33.44779997825623,29.773747083561624,26.110000610351562,59.0,False,False,False,False,True,False,False,True,False,-46.715712042409216,ppv,175.97327177787406,False,False,False,False,,Industrial Products,Plastic Products - Industrial,10.266940451745379,False,False
JAINREC.NS,2026-09-17,,,,,,,,,,False,False,False,False,False,False,False,False,False,,noise,33.336233614911194,False,True,False,True,,Diversified Metals,Diversified Metals,,False,False
JAINAM.NS,2026-09-16,216.0,218.84583282470703,229.7263887193468,233.98199981689453,228.7010001627604,231.73525032043457,218.93065604063392,169.0,315.0,False,False,False,True,False,False,False,False,False,-28.239202657807304,dry,0.0,False,False,False,False,,Ferrous Metals,Ferro & Silica Manganese,29.876796714579058,False,False
JAMNAAUTO.NS,2026-09-18,125.02999877929688,128.29750061035156,127.39527850680881,128.8802005004883,127.30179982503255,127.0613998413086,127.93873844995169,88.92074939495755,152.60000610351562,False,True,True,True,False,True,True,False,False,17.160570200012405,red,126.20412941328215,False,False,False,False,,Auto Components,Auto Components & Equipments,77.82340862422998,True,False
JSFB.NS,2026-09-16,506.6000061035156,524.9249979654948,549.1444396972656,537.14599609375,463.0259991455078,449.3094993591309,520.718438877106,330.0,606.9500122070312,True,True,True,True,False,True,True,False,False,8.271000793300498,noise,56.984451344240306,False,False,False,False,,Banks,Other Bank,71.50924024640656,True,False
JARO.NS,2026-09-18,,,,,,,,,,False,False,False,False,False,False,False,False,False,,noise,88.20110615189529,False,False,False,False,,Other Consumer Services,E-Learning,,False,False
JASH.NS,2026-09-16,488.8999938964844,491.20266977945965,490.0348883734809,497.9969036865234,444.0043916829427,437.0018978881836,497.410955478427,325.9500660065985,571.69525207764,True,True,False,True,False,True,True,False,True,-5.549184918786665,noise,83.78571761773995,False,False,False,False,,Industrial Manufacturing,Industrial Products,58.932238193018485,False,False
JAYBARMARU.NS,2026-09-18,111.1500015258789,117.30916659037273,128.83216306898328,141.22840515136718,122.24629872639974,114.15511825561524,116.08349783039108,73.75201610137978,205.8889662970584,False,True,True,True,False,True,False,False,False,18.81955195422813,noise,30.89006256716733,False,True,False,False,,Auto Components,Auto Components & Equipments,78.59342915811088,True,False
KORE.NS,2026-09-16,172.5500030517578,142.70000076293945,152.44444380866156,152.26899948120118,133.58233342488606,137.54625019073487,155.2309004971786,85.0,212.3000030517578,True,False,False,True,True,True,True,True,False,8.55615373679064,noise,49.275362318840585,False,True,False,False,,Retailing,Diversified Retail,71.81724845995893,True,False
JAYSREETEA.NS,2026-09-18,89.37999725341797,94.75666681925456,93.41638882954915,90.20039993286133,86.85640004475911,86.56544986724853,93.03580923583237,70.55000305175781,112.69999694824219,True,True,False,True,False,False,True,False,False,-9.644157998500958,noise,33.133569934029666,False,False,False,False,,Agricultural Food & other Products,Tea & Coffee,54.36344969199178,False,False
JAYAGROGN.NS,2026-09-16,231.66000366210938,237.41499964396158,226.796506245931,224.17240783691406,204.71602905273437,201.6987759399414,237.26341618911715,144.96388034382235,265.0,True,True,False,True,True,True,True,False,False,-2.6357800379129936,green,156.40145894626738,False,False,False,False,,Chemicals & Petrochemicals,Specialty Chemicals,62.063655030800824,False,False
JAYNECOIND.NS,2026-09-17,88.94000244140625,91.1475003560384,92.79111120435927,91.64339996337891,90.28213333129882,87.31399997711182,90.47059174695794,64.4000015258789,117.0,False,True,True,True,False,True,True,False,False,24.391611806162583,noise,22.031848112526465,False,False,False,False,,Industrial Products,Iron & Steel Products,81.57084188911703,True,False
JAYKAY.NS,2026-09-16,,,,,,,,,,False,False,False,False,False,False,False,False,False,,noise,74.44044709755934,False,False,False,False,,Aerospace & Defense,Aerospace & Defense,,False,False
JBMA.NS,2026-09-16,588.2000122070312,614.4209696451823,634.8024715847439,645.1076586914063,625.9631384277344,616.9940463256836,611.8546130071027,476.3411078671452,788.908731607289,False,True,False,True,False,False,False,False,False,-17.958959171657884,noise,52.26983845939698,False,False,False,False,,Auto Components,Auto Components & Equipments,44.04517453798768,False,False
JSLL.NS,2026-09-17,490.75,507.4875030517578,525.7722227308485,538.2370001220703,601.4293336995443,625.6165000915528,504.3456075152891,485.1000061035156,849.5,False,False,False,False,False,False,False,False,False,-41.3554166997922,noise,47.75758744600654,False,False,False,True,,Leisure Services,Wellness,15.554414784394249,False,False
JENBURPH.NS,2026-09-17,,,,,,,,,,False,False,False,False,False,False,False,False,False,,noise,,False,False,False,False,,Pharmaceuticals & Biotechnology,Pharmaceuticals,,False,False
JETFREIGHT.NS,2026-09-16,19.899999618530273,20.481666723887127,21.763611210717094,22.156000061035158,20.572600008646646,19.796850004196166,20.399225259388775,11.899999618530273,25.950000762939453,False,True,True,True,False,True,True,False,False,50.415724165372744,noise,28.747867037468772,False,False,False,False,,Transport Services,Logistics Solution Provider,89.8870636550308,True,False
JETKNIT.NS,2026-09-16,48.45000076293945,48.45000076293945,54.6083336936103,57.61100044250488,77.43033205668131,80.56474840164185,48.818645728950955,48.45000076293945,109.0,False,False,False,False,False,False,False,False,False,-55.550458015651884,dry,0.0,False,False,False,True,,Textiles & Apparels,Garments & Apparels,5.492813141683778,False,False
JFLLIFE.NS,2026-09-16,10.149999618530273,10.174999793370565,11.58333322736952,11.368999977111816,10.262787818908691,10.616090865135194,10.328689090360305,8.550000190734863,15.399999618530273,False,False,False,True,False,False,False,False,False,-24.253732033736163,dry,0.0,False,False,False,False,,Pharmaceuticals & Biotechnology,Pharmaceuticals,35.62628336755647,False,False
JHS.NS,2026-09-16,8.510000228881836,8.144166628519693,8.222499979866875,7.997600002288818,8.411399987538656,8.885999975204468,8.343985537977625,6.260000228881836,13.899999618530273,False,False,False,False,True,True,False,True,False,-25.022026935122753,red,131.55130999719609,False,False,False,False,,Personal Products,Personal Care,34.3429158110883,False,False
RETAIL.NS,2026-09-17,16.829999923706055,17.103333473205566,17.331666681501602,17.319200019836426,19.290533332824708,20.87855001449585,17.099998172592137,15.8100004196167,43.790000915527344,False,False,False,False,False,False,False,False,False,-54.51351371971336,noise,77.76390222545064,False,False,False,False,,Retailing,Diversified Retail,6.262833675564681,False,False
JINDRILL.NS,2026-09-18,594.8499755859375,635.0750071207682,623.5220743815104,616.6571118164062,571.3228365071615,557.4976000976562,616.5487646074773,439.3905910515948,704.4000244140625,True,True,True,True,False,True,True,False,False,-1.996822797663611,noise,34.26041943714988,False,False,False,False,,Oil,Offshore Support Solution Drilling,62.577002053388085,False,False
JINDALPHOT.NS,2026-09-16,1125.5999755859375,1031.7583262125652,1046.5527682834202,1064.4339916992187,1112.5389973958333,1196.6832489013673,1048.775575279723,971.0999755859375,1616.5999755859375,False,False,False,False,True,False,False,True,False,3.436870620494581,ppv,167.18920346431742,False,True,False,False,,Finance,Investment Company,67.14579055441479,False,False
JINDALPOLY.NS,2026-09-16,742.4000244140625,691.2958323160807,655.3263854980469,657.8929956054687,691.0173309326171,630.7409983825684,695.114052165512,365.0,1026.449951171875,True,True,True,False,True,True,False,True,False,24.579467499444107,ppv,1058.5634757394375,False,False,False,False,,Industrial Products,Packaging,81.77618069815195,True,False
JPOLYINVST.NS,2026-09-16,983.7000122070312,995.8583374023438,1009.7305518256294,1028.0879956054687,1088.7789969889322,1070.5479962158204,989.7494133458013,852.0999755859375,1487.699951171875,False,True,False,False,False,False,False,False,False,3.7986704164076235,noise,21.68918784716935,False,False,False,False,,Finance,Investment Company,67.40246406570843,False,False
JINDALSAW.NS,2026-09-18,289.5,304.6083348592122,286.8055551317003,279.9310003662109,240.08801696777343,222.5470755004883,298.94128634680874,151.60325107352764,320.0,True,True,True,True,True,True,True,False,False,38.67161652911215,noise,89.2661311781055,False,False,False,False,,Industrial Products,Iron & Steel Products,86.70431211498973,True,True
JSL.NS,2026-09-18,750.9500122070312,745.8083292643229,730.6785312228733,728.75666015625,729.7248156738282,745.2997045898437,742.7072353722455,649.5262533837296,879.2203373423794,True,False,False,False,True,False,True,True,False,-0.7319983047033518,ppv,397.2630266965722,True,False,False,False,,Ferrous Metals,Iron & Steel,63.91170431211499,False,False
JINDALSTEL.NS,2026-09-16,1103.0,1136.3416748046875,1126.585676405165,1101.9409594726562,1154.6145166015624,1130.0894161987305,1125.9013299990484,975.3534332608737,1303.865138167474,False,True,True,False,True,False,True,False,False,4.901041014235719,noise,50.48924001468353,False,False,False,False,,Ferrous Metals,Iron & Steel,68.42915811088297,False,False
JINDWORLD.NS,2026-09-18,49.70000076293945,52.82083320617676,42.47444460127089,40.32900016784668,30.978266741434734,30.259650049209593,50.1439973509962,17.850000381469727,61.9900016784668,True,True,False,True,True,True,True,False,False,27.207579091748602,noise,39.91963114396063,False,False,False,False,,Textiles & Apparels,Other Textile Products,82.64887063655031,True,False
JKIPL.NS,2026-09-17,,,,,,,,,,False,False,False,False,False,False,False,False,False,,dry,8.874628192904577,False,False,False,False,,"Agricultural, Commercial & Construction Vehicles","Dealers-Commercial Vehicles, Tractors, Construction Vehicles",,False,False
JIOFIN.NS,2026-09-18,229.88999938964844,231.26499811808267,243.03695509168836,241.70835052490236,240.93216084798178,251.23468215942384,230.43724272270663,222.77828210111295,320.84859669700336,False,False,False,False,False,False,False,False,False,-27.389832446056626,noise,73.75637899191162,False,False,False,False,,Finance,Investment Company,31.31416837782341,False,False
JITFINFRA.NS,2026-09-18,284.75,296.3000030517578,316.2888904147678,329.40100158691405,322.2829998779297,309.7102498626709,292.31721642026196,222.35000610351562,433.1499938964844,False,True,False,True,False,False,False,False,False,-23.720865440284545,noise,45.17068680054137,False,False,False,False,,Other Utilities,Water Supply & Management,36.80698151950719,False,False
JIWANRAM.NS,2026-09-16,4.0,4.275000015894572,4.673611137602064,4.80600001335144,5.211333338419596,5.368750011920929,4.244794454744061,4.0,8.300000190734863,False,False,False,False,False,False,False,False,False,-50.31056018354143,noise,83.33333333333334,False,False,False,True,,Industrial Products,Other Industrial Products,8.162217659137577,False,False
JKLAKSHMI.NS,2026-09-17,510.3999938964844,507.5124994913737,538.8694466484917,547.2739862060547,596.7090329996745,637.941435394287,510.171339426197,495.20001220703125,917.2897030337625,False,False,False,False,False,False,False,True,False,-43.461985856696195,noise,24.191219194781958,False,False,False,False,,Cement & Cement Products,Cement & Cement Products,13.193018480492814,False,False
JKPAPER.NS,2026-09-18,430.6000061035156,412.42083231608075,395.0583190917969,390.2415454101563,363.8379351806641,359.1341989135742,413.5376684853402,301.6864340741184,440.18408478548275,True,True,False,True,True,True,True,True,False,8.99683659760937,noise,75.07524686031995,False,False,True,False,,"Paper, Forest & Jute Products",Paper & Paper Products,72.22792607802874,True,False
JKTYRE.NS,2026-09-16,343.29998779296875,360.31667073567706,379.5861121283637,384.8219262695313,406.04249776204426,428.6035076904297,356.55406696490945,339.54998779296875,605.8045982960336,False,False,False,False,False,False,False,False,False,-7.961739325942352,noise,65.90668880124394,False,False,False,True,,Auto Components,Tyres & Rubber Products,56.67351129363449,False,False
JMFINANCIL.NS,2026-09-16,120.45999908447266,127.29666646321614,127.17999988132053,126.33300003051758,127.14131088256836,129.51611843109131,125.29611148412206,110.30581750563591,178.81882733013597,False,False,False,False,False,False,False,False,False,-30.622706582763826,noise,76.19162365852372,False,False,False,False,,Finance,Holding Company,26.848049281314168,False,False
JNKINDIA.NS,2026-09-17,411.6500244140625,426.3809331258138,434.3501230875651,449.92410766601563,378.4712451171875,341.112554397583,423.019528144228,200.77367542648255,557.5936417008903,True,True,True,True,False,True,False,False,False,35.085949004231765,dry,13.072525802006687,False,True,False,False,,Industrial Manufacturing,Industrial Products,85.42094455852155,True,False
JOCIL.NS,2026-09-16,143.0,150.1703783671061,146.79588402642145,145.29403900146485,134.816265818278,135.45846340179443,148.80449693513964,89.16107425379715,174.0,True,False,False,True,False,True,True,False,False,-9.61009449726442,noise,37.568146689929065,False,False,False,False,,Chemicals & Petrochemicals,Commodity Chemicals,54.46611909650924,False,False
COCKERILL.NS,2026-09-17,,,,,,,,,,False,False,False,False,False,False,False,False,False,,noise,44.30840748191244,False,True,False,False,,Industrial Manufacturing,Industrial Products,,False,False
JPPOWER.NS,2026-09-18,15.369999885559082,16.005000114440918,16.961944527096218,16.98000011444092,17.209666716257733,17.082350058555605,15.824770884228363,13.149999618530273,24.5,False,True,False,False,False,False,False,False,False,-18.374933893605604,noise,75.90859130912607,False,False,False,False,,Power,Power Generation,43.3264887063655,False,False
JSWCEMENT.NS,2026-09-18,117.44000244140625,119.79666646321614,125.64111073811848,128.73959899902343,126.3165891011556,124.22748275756835,118.99603979329288,106.25579106571017,151.28872630343636,False,True,False,True,False,False,True,False,False,-22.045037663057187,green,105.66349932652699,False,False,False,False,,Cement & Cement Products,Cement & Cement Products,38.91170431211499,False,False
JSWDULUX.NS,2026-09-16,3082.0,3158.6916707356772,3098.177775065104,3063.277998046875,3000.2622900390625,3028.4955480957033,3143.2072568879444,2626.091386571249,3687.5560372755367,True,False,False,True,True,False,True,False,False,-7.543837291909272,noise,53.11052594572486,False,False,False,False,,Consumer Durables,Paints,57.28952772073922,False,False
JSWENERGY.NS,2026-09-17,512.0,526.2916666666666,543.000001695421,545.8220043945313,537.2005118815105,522.109695892334,520.7360470991498,426.30011443485296,615.2574202859911,False,True,False,True,False,False,True,False,False,-3.9735779349382327,noise,52.89764908861723,False,False,False,False,,Power,Power Generation,60.57494866529775,False,False
JSWHL.NS,2026-09-16,10935.0,11435.25,11568.777777777777,11432.08,12931.013333333334,14492.205,11307.284925501934,10530.0,22790.0,False,False,False,False,False,False,False,False,False,-41.212838019461316,noise,55.85737685239326,False,True,False,False,,Finance,Investment Company,15.708418891170432,False,False
JSWINFRA.NS,2026-09-18,348.25,335.53333282470703,335.6125013563368,334.90200073242187,295.2512163289388,288.68010780334475,335.9057023565518,232.71809982894663,356.95001220703125,True,True,True,True,True,True,True,True,False,6.591492356702466,ppv,742.3973920407932,True,False,False,False,,Transport Infrastructure,Port & Port services,70.17453798767967,True,True
JSWSTEEL.NS,2026-09-18,1275.5999755859375,1286.3333333333333,1294.7916700575088,1281.5040063476563,1249.4946850585939,1226.5147692871094,1276.10548066357,1067.0708089952848,1351.0,True,True,True,True,False,False,True,False,False,15.474962024829676,green,144.7702890536698,False,False,False,False,,Ferrous Metals,Iron & Steel,77.31006160164272,True,False
JTEKTINDIA.NS,2026-09-18,117.7699966430664,119.9233341217041,128.22036785549588,130.17366271972656,131.56364954630533,134.36981227874756,119.65664960784306,114.81999969482422,186.9514017866663,False,False,False,False,False,False,False,False,False,-32.555365087171396,red,110.84739458203505,False,False,False,False,,Auto Components,Auto Components & Equipments,24.589322381930184,False,False
JTLIND.NS,2026-09-18,87.66999816894531,88.03914260864258,82.11765649583604,80.00673889160156,71.77010416666667,69.9602398109436,86.97049626270892,40.19384819281051,93.86886160930845,True,True,True,True,True,True,True,True,False,12.352805040675419,noise,97.22923329090337,False,False,False,False,,Industrial Products,Iron & Steel Products,75.15400410677618,True,True
JUBLCPL.NS,2026-09-17,2020.4000244140625,2162.366689046224,2093.7777879503037,2055.2740063476563,1890.6273347981771,1969.362501220703,2121.7984950346004,1460.0,2790.0,True,False,False,True,False,True,False,False,False,-27.190165572906544,noise,74.19468731070626,False,False,False,False,,Chemicals & Petrochemicals,Specialty Chemicals,31.57084188911704,False,False
JUBLFOOD.NS,2026-09-18,500.0,477.40416717529297,486.61944410536023,469.46729064941405,460.4430069986979,480.4936145019531,480.52055064849753,407.64069289260294,633.1992004085787,True,False,False,False,True,False,True,True,False,-19.95818127635044,ppv,129.6558814981405,False,False,False,False,,Leisure Services,Restaurants,41.478439425051334,False,False
JUBLINGREA.NS,2026-09-18,624.9000244140625,658.1875,700.1847212049696,710.553642578125,665.9275964355469,668.1673040771484,649.4442231306514,535.497064674972,792.3323631991859,False,False,False,True,False,False,True,False,False,-11.268025049300057,red,226.11491818570477,False,False,False,False,,Chemicals & Petrochemicals,Specialty Chemicals,51.8993839835729,False,False
JUBLPHARMA.NS,2026-09-18,1065.4000244140625,997.2874959309896,933.7861124674479,948.5548718261718,930.4525354003906,953.2471459960938,1006.2304156574211,782.0015188448107,1178.6978642896322,True,False,False,False,True,True,True,True,False,-3.5992777255334896,ppv,108.75813535107677,False,False,False,False,,Pharmaceuticals & Biotechnology,Pharmaceuticals,61.03696098562629,False,False
JMA.NS,2026-09-16,90.30000305175781,91.80249977111816,88.8061449262831,87.93108276367188,85.43281056722005,83.01411052703857,91.63266269856622,67.88733492459089,103.69999694824219,True,True,True,True,True,True,True,False,False,6.317776358307325,noise,61.43102695159377,False,True,False,False,,Auto Components,Trading - Auto components,69.71252566735113,False,False
JNPR.NS,2026-09-18,,,,,,,,,,False,False,False,False,False,False,False,False,False,,noise,,False,False,False,False,,Power,Power Generation,,False,False
JUNIPER.NS,2026-09-16,214.32000732421875,217.53583399454752,206.71416642930774,203.74359985351563,205.2388666788737,214.87025009155275,216.8802571610728,188.5,312.5,False,False,False,False,True,False,False,False,False,-27.75324060886196,red,164.06425526438437,False,False,False,False,,Leisure Services,Hotels & Resorts,30.59548254620123,False,False
JLHL.NS,2026-09-18,280.04998779296875,282.2416636149089,303.0430552164714,305.385,274.75320526123045,273.71679794311524,282.052461775359,235.42042234373233,340.0,True,True,False,True,False,False,True,False,False,-4.235762148642119,green,135.66798803167757,False,False,False,False,,Healthcare Services,Hospital,60.318275154004105,False,False
JWL.NS,2026-09-17,231.22999572753906,238.65833282470703,248.46416770087347,249.49119995117186,266.77546732584636,275.95485038757323,236.6957343542213,225.64999389648438,358.25,False,False,False,False,False,False,False,False,False,-33.247690588401646,noise,62.212995921883355,False,False,False,False,,Industrial Manufacturing,Railway Wagons,23.81930184804928,False,False
JUSTDIAL.NS,2026-09-16,673.7000122070312,683.379160563151,685.6583336724175,694.8019995117188,593.3406671142578,621.8239997863769,675.2888047919354,480.5,878.5999755859375,True,False,False,True,False,True,True,False,False,-20.72718343698933,dry,4.744972338079606,False,False,False,False,,Retailing,Internet & Catalogue Retail,40.29774127310062,False,False
JYOTHYLAB.NS,2026-09-16,195.41000366210938,197.2608324686686,203.1086107889811,202.40240020751952,213.77563405354817,226.14452033996582,196.6374453123932,188.10000610351562,321.9767209171013,False,False,False,False,False,False,False,False,False,-38.79565990998849,noise,52.690694304724914,False,False,False,False,,Household Products,Household Products,18.121149897330596,False,False
JYOTICNC.NS,2026-09-18,1049.699951171875,1002.6041615804037,939.1111128065321,899.7850012207032,793.4843351236979,822.0437515258789,997.2137050639269,580.0999755859375,1065.0,True,False,False,True,True,True,True,True,False,11.693973697211458,ppv,337.9037007901296,True,False,True,False,,Industrial Manufacturing,Industrial Products,74.74332648870636,True,False
JYOTIRES.NS,2026-09-17,,,,,,,,,,False,False,False,False,False,False,False,False,False,,noise,,False,True,False,True,,Chemicals & Petrochemicals,Specialty Chemicals,,False,False
JYOTISTRUC.NS,2026-09-17,9.109999656677246,9.747499942779541,10.48916663063897,10.67059995651245,11.57019999186198,11.12905000925064,9.587326337592451,7.940000057220459,17.420000076293945,False,True,False,False,False,False,False,False,False,-45.48174652419651,noise,69.64159621597571,False,True,False,False,,Electrical Equipment,Heavy Electrical Equipment,11.088295687885012,False,False
KCP.NS,2026-09-16,158.63999938964844,163.40666707356772,160.81363677978516,162.64300994873048,161.4745724995931,164.99928531646728,162.1111764595007,124.2062787245037,206.48053010525658,False,False,False,False,False,False,True,False,False,-21.64232570997723,noise,28.744141827289006,False,False,False,False,,Cement & Cement Products,Cement & Cement Products,39.32238193018481,False,False
KPRMILL.NS,2026-09-16,1121.4000244140625,1147.7666727701824,1113.9805535210503,1109.6227954101562,1005.8167976888021,984.845419921875,1133.1124317263484,794.3546009216013,1331.0754095910231,True,True,True,True,True,True,True,False,False,7.6410985767227935,noise,57.25852248854589,False,False,False,False,,Textiles & Apparels,Other Textile Products,70.94455852156058,True,True
KPEL.NS,2026-09-18,216.8800048828125,225.22000376383463,254.70361285739475,271.33260162353514,308.55693389892576,313.0492166900635,221.21443923745406,206.52000427246094,462.6490430754016,False,False,False,False,False,False,False,False,False,-48.41764415894051,noise,69.22488759321317,False,False,False,False,,Power,Power Generation,9.240246406570842,False,False
K2INFRA.NS,2026-09-16,44.099998474121094,47.67083326975504,50.74444442325168,53.00499984741211,54.09833323160807,56.56749998092651,47.04607408797357,40.79999923706055,82.80000305175781,False,False,False,False,False,False,False,False,False,-39.04630351872744,noise,75.53956834532374,False,False,False,False,,Construction,Civil Construction,17.659137577002053,False,False
KABRAEXTRU.NS,2026-09-18,681.5999755859375,653.75,565.3194452921549,506.1829992675781,328.216799621582,301.39909957885743,654.4755092897933,180.0,741.9000244140625,True,True,True,True,True,True,True,True,False,144.73966807394524,noise,58.874327628460335,False,False,False,False,,Industrial Manufacturing,Industrial Products,98.40862422997947,True,True
KAJARIACER.NS,2026-09-16,1215.9000244140625,1237.0666605631511,1220.338887532552,1221.8680004882813,1118.5249979654948,1087.4264987182617,1228.7992345422144,869.5999755859375,1285.36522978804,True,True,True,True,False,True,True,False,False,0.3015091265872183,noise,59.20148634452749,False,False,False,False,,Consumer Durables,Ceramics,64.93839835728953,False,False
KAKATCEM.NS,2026-09-16,108.44000244140625,110.68250020345052,113.26583480834961,114.05433898925781,114.56162602742513,116.37578689575196,110.2865144118818,82.91615351187981,161.49140760210366,False,False,False,False,False,True,False,False,False,-27.45198981899656,noise,59.740297679038314,False,False,False,False,,Cement & Cement Products,Cement & Cement Products,31.211498973305957,False,False
KALPATARU.NS,2026-09-17,257.20001220703125,268.6833305358887,279.65000025431317,278.69399993896485,305.2283332316081,314.5174996185303,265.0322655421139,250.0,410.70001220703125,False,False,False,False,False,False,False,False,False,-34.745651099875516,noise,20.234624743869794,False,False,False,False,,Realty,"Residential, Commercial Projects",21.868583162217657,False,False
KPIL.NS,2026-09-18,1445.5,1415.4333190917969,1375.5499911838108,1357.8179931640625,1266.8783463541668,1234.915220336914,1414.3047204465615,999.0966928066694,1468.0,True,True,True,True,True,True,True,True,False,13.479685889874382,green,102.82593592847063,False,False,True,False,,Construction,Civil Construction,76.33470225872689,True,True
KALYANKJIL.NS,2026-09-18,581.8499755859375,595.5439961751302,598.3609466552734,591.1237872314454,455.5192590332031,454.38665115356446,592.5183720221282,325.72095783386743,646.3128397837881,True,True,True,True,False,True,True,False,False,13.441576700865632,noise,25.39266094245103,False,True,False,False,,Consumer Durables,"Gems, Jewellery And Watches",76.129363449692,True,False
KALYANI.NS,2026-09-16,144.99000549316406,144.99000549316406,140.77333323160806,140.0219989013672,138.73399719238282,138.57299697875976,144.5743369044695,138.08999633789062,144.99000549316406,True,True,False,True,True,False,True,True,False,4.9967480181474455,dry,0.0,False,False,True,False,,"Agricultural, Commercial & Construction Vehicles","Dealers-Commercial Vehicles, Tractors, Construction Vehicles",68.58316221765914,False,False
KALYANIFRG.NS,2026-09-16,994.7000122070312,1023.4625193277994,771.9853295220269,726.462021484375,644.6122428385416,637.8833807373047,983.209358143258,520.5692625270821,1192.25,True,True,False,True,True,True,True,True,False,42.1455128978935,noise,23.463943252242128,False,False,False,False,,Industrial Products,Castings & Forgings,87.83367556468173,True,False
KICL.NS,2026-09-16,4779.5,5091.458333333333,5274.126302083333,5330.098095703125,5023.311881510416,4983.263225097657,5027.957100751115,4003.6525985054345,6542.89237718979,False,True,False,True,False,False,False,False,False,-1.571095068547368,red,309.893975547957,False,False,False,False,,Finance,Investment Company,62.98767967145791,False,False
KSL.NS,2026-09-18,955.0499877929688,941.4875030517578,893.3597242567274,896.0770849609376,809.1191044108073,786.3725042724609,942.1794513726022,567.4828239516848,992.5999755859375,True,True,True,True,True,True,True,True,False,17.78553804201819,noise,79.86465126306345,False,False,False,False,,Industrial Products,Iron & Steel Products,78.08008213552361,True,True
KAMAHOLD.NS,2026-09-17,,,,,,,,,,False,False,False,False,False,False,False,False,False,,noise,,False,False,False,False,,Finance,Holding Company,,False,False
KAMANWALA.NS,2026-09-17,,,,,,,,,,False,False,False,False,False,False,False,False,False,,noise,,False,False,False,False,,Realty,"Residential, Commercial Projects",,False,False
KAMATHOTEL.NS,2026-09-16,209.8800048828125,224.00666681925455,201.23305469089084,194.61179931640626,181.66106638590495,192.85974967956543,219.61409951064496,140.1999969482422,329.79998779296875,True,False,False,True,True,True,False,False,False,-31.366902138366182,noise,91.54270073513376,False,False,False,False,,Leisure Services,Hotels & Resorts,25.97535934291581,False,False
KAMDHENU.NS,2026-09-16,38.83000183105469,38.625834147135414,36.03416665395101,35.28239994049072,27.87200002034505,26.78305004119873,38.60497110839371,16.149999618530273,40.95000076293945,True,True,True,True,True,True,True,True,False,32.80334904355398,green,131.657891042992,False,False,False,False,,Industrial Products,Iron & Steel Products,84.5482546201232,True,True
KAMOPAINTS.NS,2026-09-16,4.210000038146973,4.40583332379659,4.491944458749559,4.541400022506714,4.839266681671143,5.205150015354157,4.356704631062725,3.5999999046325684,9.40999984741211,False,False,False,False,False,False,False,False,False,-54.633618973186636,noise,56.73353475080788,False,True,False,False,,Consumer Durables,Paints,6.160164271047227,False,False
KANANIIND.NS,2026-09-16,1.4199999570846558,1.5049999852975209,1.4986111091242895,1.5031999945640564,1.5234666609764098,1.5569999980926514,1.483756734780351,1.0199999809265137,2.0999999046325684,False,False,False,False,False,True,False,False,False,-27.551024007777315,red,135.20921855013736,False,True,False,False,,Consumer Durables,"Gems, Jewellery And Watches",31.057494866529773,False,False
KANCHI.NS,2026-09-17,,,,,,,,,,False,False,False,False,False,False,False,False,False,,noise,,False,False,False,False,,Chemicals & Petrochemicals,Commodity Chemicals,,False,False
KANCOTEA.NS,2026-09-17,,,,,,,,,,False,False,False,False,False,False,False,False,False,,noise,,False,False,False,False,,Agricultural Food & other Products,Tea & Coffee,,False,False
KANDARP.NS,2026-09-16,70.94999694824219,85.5,95.1347221798367,96.20699981689454,123.92833297729493,128.01399951934815,80.75589255905953,67.05000305175781,169.0,False,False,False,False,False,False,False,False,False,-41.0958914521769,noise,49.157303370786515,False,False,False,False,,Commercial Services & Supplies,Business Process Outsourcing (BPO)/ Knowledge Process Outsourcing (KPO),15.91375770020534,False,False
KANORICHEM.NS,2026-09-16,186.97000122070312,165.2324981689453,156.72111002604166,153.42039916992186,109.60426653544108,100.57184999465943,170.34960572557347,56.0,187.02000427246094,True,True,True,True,True,True,True,True,False,126.54792679774718,ppv,473.01269340895686,True,False,True,False,,Industrial Manufacturing,Industrial Products,97.27926078028747,True,True
KANPRPLA.NS,2026-09-16,265.8500061035156,254.0416692097982,244.64475038316516,233.11762420654296,205.05246602376303,199.87241401672364,256.59806567884715,150.37373809003816,283.1400146484375,True,True,True,True,True,True,True,True,False,15.442369776252685,noise,42.52767066739621,False,False,False,False,,Industrial Products,Packaging,77.25872689938397,True,True
KANSAINER.NS,2026-09-18,183.9600067138672,190.2600008646647,199.06944444444446,199.3113998413086,199.0766997273763,205.6881381225586,188.6057787349945,156.051448925647,260.8927950067185,False,False,False,False,False,False,False,False,False,-24.374994550497085,red,215.6620816894992,False,True,False,False,,Consumer Durables,Paints,35.42094455852156,False,False
KAPSTON.NS,2026-09-16,577.1500244140625,576.3708343505859,541.6152818467882,509.22800415039063,391.3098899332682,376.39941696166994,571.237483227512,238.91000366210938,600.0,True,True,True,True,True,True,True,True,False,140.25893825710355,noise,54.29515247087784,False,False,False,False,,Commercial Services & Supplies,Diversified Commercial Services,98.25462012320328,True,True
KARMAENG.NS,2026-09-16,38.720001220703125,37.77000045776367,38.57805569966634,38.58860008239746,42.097866694132485,43.37219997406006,38.081634031128296,34.380001068115234,73.69999694824219,False,False,False,False,True,False,False,True,False,-25.10638172280433,ppv,1326.434585469141,False,False,False,False,,Power,Power Generation,34.18891170431211,False,False
KTKBANK.NS,2026-09-16,318.20001220703125,325.5437545776367,313.74196963840063,302.2169805908203,261.858915608724,245.00787872314453,322.5205663563687,167.3874286313754,340.5841746417806,True,True,True,True,True,True,True,False,False,83.19054374419612,noise,74.25820787641777,False,False,False,False,,Banks,Private Sector Bank,94.8665297741273,True,True
KARNIKA.NS,2026-09-16,118.69999694824219,118.17083358764648,116.48333337571886,116.74400024414062,123.66300018310547,122.94700008392334,118.36089666701949,90.25,198.86180512089413,False,True,False,False,True,True,False,True,False,-32.12429111840455,noise,45.68106312292359,False,False,False,False,,Textiles & Apparels,Garments & Apparels,24.897330595482547,False,False
KARURVYSYA.NS,2026-09-16,334.79998779296875,339.8874994913737,339.4611112806532,333.1381201171875,305.8889914957682,296.37815460205076,336.3839281281971,203.21947309421242,358.6499938964844,True,True,True,True,True,True,True,False,False,59.46117028613755,ppv,60.53128948367137,False,True,False,False,,Banks,Private Sector Bank,91.32443531827515,True,True
KLL.NS,2026-09-16,24.200000762939453,23.90416653951009,23.64999993642171,25.396000022888185,34.11066668192546,37.07000005722046,23.848199724938723,21.0,72.3499984741211,False,False,False,False,False,False,False,True,True,-65.55160033745273,noise,60.4982206405694,False,False,False,False,,Retailing,E-Retail/ E-Commerce,2.3100616016427105,False,False
KAUSHALYA.NS,2026-09-16,832.5499877929688,854.3666687011719,889.2527787950304,907.125,879.2159989420572,878.022248840332,849.0632222291406,750.0,1435.949951171875,False,True,False,True,False,False,False,False,False,-38.352462954981945,dry,11.668087779921912,False,False,False,False,,Leisure Services,Hotels & Resorts,18.737166324435318,False,False
KSCL.NS,2026-09-17,703.3499755859375,720.9958241780599,758.3611060248481,782.1449963378906,844.6523307291667,864.6322479248047,716.573937048125,685.4000244140625,1218.7102069676118,False,False,False,False,False,False,False,False,False,-40.81868619244455,noise,51.0908052649572,False,False,False,False,,Agricultural Food & other Products,Other Agricultural Products,16.27310061601643,False,False
KAVDEFENCE.NS,2026-09-16,73.43000030517578,65.9166669845581,60.31250021192763,59.988400268554685,62.293600209554036,64.53830015182496,68.44382525143742,51.5099983215332,162.8699951171875,True,False,False,False,True,True,False,True,False,-25.086714119603105,red,482.07299370347965,False,True,False,False,,Aerospace & Defense,Aerospace & Defense,34.24024640657084,False,False
KCEIL.NS,2026-09-16,76.0,78.125,81.61944431728787,84.06,102.25733332316081,112.16374996185303,77.43217632433974,74.0,260.29998779296875,False,False,False,False,False,False,False,False,False,-62.69938650306748,green,186.52561247216036,False,False,False,False,,Construction,Civil Construction,3.028747433264887,False,False
KAYA.NS,2026-09-16,309.3500061035156,336.4125010172526,318.8975016276042,300.1094009399414,280.3987999471029,303.2163500213623,331.9487937983881,224.00999450683594,487.8999938964844,True,False,False,False,True,True,False,False,False,-23.73967440944743,noise,24.21869070075369,False,False,False,False,,Leisure Services,Wellness,36.75564681724846,False,False
KAYNES.NS,2026-09-17,3520.0,3525.0833333333335,3710.33056640625,3599.90201171875,3614.1820052083335,3684.9195056152344,3521.1120396463643,2995.0,7705.0,False,False,False,False,False,False,False,False,False,-51.49844987943506,green,104.08791944181628,False,False,False,False,,Industrial Manufacturing,Industrial Products,7.648870636550307,False,False
KCK.NS,2026-09-16,14.800000190734863,14.899999936421713,15.74722213215298,15.805999908447266,16.079999993642172,18.67149999141693,14.852263842226407,11.600000381469727,46.900001525878906,False,False,False,False,False,False,False,False,False,-62.436549194004854,noise,39.8337374437132,False,True,False,False,,Agricultural Food & other Products,Other Agricultural Products,3.234086242299795,False,False
KCPSUGIND.NS,2026-09-16,28.779998779296875,31.44490671157837,31.578609201643204,29.332281036376955,25.622039222717284,25.456846513748168,30.9840543111768,21.37572816515976,36.34372093196732,True,True,True,True,False,True,True,False,False,-10.59069247765272,noise,39.6717269840624,False,False,False,False,,Agricultural Food & other Products,Sugar,52.823408624229984,False,False
KDGREEN.NS,2026-09-17,,,,,,,,,,False,False,False,False,False,False,False,False,False,,noise,,False,False,False,False,,Consumer Durables,"Gems, Jewellery And Watches",,False,False
KDDL.NS,2026-09-16,3819.0,3883.1556599934897,3794.733683268229,3622.6042333984374,2906.421853841146,2763.709870605469,3868.323686321561,1986.0118447969367,4147.172141618966,True,True,True,True,True,True,True,False,False,64.00982467942191,noise,64.005863743767,False,False,False,False,,Consumer Durables,"Gems, Jewellery And Watches",92.1971252566735,True,True
KEC.NS,2026-09-18,404.25,404.34583282470703,429.34735616048175,442.8663848876953,503.9293251546224,546.5820439147949,405.49462632090894,389.1499938964844,927.0025895267679,False,False,False,False,False,False,False,False,False,-53.200369946490035,green,121.13299105124165,False,False,False,False,,Construction,Civil Construction,6.878850102669405,False,False
KEI.NS,2026-09-17,4560.0,4731.666666666667,5271.79443359375,5189.0019921875,5002.39734375,4817.999354248047,4700.4085938549315,3724.290243524651,5899.0,False,True,True,True,False,False,True,False,False,10.2167612354916,noise,42.68248156390166,False,False,False,False,,Industrial Products,Cables - Electricals,73.35728952772074,True,False
KELLTONTEC.NS,2026-09-18,13.609999656677246,13.683333237965902,13.869722180896336,14.064599990844727,15.415400009155274,15.908049988746644,13.672418053223694,13.0,27.25,False,False,False,False,False,False,False,False,False,-49.4803289277168,noise,33.85117835605892,False,False,False,False,,IT - Services,IT Enabled Services,8.726899383983573,False,False
KENNAMET.NS,2026-09-18,,,,,,,,,,False,False,False,False,False,False,False,False,False,,noise,53.315035927687035,False,True,False,False,,Industrial Manufacturing,Industrial Products,,False,False
KERNEX.NS,2026-09-18,1732.5,1723.125,1943.5833401150173,2012.44400390625,1633.5309997558593,1520.0492504882814,1721.3287353191122,850.0,2580.0,True,True,True,True,False,True,False,True,False,55.81436837479834,noise,31.367663382774186,False,False,False,False,,Transport Services,Transport Related Services,90.65708418891171,True,False
KESORAMIND.NS,2026-09-18,11.9399995803833,11.65916665395101,11.878611167271933,11.720000038146972,10.895133352279663,10.648950002193452,11.886494486165546,4.550000190734863,14.260000228881836,True,True,True,True,True,True,True,True,False,108.37695533400611,noise,97.74795054366177,False,False,False,False,,Cement & Cement Products,Cement & Cement Products,96.71457905544148,True,True
KKCL.NS,2026-09-16,485.54998779296875,501.9291636149089,511.6347206963433,508.6139978027344,482.8907275390625,481.85495819091796,499.2000998006522,406.5753271266498,590.1599224193676,True,True,False,True,False,False,True,False,False,-7.1801122717671255,noise,70.56059173572105,False,True,False,False,,Textiles & Apparels,Garments & Apparels,57.80287474332649,False,False
KEYFINSERV.NS,2026-09-16,246.25,248.37083307902017,254.48027928670248,256.64040100097657,265.1914679972331,273.28310111999514,247.29106007429488,220.0,382.1000061035156,False,False,False,False,False,False,False,False,False,-1.1682706731646286,noise,66.44983037806456,False,True,False,False,,Capital Markets,Stockbroking & Allied,63.44969199178645,False,False
RUSTOMJEE.NS,2026-09-16,338.3500061035156,358.8250020345052,374.13611094156903,385.0379998779297,398.57266703287763,427.65375076293947,352.12801649674225,331.8999938964844,634.0,False,False,False,False,False,False,False,False,False,-44.45082586351573,dry,14.537023068095085,False,False,False,True,,Realty,"Residential, Commercial Projects",12.06365503080082,False,False
KFINTECH.NS,2026-09-16,889.0,912.625,937.5236121283638,925.1141040039063,902.5191573079427,935.8139825439453,907.3623709974695,774.4636355142945,1198.7685004367224,False,False,False,False,False,False,False,False,False,-18.10986364702546,noise,34.69017568438606,False,False,False,False,,Capital Markets,"Depositories, Clearing Houses and Other Intermediaries",43.78850102669404,False,False
KHADIM.NS,2026-09-16,120.97000122070312,118.8775011698405,105.28027788798015,103.28659957885742,105.98399988810222,122.62204990386962,119.00084215787692,77.47000122070312,295.79998779296875,False,False,False,False,True,True,False,True,False,-48.12607083886372,red,242.22251063082595,False,False,False,False,,Consumer Durables,Footwear,9.44558521560575,False,False
KHAITANLTD.NS,2026-09-16,149.3699951171875,157.4941660563151,149.03500048319498,143.55420028686524,126.24259999593099,119.40375003814697,156.81242954785353,85.0,178.0,True,True,True,True,True,True,True,False,False,24.433517142589658,noise,51.88550906023834,False,False,False,False,,Consumer Durables,Consumer Electronics,81.62217659137578,True,True
KHAICHEM.NS,2026-09-16,50.470001220703125,53.45333353678385,53.134166929456924,52.1394132232666,54.38599868774414,59.22977336883545,52.79793310257939,42.878665105215774,135.66922317556129,False,False,False,False,False,False,False,False,False,-60.889795631687484,noise,74.87148719811971,False,False,False,False,,Fertilizers & Agrochemicals,Fertilizers,3.6447638603696095,False,False
KHANDSE.NS,2026-09-16,17.5,17.65000009536743,17.412777688768173,17.41739994049072,17.242199935913085,18.104999952316284,17.529967153923852,12.199999809265137,26.8799991607666,False,False,False,False,True,True,False,False,False,-27.50621192018654,noise,52.001772787708674,False,True,False,False,,Capital Markets,Stockbroking & Allied,31.16016427104723,False,False
KHFM.NS,2026-09-16,43.0,44.612500508626304,46.61388948228624,47.40600044250488,55.050000228881835,58.35450008392334,44.361550791105266,41.29999923706055,82.94999694824219,False,False,False,False,False,False,False,False,False,-41.6157513793251,noise,22.026431718061673,False,False,False,False,,Commercial Services & Supplies,Diversified Commercial Services,15.24640657084189,False,False
KLBRENG-B.NS,2026-09-17,,,,,,,,,,False,False,False,False,False,False,False,False,False,,noise,,False,False,False,False,,Industrial Manufacturing,Industrial Products,,False,False
KILITCH.NS,2026-09-16,188.82000732421875,182.01666768391928,180.80639012654623,180.67700103759765,169.71416697184245,169.6961254119873,184.39337296969538,117.25,219.5,True,True,False,True,True,True,True,True,False,4.885440203259539,noise,31.799634260929416,False,True,False,False,,Pharmaceuticals & Biotechnology,Pharmaceuticals,68.37782340862422,False,False
KINGFA.NS,2026-09-17,5855.5,6010.291666666667,5813.430555555556,5608.42,5029.8906656901045,4819.359508056641,5978.532254808249,3649.89990234375,6347.0,True,True,True,True,True,True,True,False,False,30.656459130797064,noise,58.70059850620765,False,True,False,False,,Industrial Products,Plastic Products - Industrial,83.77823408624229,True,True
KIOCL.NS,2026-09-16,326.8500061035156,366.8208312988281,378.71805402967664,375.6849981689453,373.441332804362,370.534499206543,358.05709798538226,290.6499938964844,634.5499877929688,False,True,False,True,False,False,False,False,False,-28.9070133543196,red,102.54874957133488,False,False,False,False,,Ferrous Metals,Sponge Iron,28.952772073921974,False,False
KIRANVYPAR.NS,2026-09-17,,,,,,,,,,False,False,False,False,False,False,False,False,False,,noise,,False,False,False,False,,Finance,Non Banking Financial Company (NBFC),,False,False
KIRIINDUS.NS,2026-09-17,535.4500122070312,546.1041615804037,481.9805560641819,459.7949993896484,421.5676668294271,451.6702497863769,532.573707327037,333.79998779296875,779.0,True,False,False,True,True,True,False,True,False,-14.066757633312987,noise,61.378933911919475,False,False,False,False,,Chemicals & Petrochemicals,Dyes And Pigments,48.35728952772074,False,False
KIRLOSBROS.NS,2026-09-18,1811.4000244140625,1814.7750040690105,1881.0305514865452,1880.5083081054688,1740.6786962890626,1702.3477960205078,1801.0278181780598,1329.942047366491,2180.905610301624,True,True,True,True,False,True,True,True,False,-12.67882200648316,noise,77.2414104512812,False,False,False,False,,Industrial Products,"Compressors, Pumps & Diesel Engines",50.10266940451745,False,False
KECL.NS,2026-09-16,120.0199966430664,124.35083262125652,133.8949991861979,130.2277996826172,114.22746688842773,109.43795017242432,123.7811342106376,75.47000122070312,155.0,True,True,True,True,False,True,True,False,False,-0.9163713659047779,noise,33.74997266063667,False,False,False,False,,Electrical Equipment,Other Electrical Equipment,63.706365503080086,False,False
KIRLFER.NS,2026-09-17,,,,,,,,,,False,False,False,False,False,False,False,False,False,,noise,55.302296177494384,False,False,False,False,,Ferrous Metals,Pig Iron,,False,False
KIRLPNU.NS,2026-09-16,695.2000122070312,731.9708404541016,736.1819474962023,764.7220007324219,726.1865506998698,678.0687446594238,722.1901919206022,491.2850813456647,1093.5391904117103,False,True,True,True,False,True,False,False,False,11.203690622904894,noise,49.92437559478638,False,False,False,False,,Industrial Products,"Compressors, Pumps & Diesel Engines",74.02464065708418,True,False
KIRLOSIND.NS,2026-09-16,3770.199951171875,3730.0000203450522,3754.8644273546006,3792.74490234375,3382.507013346354,3330.5815112304685,3751.4641945115372,2454.5104273251077,4559.03089925217,True,True,False,True,False,True,True,True,False,-2.2620549036663995,noise,71.27674808435842,False,False,False,False,,Industrial Products,Iron & Steel Products,62.32032854209446,False,False
KIRLOSENG.NS,2026-09-17,2120.60009765625,2170.566680908203,2142.097215440538,2181.0674658203125,1867.168515625,1696.0231237792968,2133.0923943415396,862.2056409078928,2714.2611782271474,True,True,True,True,False,True,True,False,False,128.61099060780447,ppv,150.46087834513997,False,False,False,False,,Industrial Products,"Compressors, Pumps & Diesel Engines",97.48459958932239,True,False
KITEX.NS,2026-09-16,118.58000183105469,124.93833351135254,132.19694476657443,137.1452001953125,156.0674668375651,162.51575004577637,123.86374174008226,116.9000015258789,232.6999969482422,False,False,False,False,False,False,False,False,False,-38.5977605482545,noise,88.2951292557661,False,False,False,True,,Textiles & Apparels,Garments & Apparels,18.531827515400412,False,False
KKVAPOW.NS,2026-09-16,364.0,365.53333282470703,413.30277760823566,441.0709973144531,554.7989978027343,574.5289990234374,366.81277384080306,350.3999938964844,693.0,False,False,False,False,False,False,False,False,False,-41.666666666666664,dry,0.0,False,False,False,False,,Consumer Durables,"Gems, Jewellery And Watches",15.092402464065707,False,False
KMSUGAR.NS,2026-09-17,28.440000534057617,30.143333276112873,30.15749994913737,29.62239990234375,27.848666661580403,27.414099979400635,29.764001285586083,23.299999237060547,36.5,True,True,True,True,False,False,True,False,False,0.03517491654763116,noise,31.055778760119633,False,True,False,False,,Agricultural Food & other Products,Sugar,64.78439425051334,False,False
KMCSHIL.NS,2026-09-17,,,,,,,,,,False,False,False,False,False,False,False,False,False,,ppv,,False,False,True,False,,Healthcare Services,Hospital,,False,False
KNAGRI.NS,2026-09-16,180.25,200.88916778564453,208.3613895840115,207.44800048828125,197.20233408610025,195.01935050964354,196.72716444416835,148.3000030517578,244.0,False,True,False,True,False,False,False,False,False,-17.27856583344852,noise,58.506203276296,False,False,False,False,,Agricultural Food & other Products,Edible Oil,44.6611909650924,False,False
KNACK.NS,2026-09-17,,,,,,,,,,False,False,False,False,False,False,False,False,False,,noise,33.546285748789224,False,False,False,False,,Industrial Products,Packaging,,False,False
KMEW.NS,2026-09-17,2828.10009765625,2913.9916788736978,2764.427781846788,2674.0680029296873,2129.659328613281,2033.208745727539,2849.251024002651,1084.5999755859375,3175.0,True,True,True,True,True,True,True,False,False,132.3542735841213,noise,60.30322844099102,False,False,False,False,,Engineering Services,Dredging,97.79260780287474,True,True
KNRCON.NS,2026-09-18,124.80000305175781,122.25157101949056,126.60382419162326,125.65797317504882,126.83744496663411,132.45996490478515,123.09791605800757,108.43384507627295,219.5623057369921,False,False,False,False,False,False,False,True,False,-38.725603233688275,green,219.17795800187415,False,False,False,False,,Construction,Civil Construction,18.37782340862423,False,False
KODYTECH.NS,2026-09-16,1420.0,1501.4791564941406,1437.2666592068142,1378.7889916992187,1020.8076631673177,988.7399975585937,1469.2991675648077,556.0499877929688,1596.0,True,True,True,True,True,True,True,False,False,97.96459280156138,noise,36.378015025701856,False,False,False,False,,IT - Software,Computers - Software & Consulting,96.14989733059548,True,True
KOHINOOR.NS,2026-09-18,30.549999237060547,31.350833574930828,29.421111212836372,27.790000076293946,25.75860004425049,25.866000032424928,31.073872398723655,19.200000762939453,38.470001220703125,True,False,True,True,True,True,True,False,False,-10.541733903262852,noise,30.643341273435215,False,False,False,False,,Agricultural Food & other Products,Other Agricultural Products,52.977412731006154,False,False
KOKUYOCMLN.NS,2026-09-18,77.79000091552734,78.36750094095866,81.26527828640408,82.35099044799804,84.09721008300781,85.03682140350342,78.12483697752342,70.79813775620397,116.42581593665247,False,False,False,False,False,False,False,False,False,-31.514399513055334,noise,47.09357451692245,False,True,False,False,,Household Products,Stationary,25.61601642710472,False,False
KOLTEPATIL.NS,2026-09-16,429.04998779296875,439.2874984741211,443.7513902452257,426.81200134277344,380.9493341064453,380.04700073242185,437.42333469658627,292.25,554.5999755859375,True,True,True,True,True,True,True,False,False,-7.7411033103878975,dry,12.043887889264235,False,False,False,False,,Realty,"Residential, Commercial Projects",57.186858316221766,False,False
KONSTELEC.NS,2026-09-16,60.400001525878906,62.78333346048991,61.38055568271213,61.098000030517575,47.601000022888186,47.259000005722044,61.97686423848686,28.0,75.6500015258789,True,True,False,True,False,True,True,False,False,0.6666692097981874,dry,2.880184331797235,False,False,False,False,,Construction,Civil Construction,65.29774127310061,False,False
KONTOR.NS,2026-09-16,54.75,53.462499936421715,56.74722226460775,57.66299980163574,65.53666651407877,65.29699995040893,53.774241703220966,49.29999923706055,87.0,False,True,False,False,False,False,False,True,False,-24.63868017883343,dry,0.0,False,False,False,False,,Commercial Services & Supplies,Diversified Commercial Services,34.95893223819302,False,False
KOPRAN.NS,2026-09-17,268.5899963378906,240.75249608357748,208.36421076456705,205.4547802734375,171.70824422200522,163.06945735931396,244.05323109498937,105.19368133041839,274.7799987792969,True,True,True,True,True,True,True,True,False,54.815001923499416,ppv,335.3324390687484,True,True,True,False,,Pharmaceuticals & Biotechnology,Pharmaceuticals,90.55441478439425,True,True
KDL.NS,2026-09-16,87.5999984741211,90.06249872843425,95.98611068725586,101.45999969482422,122.51266637166341,133.13874965667725,90.28099609010977,84.05000305175781,250.0,False,False,False,False,False,False,False,False,False,-61.763423771128025,noise,40.13171434451534,False,False,False,False,,Telecom - Services,Telecom - Infrastructure,3.3880903490759757,False,False
KOTAKBANK.NS,2026-09-17,416.5,418.3624979654948,406.209721883138,399.68163024902344,391.1133172607422,399.7875537109375,416.2714208262321,344.9045390549985,452.4189269358333,True,False,False,False,True,False,True,True,False,1.7458584097080454,noise,94.58285624721013,False,False,False,False,,Banks,Private Sector Bank,66.06776180698152,False,False
KOTIC.NS,2026-09-18,,,,,,,,,,False,False,False,False,False,False,False,False,False,,noise,,False,False,False,False,,Consumer Durables,Leather And Leather Products,,False,False
KOTHARIPET.NS,2026-09-16,133.02999877929688,135.1966667175293,138.1469438340929,136.13460021972656,126.64792327880859,125.74626750946045,136.0585642125314,94.07677144197076,161.84184493471471,True,True,False,True,False,True,True,False,False,-15.692187781042033,noise,61.575029299869044,False,True,False,False,,Chemicals & Petrochemicals,Petrochemicals,46.663244353182755,False,False
KOTHARIPRO.NS,2026-09-16,64.13999938964844,66.3091672261556,67.57666651407878,67.79619979858398,68.82873318990072,69.5213498878479,65.88097642219758,58.0,109.0,False,False,False,False,False,False,False,False,False,-16.48437911334121,red,103.91803852571184,False,False,False,False,,Commercial Services & Supplies,Trading & Distributors,45.48254620123203,False,False
KOTARISUG.NS,2026-09-16,27.190000534057617,29.609999974568684,28.733611212836372,27.756200103759767,26.242000058492025,26.368400039672853,28.971676925341917,22.5,39.939998626708984,True,False,False,True,False,False,False,False,False,-15.846489079588322,dry,13.179414302399902,False,False,False,False,,Agricultural Food & other Products,Sugar,46.303901437371664,False,False
KOTYARK.NS,2026-09-16,32.15999984741211,32.196666399637856,35.38337728712294,34.94093914031983,34.27312212626139,30.83460750579834,32.49138036357304,17.197409995355258,45.01727806166758,False,True,True,True,False,True,False,False,False,16.07542289033972,noise,87.09154657289805,False,False,False,False,,Petroleum Products,Refineries & Marketing,77.56673511293634,True,False
KOVAI.NS,2026-09-16,,,,,,,,,,False,False,False,False,False,False,False,False,False,,noise,80.88347174283861,False,False,False,False,,Healthcare Services,Hospital,,False,False
KPIGREEN.NS,2026-09-16,276.3500061035156,292.7708333333333,324.7138900756836,345.8010015869141,387.96333475748696,398.50109008789065,288.55544413950446,271.8999938964844,541.6977805031639,False,False,False,False,False,False,False,False,False,-43.14423514133266,noise,65.17993903092247,False,False,False,True,,Power,Power Generation,13.60369609856263,False,False
KPITTECH.NS,2026-09-18,532.0,558.6708323160807,588.4055938720703,582.6464929199219,671.6656205240886,783.4789965820313,556.7063748509246,532.0,1313.886868193049,False,False,False,False,False,False,False,False,False,-58.68184459843171,red,127.61895564955088,False,False,False,True,,IT - Software,Computers - Software & Consulting,4.363449691991787,False,False
KRBL.NS,2026-09-16,394.8500061035156,420.5583318074544,398.9347203572591,387.1309973144531,360.8086659749349,364.15474884033205,415.26586430322544,274.6499938964844,452.79998779296875,True,False,False,True,True,True,True,False,False,-10.312563621439985,noise,56.87598008494729,False,False,False,False,,Agricultural Food & other Products,Other Agricultural Products,53.285420944558524,False,False
KREBSBIO.NS,2026-09-18,57.310001373291016,57.19666735331217,55.71250036027696,55.25700019836426,57.54180013020834,59.38780014038086,57.21341880091898,38.33000183105469,82.48999786376953,False,False,False,False,True,True,False,True,False,-23.310586379127084,ppv,491.1931874514413,False,False,False,False,,Pharmaceuticals & Biotechnology,Pharmaceuticals,37.37166324435318,False,False
KRIDHANINF.NS,2026-09-16,1.8899999856948853,1.9899999996026356,2.1366666522290974,2.261599986553192,2.645866657892863,2.9834999895095824,1.9759416233957068,1.809999942779541,4.78000020980835,False,False,False,False,False,False,False,False,False,-51.66240551901803,red,127.48798414190942,False,False,False,True,,Construction,Civil Construction,7.546201232032853,False,False
KRISHANA.NS,2026-09-16,183.6699981689453,183.52333196004233,186.48138851589627,175.34059936523437,139.30961720784506,129.7109154510498,182.92432410136246,86.13667447448749,206.38999938964844,True,True,True,True,True,True,True,True,False,65.24770103900701,noise,99.68589750799607,False,False,False,False,,Fertilizers & Agrochemicals,Fertilizers,92.35112936344969,True,True
KRISHCA.NS,2026-09-16,158.9499969482422,159.2874984741211,163.2472212049696,164.8309991455078,171.80499979654948,175.6624998474121,159.24947334425906,138.0,225.0500030517578,False,False,False,False,False,False,False,False,False,-26.632817250764063,red,114.6788990825688,False,False,False,False,,Industrial Products,Iron & Steel Products,32.186858316221766,False,False
KRISHIVAL.NS,2026-09-16,419.3999938964844,415.8625005086263,402.10833231608075,400.41499877929687,370.53333353678386,372.2880221557617,416.22325562816013,282.29998779296875,508.0,True,False,False,True,True,True,True,True,False,-8.332706894427622,noise,21.614301551370477,False,False,False,False,,Food Products,Other Food Products,55.903490759753595,False,False
KRISHNADEF.NS,2026-09-16,1002.4000244140625,1038.8916727701824,1092.330557929145,1150.2640051269532,1112.1911820475261,1046.1376135253906,1043.4523456411805,664.3519847169132,1398.6358552528313,False,True,True,True,False,True,False,False,False,22.34822334836304,noise,92.12941741789619,False,False,False,False,,Aerospace & Defense,Aerospace & Defense,80.74948665297741,True,False
KIMS.NS,2026-09-17,791.8499755859375,767.6874949137369,784.1888868543837,788.1379992675782,744.7030008951823,717.0277499389648,771.7407472071934,575.7999877929688,858.0,True,True,True,True,True,True,True,True,False,6.581864536705839,ppv,196.8837534479022,False,False,False,False,,Healthcare Services,Hospital,70.12320328542094,True,True
KRITI.NS,2026-09-16,61.90999984741211,61.40666707356771,65.29916636149089,65.89719970703125,73.18226651509603,75.47734983444214,61.936169300796024,53.0,155.89999389648438,False,False,False,False,False,False,False,False,False,-53.70869051551179,noise,53.54148137331688,False,True,False,False,,Industrial Products,Plastic Products - Industrial,6.622176591375769,False,False
KRITINUT.NS,2026-09-18,81.33999633789062,82.24499956766765,83.9247220357259,81.9179997253418,80.26413322448731,78.1762999534607,81.90900291441606,51.36000061035156,102.98999786376953,True,True,False,True,False,True,True,False,False,-15.49091289569805,noise,35.966767548113445,False,False,False,False,,Agricultural Food & other Products,Edible Oil,47.125256673511295,False,False
KRITIKA.NS,2026-09-16,5.170000076293945,5.341666618982951,5.530555526415507,5.552199974060058,5.861133314768473,6.174199984073639,5.328234041228418,4.5,9.550000190734863,False,False,False,False,False,False,False,False,False,-43.865363139193484,noise,79.89595438622435,False,False,False,False,,Industrial Products,Iron & Steel Products,12.93634496919918,False,False
KRN.NS,2026-09-18,1446.199951171875,1544.2166646321614,1452.6361083984375,1392.6239990234376,1192.0243322753906,1071.9907485961915,1504.2787133623774,589.7999877929688,1687.0,True,True,True,True,True,True,True,False,False,65.89618023193289,green,127.65203085115073,False,False,False,False,,Industrial Products,Other Industrial Products,92.5564681724846,True,True
KRONOX.NS,2026-09-17,173.57000732421875,177.22948201497397,171.84775712754993,166.030361328125,142.42555918375652,140.2128690338135,175.1034770016728,95.7256701769065,222.78155283479555,True,True,True,True,True,True,True,False,False,-0.9460949581629907,dry,10.061275286313357,False,False,False,False,,Chemicals & Petrochemicals,Specialty Chemicals,63.60369609856262,False,False
KROSS.NS,2026-09-18,239.19000244140625,225.72000122070312,212.9916674296061,208.43980102539064,195.33220041910806,194.93175033569335,229.8770842396359,150.52000427246094,248.77000427246094,True,True,True,True,True,True,True,True,False,4.281295519582495,red,105.63154643980646,False,False,False,False,,Auto Components,Auto Components & Equipments,67.86447638603697,False,False
KRSNAA.NS,2026-09-18,541.1500244140625,548.7023518880209,553.4398939344618,549.8989184570313,568.0584334309896,605.50025390625,545.4473799240601,513.0963124934381,891.0938798130117,False,False,False,False,False,False,False,False,False,-36.3536679903644,noise,92.89680362198821,False,True,False,False,,Healthcare Services,Healthcare Service Provider,20.58521560574949,False,False
KRYSTAL.NS,2026-09-16,655.5999755859375,641.2352294921875,627.660898844401,619.6469641113281,596.817920328776,587.337995300293,634.0854920128114,498.79895915662905,694.3280976884497,True,True,True,True,True,True,True,True,False,2.3164621928177143,ppv,440.57266982821614,True,False,False,False,,Commercial Services & Supplies,Diversified Commercial Services,66.4271047227926,False,False
KSB.NS,2026-09-16,764.8499755859375,804.6458333333334,807.6597188313802,834.3069970703125,839.8087744140626,812.7213949584961,796.4704206685057,663.373535570316,1023.2461180887996,False,True,True,False,False,False,False,False,False,-10.17557023626603,noise,95.10046557377915,False,False,False,False,,Industrial Products,"Compressors, Pumps & Diesel Engines",53.59342915811089,False,False
KSE.NS,2026-09-16,,,,,,,,,,False,False,False,False,False,False,False,False,False,,noise,,False,False,False,False,,Food Products,Animal Feed,,False,False
KSHINTL.NS,2026-09-17,,,,,,,,,,False,False,False,False,False,False,False,False,False,,red,110.84880379574788,False,False,False,False,,Industrial Products,Cables - Electricals,,False,False
KSHITIJPOL.NS,2026-09-16,3.8299999237060547,3.39166667064031,3.0816666550106473,3.0085999822616576,3.4121333281199138,3.1503499960899353,3.4827276001828125,1.8799999952316284,7.199999809265137,True,True,False,False,True,True,False,True,False,23.15112710278868,green,134.5557985278625,False,False,False,False,,Chemicals & Petrochemicals,Printing Inks,81.05749486652978,True,False
KSOLVES.NS,2026-09-16,255.75,265.6625035603841,272.31666564941406,277.0142492675781,284.72893157958987,282.74038078308104,261.60956522403876,242.4667784709831,349.2606854148325,False,True,False,False,False,False,False,False,False,-18.293491200411825,noise,39.74040784518628,False,False,False,False,,IT - Software,Computers - Software & Consulting,43.42915811088296,False,False
KSR.NS,2026-09-17,,,,,,,,,,False,False,False,False,False,False,False,False,False,,red,149.47430101859652,False,False,False,False,,Commercial Services & Supplies,Trading & Distributors,,False,False
KUANTUM.NS,2026-09-16,75.69000244140625,74.84500058492024,76.0945184495714,75.61089004516602,76.64524765014649,79.58266242980957,75.47027824715352,62.94488260004328,117.4370813714317,False,False,False,False,True,False,False,True,False,-30.911826093048454,noise,34.235301817448125,False,True,False,False,,"Paper, Forest & Jute Products",Paper & Paper Products,26.540041067761805,False,False
KUSUMGAR.NS,2026-09-18,,,,,,,,,,False,False,False,False,False,False,False,False,False,,ppv,,False,False,False,False,,Textiles & Apparels,Other Textile Products,,False,False
KPL.NS,2026-09-17,,,,,,,,,,False,False,False,False,False,False,False,False,False,,noise,,False,False,False,False,,Pharmaceuticals & Biotechnology,Pharmaceuticals,,False,False
KWIL.NS,2026-09-18,,,,,,,,,,False,False,False,False,False,False,False,False,False,,noise,49.48529833767246,False,False,False,False,,Food Products,Dairy Products,,False,False
LGBBROSLTD.NS,2026-09-16,1706.699951171875,1713.9333190917969,1625.4394938151042,1600.0726489257813,1646.2273160807292,1684.8539624023438,1706.746470882324,1296.8551263586494,2019.894362671753,True,False,False,False,True,True,True,False,False,26.902877943367677,green,152.6373653949304,False,False,False,False,,Auto Components,Auto Components & Equipments,82.54620123203286,True,False
LTFOODS.NS,2026-09-18,423.20001220703125,438.9375,431.31666480170355,417.04599914550784,404.36033223470054,399.2276998901367,432.93913145639317,332.25635910144365,490.70001220703125,True,True,True,True,True,False,True,False,False,-7.9635571361368225,noise,30.149322946685537,False,False,False,False,,Agricultural Food & other Products,Other Agricultural Products,56.62217659137577,False,False
LTF.NS,2026-09-16,295.5,308.812494913737,313.3499976264106,312.88299743652345,290.93734853108725,292.1813475799561,306.48709054128346,232.5061628263369,338.6000061035156,True,False,False,True,False,False,True,False,False,23.86109619814718,noise,35.07782654290063,False,False,False,False,,Finance,Non Banking Financial Company (NBFC),81.41683778234086,True,False
LTTS.NS,2026-09-18,3347.5,3394.2249755859375,3508.3249782986113,3480.74798828125,3404.1898291015623,3600.7251721191406,3380.611936598255,2976.4372238818078,4673.3032272251885,False,False,False,False,False,False,False,False,False,-20.710979069659054,noise,68.27790535444748,False,False,False,False,,IT - Services,IT Enabled Services,40.40041067761807,False,False
LAOPALA.NS,2026-09-16,156.00999450683594,166.40499877929688,176.10522333780924,177.32073944091798,177.3788928222656,182.05311744689942,163.6733053448949,155.0,252.7650542172862,False,False,False,False,False,False,False,False,False,-35.173359746868314,noise,93.00057667068788,False,False,False,True,,Consumer Durables,Glass - Consumer,21.66324435318275,False,False
LADDERUP.NS,2026-09-17,,,,,,,,,,False,False,False,False,False,False,False,False,False,,noise,,False,True,False,False,,Finance,Non Banking Financial Company (NBFC),,False,False
LAGNAM.NS,2026-09-16,71.30000305175781,73.9633337656657,78.83805592854817,80.59199981689453,77.18766662597656,75.71334995269775,73.32558577820436,58.599998474121094,96.9800033569336,False,True,False,True,False,False,False,False,False,-15.551340999596164,dry,7.557169952011583,False,False,False,False,,Textiles & Apparels,Other Textile Products,46.97125256673511,False,False
LAHOTIOV.NS,2026-09-17,,,,,,,,,,False,False,False,False,False,False,False,False,False,,noise,,False,True,False,False,,Commercial Services & Supplies,Trading & Distributors,,False,False
LFIC.NS,2026-09-16,131.3000030517578,138.13000106811523,139.11472193400064,140.13399993896485,138.74666702270508,144.51630020141602,137.9842642669358,111.0,224.85000610351562,False,False,False,False,False,False,False,False,False,-36.866805544560385,red,178.31478220834086,False,False,False,False,,Finance,Investment Company,20.2258726899384,False,False
LAKSHMIMIL.NS,2026-09-16,,,,,,,,,,False,False,False,False,False,False,False,False,False,,noise,,False,False,False,False,,Textiles & Apparels,Other Textile Products,,False,False
LALITHAA.NS,2026-09-18,,,,,,,,,,False,False,False,False,False,False,False,False,False,,noise,,False,False,False,False,,Consumer Durables,"Gems, Jewellery And Watches",,False,False
LAMBODHARA.NS,2026-09-16,117.76000213623047,134.87083371480307,124.04083357916937,121.03860015869141,110.47646657307942,112.33769985198974,131.72244818077337,81.80000305175781,162.0,True,False,False,True,False,True,False,False,False,-22.61794729671357,red,217.64383736166124,False,False,False,False,,Textiles & Apparels,Other Textile Products,38.398357289527716,False,False
LANCER.NS,2026-09-16,,,,,,,,,,False,False,False,False,False,False,False,False,False,,noise,,False,False,False,False,,Transport Services,Logistics Solution Provider,,False,False
LANCORHOL.NS,2026-09-17,35.20000076293945,36.73583380381266,31.464166800181072,29.87700008392334,25.947800000508625,25.912949991226196,35.94461002248666,18.1200008392334,41.75,True,True,False,True,True,True,True,False,False,56.37495951861939,noise,20.031544828267677,False,False,False,False,,Realty,"Residential, Commercial Projects",90.86242299794661,True,False
LANDMARK.NS,2026-09-16,475.1000061035156,492.52830505371094,516.7033649020725,509.18338500976563,437.6608660888672,442.79548828125,487.84070957106627,338.4315015855853,660.713959223187,True,False,False,True,False,True,False,False,False,-25.286093146203946,ppv,9.448399907548524,False,False,False,False,,Automobiles,Auto Dealer,33.932238193018485,False,False
LPDC.NS,2026-09-16,6.119999885559082,6.431666652361552,6.6702777942021685,6.574200000762939,6.627666664123535,6.69514999628067,6.338757627934486,5.230000019073486,9.460000038146973,False,False,False,False,False,False,False,False,False,-20.62256997044104,dry,14.488482883944798,False,False,False,False,,Realty,Real Estate related services,40.6570841889117,False,False
LANDSMILL.NS,2026-09-18,0.5600000023841858,0.5808333307504654,0.6933333327372869,0.7151999986171722,0.8790666619936626,0.9805999982357025,0.5808743938410519,0.550000011920929,1.7400000095367432,False,False,False,False,False,False,False,False,False,-66.46706486377482,noise,63.35907040335197,False,False,False,True,,Commercial Services & Supplies,Trading & Distributors,2.1560574948665296,False,False
LT.NS,2026-09-18,3885.0,3916.9000040690103,4002.4666680230034,3956.557998046875,3950.4960709635416,3955.859686279297,3899.6368081877445,3256.294765660181,4397.052414797838,False,False,False,True,False,False,True,False,False,6.428276003396505,noise,98.1911570922744,False,False,False,False,,Construction,Civil Construction,69.91786447638604,False,False
LASA.NS,2026-09-16,6.199999809265137,6.578333338101705,7.027777751286824,7.071000003814698,7.506666669845581,8.026599991321564,6.508241872469785,5.670000076293945,14.079999923706055,False,False,False,False,False,False,False,False,False,-46.917811239116844,dry,0.0,False,False,False,False,,Pharmaceuticals & Biotechnology,Pharmaceuticals,10.1129363449692,False,False
LASERPOWER.NS,2026-09-17,,,,,,,,,,False,False,False,False,False,False,False,False,False,,noise,,False,True,False,False,,Industrial Products,Cables - Electricals,,False,False
LATENTVIEW.NS,2026-09-17,255.0,258.7416648864746,277.8527776930067,285.4179995727539,298.4379995727539,335.52125007629394,257.52881321206047,248.0,517.5,False,False,False,False,False,False,False,False,False,-38.84892086330935,noise,38.008405654361326,False,True,False,False,,IT - Software,Computers - Software & Consulting,17.967145790554415,False,False
LATTEYS.NS,2026-09-16,20.649999618530273,21.087499777475994,21.16916667090522,20.918399925231935,21.44926664352417,21.73434998035431,21.154762988702903,15.789999961853027,37.0,False,False,False,False,False,True,False,False,False,-1.7602323081622018,noise,35.98592939139073,False,False,False,False,,Industrial Products,"Compressors, Pumps & Diesel Engines",62.782340862423005,False,False
LAURUSLABS.NS,2026-09-18,1954.0,1916.875,1867.3027784559463,1793.49400390625,1406.476114095052,1313.3704565429687,1926.92351613692,821.6033975811163,1982.0,True,True,True,True,True,True,True,True,False,118.978613044214,green,101.23563003770926,False,False,False,False,,Pharmaceuticals & Biotechnology,Pharmaceuticals,97.07392197125256,True,True
LAXMICOT.NS,2026-09-16,13.220000267028809,13.025000095367432,13.705833382076687,14.006400032043457,14.617133356730143,15.278300018310548,13.102496554099142,11.359999656677246,25.479999542236328,False,False,False,False,False,False,False,True,False,-46.45605515968695,green,112.9776939037612,False,False,False,False,,Textiles & Apparels,Other Textile Products,10.369609856262834,False,False
LAXMIDENTL.NS,2026-09-17,198.22999572753906,198.3758316040039,203.15194490220813,207.865,204.85479949951173,214.39964935302734,198.6035497306699,155.8800048828125,377.04998779296875,False,False,False,False,False,False,False,False,False,-45.29322688326132,noise,26.533486729958046,False,False,False,False,,Healthcare Equipment & Supplies,Medical Equipment & Supplies,11.344969199178646,False,False
LGHL.NS,2026-09-16,187.0399932861328,179.87749989827475,186.71833292643228,193.02180023193358,232.17566670735678,245.26825027465821,181.83541438038355,168.0,399.5833435058594,False,False,False,False,False,False,False,True,False,-50.83824642598429,ppv,247.83688949068554,False,False,False,False,,Consumer Durables,"Gems, Jewellery And Watches",7.854209445585216,False,False
LAXMIINDIA.NS,2026-09-17,123.61000061035156,127.38583501180013,129.07583321465387,125.88839981079101,111.58239980061849,112.66994998931885,125.91018034902416,71.05999755859375,180.89999389648438,True,False,False,True,False,True,False,False,False,-24.100454287671923,noise,55.872155980233394,False,True,False,False,,Finance,Non Banking Financial Company (NBFC),36.03696098562628,False,False
LXCHEM.NS,2026-09-18,178.24000549316406,175.12250010172525,174.69583384195963,175.98736999511718,153.10390772501628,154.17810260772706,174.8671629094889,107.41716450845627,222.96049485610936,True,False,False,True,True,True,True,True,True,-19.101318367795262,noise,54.0140110962638,False,True,False,False,,Chemicals & Petrochemicals,Specialty Chemicals,42.50513347022588,False,False
LCCINFOTEC.NS,2026-09-16,3.130000114440918,3.496666669845581,3.7374999986754522,3.9580000162124636,4.4949999888738,4.571250001192093,3.365681113010715,2.880000114440918,5.889999866485596,False,False,False,False,False,False,False,False,False,-31.208791577316475,noise,46.92813572884095,False,False,False,False,,Other Consumer Services,Education,26.232032854209447,False,False
LEMERITE.NS,2026-09-16,19.18000030517578,20.6974999109904,22.220833354526096,21.997400054931642,53.624466768900554,64.16375016212463,20.60423002731479,19.059999465942383,107.56999969482422,False,False,False,False,False,False,False,False,False,-73.9755751704502,noise,56.75207582325883,False,False,False,True,,Textiles & Apparels,Other Textile Products,1.0780287474332648,False,False
IXIGO.NS,2026-09-18,165.64999389648438,163.35249964396158,171.93194325764975,178.88739868164063,176.43079925537108,190.67554908752442,162.6363453651633,151.27000427246094,339.1499938964844,False,False,False,False,False,False,False,True,False,-39.23331247704325,ppv,268.99553215042096,False,False,False,False,,Leisure Services,"Tour, Travel Related Services",17.35112936344969,False,False
LRRPL.NS,2026-09-16,89.0,89.34583346048991,87.42361111111111,88.05000015258788,80.72466659545898,78.74624980926514,89.79466167806139,59.150001525878906,98.9000015258789,True,True,False,True,True,True,True,False,False,11.250000000000004,red,112.35955056179776,False,False,False,False,,Industrial Products,Rubber,74.17864476386036,True,False
LEAPIND.NS,2026-09-18,,,,,,,,,,False,False,False,False,False,False,False,False,False,,noise,,False,False,False,False,,Commercial Services & Supplies,Diversified Commercial Services,,False,False
LEENEE.NS,2026-09-17,,,,,,,,,,False,False,False,False,False,False,False,False,False,,noise,,False,False,False,False,,IT - Services,IT Enabled Services,,False,False
THELEELA.NS,2026-09-17,530.0,546.3250020345052,529.2805582682291,517.6070025634766,461.376001180013,451.23400100708005,538.2537162585594,384.5,582.8499755859375,True,True,True,True,True,True,True,False,False,26.2957244628808,dry,14.826213291773763,False,False,False,False,,Leisure Services,Hotels & Resorts,82.23819301848049,True,True
LEMONTREE.NS,2026-09-18,106.47000122070312,105.05416615804036,107.84555583530002,108.9450001525879,112.11380009969075,120.7752000427246,105.05375676090675,99.61000061035156,177.8000030517578,False,False,False,False,False,False,False,True,False,-38.14558868270017,noise,75.5848227048235,False,False,False,False,,Leisure Services,Hotels & Resorts,18.942505133470224,False,False
LENSKART.NS,2026-09-18,,,,,,,,,,False,False,False,False,False,False,False,False,False,,ppv,291.39691532788703,False,False,True,False,,Retailing,Speciality Retail,,False,False
LEXUS.NS,2026-09-16,13.520000457763672,13.457500139872232,13.940000110202366,14.172400093078613,20.227666657765706,21.76424996852875,13.372901022493304,12.579999923706055,39.25,False,False,False,False,False,False,False,True,False,-53.6192088003693,noise,77.74595433240472,False,True,False,False,,Consumer Durables,"Furniture, Home Furnishing",6.673511293634498,False,False
LGEINDIA.NS,2026-09-18,,,,,,,,,,False,False,False,False,False,False,False,False,False,,ppv,210.35354622892842,False,False,False,False,,Consumer Durables,Household Appliances,,False,False
LIBAS.NS,2026-09-17,12.0,10.78249986966451,10.251944409476387,10.306599998474121,10.968066654205323,10.905799999237061,11.081738839342545,9.020000457763672,14.300000190734863,True,True,False,False,True,True,True,True,False,-7.834104622903126,ppv,365.010572250097,False,False,False,False,,Textiles & Apparels,Garments & Apparels,56.98151950718686,False,False
LIBERTSHOE.NS,2026-09-16,217.94000244140625,230.81499989827475,244.55777740478516,250.58659942626954,250.0027341715495,254.5237508392334,228.36430754653733,210.5,404.95001220703125,False,False,False,False,False,False,False,False,False,-36.4698993742762,noise,37.70907430612599,False,False,False,False,,Consumer Durables,Footwear,20.482546201232033,False,False
LICHSGFIN.NS,2026-09-18,548.1500244140625,553.2125040690104,521.4310684204102,525.627661743164,525.7120434570312,523.6971348571777,548.7011378285076,449.86740023054796,586.4255760885916,True,True,False,False,True,False,True,False,False,-2.2454647424646423,noise,87.570446091588,False,False,False,False,,Finance,Housing Finance Company,62.422997946611915,False,False
LICI.NS,2026-09-18,407.70001220703125,405.87500254313153,409.4736116197374,415.11699951171875,405.90497436523435,407.7155651855469,404.03939148214806,352.4872671490231,457.74492274879265,False,False,False,True,False,False,True,True,False,-6.1711301382129875,noise,63.883418583459985,False,False,False,False,,Insurance,Life Insurance,58.26488706365504,False,False
LIKHITHA.NS,2026-09-16,227.3300018310547,211.0866673787435,215.83027860853406,221.88380126953126,207.58233418782552,200.31565063476563,215.7837885190877,131.4499969482422,272.0,True,True,False,True,True,True,True,True,False,-8.739463564450588,ppv,505.3359397973,False,False,False,False,,Construction,Civil Construction,55.49281314168378,False,False
LINC.NS,2026-09-16,90.37000274658203,94.52917607625325,96.1635627746582,98.58191177368164,100.35879720052084,103.08330093383789,94.49646918018144,83.71015535243087,132.837305765185,False,False,False,False,False,False,False,False,False,-27.814844136740945,red,124.6230302364917,False,False,False,False,,Household Products,Stationary,30.49281314168378,False,False
LINCOLN.NS,2026-09-16,590.7000122070312,618.5914916992188,607.2449222140842,604.1483618164062,617.933544514974,582.870612487793,615.3543416043054,438.75159875466625,767.8152546425441,False,True,True,False,False,True,True,False,False,6.371113833457054,noise,62.520983522482446,False,False,False,False,,Pharmaceuticals & Biotechnology,Pharmaceuticals,69.8665297741273,False,False
LINDEINDIA.NS,2026-09-16,6089.5,6283.458333333333,6602.6813557942705,6694.679296875,6962.020791015625,6712.786579589843,6249.514893862339,5663.395514756716,8035.3727195912315,False,True,True,False,False,False,True,False,False,-6.5804849459646375,noise,50.87772954541231,False,False,False,False,,Chemicals & Petrochemicals,Industrial Gases,58.05954825462012,False,False
LKPSEC.NS,2026-09-17,,,,,,,,,,False,False,False,False,False,False,False,False,False,,noise,,False,False,False,False,,Capital Markets,Stockbroking & Allied,,False,False
LLOYDSENGG.NS,2026-09-17,80.19999694824219,82.01999918619792,87.59235594007704,88.04479949951173,70.2639383951823,65.59508348464966,81.80509392803782,37.297425311917706,99.47641802454628,True,True,True,True,False,True,True,False,False,23.895495211354188,noise,27.422341935807896,False,False,False,False,,Industrial Manufacturing,Industrial Products,81.46817248459959,True,False
LLOYDSENT.NS,2026-09-18,68.83999633789062,69.99916712443034,74.82055579291449,76.12640045166016,67.32176350911459,65.50267990112305,69.30202739640842,40.66239061884169,84.69999694824219,True,True,True,True,False,True,True,False,False,-0.6250174839692701,noise,37.77526854771938,False,False,False,False,,Metals & Minerals Trading,Trading - Metals,63.96303901437371,False,False
LLOYDS.NS,2026-09-16,55.599998474121094,57.71666653951009,62.63750012715658,65.41000030517579,70.07133384704589,69.26400035858154,57.70700213114685,34.79999923706055,98.9000015258789,False,True,False,False,False,True,False,False,False,-40.502942439992296,dry,0.0,False,False,False,False,,Leisure Services,Wellness,16.478439425051334,False,False
LLOYDSME.NS,2026-09-16,1812.300048828125,1807.4333394368489,1899.5944451226128,1894.7759985351563,1665.8167805989583,1562.4599609375,1807.6196301896123,1042.2770517704853,2125.0,True,True,True,True,False,True,True,True,False,38.036328163280174,noise,58.78980310649858,False,False,False,False,,Minerals & Mining,Industrial Minerals,86.55030800821355,True,False
LMW.NS,2026-09-16,17617.0,18315.25,18099.25,17519.55134765625,15719.989537760417,15499.584340820313,18033.983830258272,11893.875786654997,20151.0,True,True,True,True,True,True,True,False,False,23.08766370782336,green,122.80900329862234,False,False,False,False,,Industrial Manufacturing,Industrial Products,81.00616016427105,True,True
LODHA.NS,2026-09-17,1103.0999755859375,1157.9000142415364,1209.3518812391494,1204.5844970703124,1003.2788134765625,1015.2469073486328,1135.0348190152222,648.5216337409466,1340.2415520455131,True,False,False,True,False,True,True,False,False,-8.10432705953107,green,107.12669021918688,False,False,False,False,,Realty,"Residential, Commercial Projects",56.16016427104723,False,False
LCL.NS,2026-09-18,,,,,,,,,,False,False,False,False,False,False,False,False,False,,noise,,False,False,False,False,,Industrial Manufacturing,Industrial Products,,False,False
LOKESHMACH.NS,2026-09-16,348.25,350.76666768391925,338.375001695421,336.82900085449216,271.205200398763,245.3742003631592,345.95192448379566,138.9600067138672,385.79998779296875,True,True,True,True,True,True,True,True,False,78.17856507422782,ppv,148.8183563503566,False,False,False,False,,Industrial Manufacturing,Industrial Products,94.50718685831622,True,True
LORDSCHLO.NS,2026-09-17,132.77999877929688,137.9200007120768,138.83972210354275,140.13779998779296,136.08459981282553,142.36864982604982,135.96457774074943,108.0,233.0,False,False,False,False,False,False,False,False,False,-24.138719245079187,noise,35.714951972594484,False,True,False,False,,Chemicals & Petrochemicals,Commodity Chemicals,35.93429158110883,False,False
LAL.NS,2026-09-16,8.770000457763672,8.938333431879679,8.747777846124437,8.717600049972534,7.889733362197876,8.089600031375886,8.90242056406823,5.559999942779541,12.770000457763672,True,False,False,True,True,True,False,False,False,-24.3313171501085,red,419.39608648540593,False,False,False,False,,Textiles & Apparels,Garments & Apparels,35.47227926078029,False,False
LOTUSCHO.NS,2026-09-17,,,,,,,,,,False,False,False,False,False,False,False,False,False,,noise,,False,False,False,False,,Food Products,Packaged Foods,,False,False
LOTUSEYE.NS,2026-09-16,114.94000244140625,110.5225003560384,114.35944451226129,116.10940002441406,115.23013356526693,116.0671501159668,111.88456028782437,97.58999633789062,147.0,False,False,False,True,False,False,True,True,False,-4.929693142474367,noise,54.64518239782365,False,False,False,False,,Healthcare Services,Hospital,59.445585215605746,False,False
LOVABLE.NS,2026-09-18,69.66999816894531,70.92083422342937,71.9916672176785,72.5938003540039,72.24219991048177,73.66159996032715,70.8467737093773,55.0,104.69999694824219,False,False,False,False,False,False,False,False,False,-28.330419889826242,noise,30.786473443403533,False,True,False,False,,Textiles & Apparels,Garments & Apparels,29.568788501026695,False,False
LOYALTEX.NS,2026-09-16,209.99000549316406,214.3475023905436,214.14916695488824,211.26779998779296,212.3055332438151,213.1865500640869,214.17094395691566,170.0399932861328,333.989990234375,False,False,False,False,False,False,False,False,False,-30.54737845076486,dry,17.12779973649539,False,False,False,False,,Textiles & Apparels,Other Textile Products,27.002053388090346,False,False
LTM.NS,2026-09-17,4265.2998046875,4396.7416585286455,4529.936116536458,4411.634008789062,4262.673370768229,4686.049732666015,4351.03240964172,3528.0,6344.474916122625,False,False,False,False,False,False,False,False,False,-19.980502920943486,noise,49.73122531525059,False,False,False,False,,IT - Software,Computers - Software & Consulting,41.32443531827516,False,False
LUMAXTECH.NS,2026-09-16,1941.800048828125,1977.4083353678386,1900.8912048339844,1779.2931298828125,1678.9495776367187,1636.0081732177734,1972.5595224853255,1078.495096947302,2148.699951171875,True,True,True,True,True,True,True,False,False,76.50725869824333,noise,39.9154957459449,False,False,False,False,,Auto Components,Auto Components & Equipments,94.30184804928132,True,True
LUMAXIND.NS,2026-09-16,5760.5,6109.916666666667,5853.3129475911455,5670.5101953125,5469.000091145834,5430.916318359375,5968.636845590194,4022.4774288239955,6868.719019600016,True,True,True,True,True,True,True,False,False,38.663054709329536,noise,56.89058403972717,False,False,False,False,,Auto Components,Auto Components & Equipments,86.652977412731,True,True
LUMINO.NS,2026-09-18,,,,,,,,,,False,False,False,False,False,False,False,False,False,,noise,,False,False,False,False,,Industrial Products,Cables - Electricals,,False,False
LUPIN.NS,2026-09-17,2098.10009765625,2098.4166666666665,2212.24166531033,2277.313330078125,2289.33376953125,2247.941102294922,2095.4247234064014,1886.322723198068,2523.699951171875,False,True,False,False,False,False,True,True,False,4.042583058920357,noise,58.79171641910177,False,False,False,False,,Pharmaceuticals & Biotechnology,Pharmaceuticals,67.60780287474333,False,False
LUXIND.NS,2026-09-16,1032.4000244140625,1135.1666564941406,1199.0583360460068,1216.3139965820312,1213.2279996744792,1170.4294989013672,1111.386707631319,824.0499877929688,1823.3499755859375,False,True,False,True,False,False,False,False,False,-20.91312968394786,red,124.91113488457466,False,False,False,False,,Textiles & Apparels,Garments & Apparels,40.143737166324435,False,False
LYKALABS.NS,2026-09-16,80.11000061035156,79.3975003560384,72.00749980078803,70.78400001525878,64.72793332417805,67.6467500114441,80.08954289460785,44.099998474121094,101.9000015258789,True,False,False,True,True,True,True,True,False,-19.825858608502866,noise,61.14673594389842,False,False,False,False,,Pharmaceuticals & Biotechnology,Pharmaceuticals,41.73511293634497,False,False
MBEL.NS,2026-09-17,251.39999389648438,261.05984751383465,272.1067648993598,283.2841241455078,297.01191853841146,311.10523635864257,258.108189553899,222.20879137850392,533.8789199375677,False,False,False,False,False,False,False,False,False,-39.00864819849929,red,208.87620202525588,False,False,False,False,,Construction,Civil Construction,17.813141683778234,False,False
M&M.NS,2026-09-18,3052.0,3112.9833374023438,3303.630560980903,3270.2639990234375,3173.4474153645833,3276.2371228027346,3108.172754415976,2865.903724597869,3799.9943064302024,False,False,False,False,False,False,True,False,False,-15.324512021712057,red,142.5998362023691,False,True,False,False,,Automobiles,Passenger Cars & Utility Vehicles,47.27926078028747,False,False
M&MFIN.NS,2026-09-16,345.04998779296875,362.69166310628253,381.24305555555554,370.60280517578127,331.4986346435547,338.60304611206055,358.5529160405569,263.56995395028184,415.0,True,False,False,True,False,True,True,False,False,26.66065846392025,noise,27.591674925472837,False,True,False,False,,Finance,Non Banking Financial Company (NBFC),82.39219712525667,True,False
MBAPL.NS,2026-09-18,159.82000732421875,161.25666681925455,162.87972259521484,157.1774005126953,121.96895721435547,112.25573432922363,160.6356131624909,74.56403046577304,174.94000244140625,True,True,True,True,True,True,True,False,False,85.69932951922077,noise,65.74753140530471,False,False,False,False,,Fertilizers & Agrochemicals,Fertilizers,95.12320328542094,True,True
MKEXIM.NS,2026-09-18,,,,,,,,,,False,False,False,False,False,False,False,False,False,,ppv,,False,False,True,False,,Retailing,Distributors,,False,False
MKPL.NS,2026-09-16,4.03000020980835,4.0158334374427795,4.116111139456431,4.198400025367737,4.745400013923645,5.011200011968612,4.011317586518482,3.559999942779541,8.850000381469727,False,False,False,False,False,False,False,True,False,-44.413790209540004,green,105.60034127600876,False,False,False,False,,Agricultural Food & other Products,Edible Oil,12.166324435318275,False,False
MMFL.NS,2026-09-16,606.9500122070312,629.5791575113932,617.2930501302084,593.2379956054688,499.8614284261068,471.60315353393554,621.7466319113148,285.5132388663281,687.9500122070312,True,True,True,True,True,True,True,False,False,86.26794342170614,noise,62.28392434139485,False,False,False,False,,Auto Components,Auto Components & Equipments,95.17453798767967,True,True
MRPL.NS,2026-09-18,165.3800048828125,173.04500325520834,172.7183337741428,171.30020050048827,169.82882792154948,166.05496589660643,170.24153754705156,123.49462473239058,212.0,False,True,False,True,False,True,True,False,False,28.81917169690873,noise,28.91086462906199,False,True,False,False,,Petroleum Products,Refineries & Marketing,83.16221765913757,True,False
MTNL.NS,2026-09-18,23.799999237060547,24.93916654586792,26.350555578867596,26.754200096130372,28.41400000254313,29.87110004425049,24.57649358062691,21.260000228881836,46.09000015258789,False,False,False,False,False,False,False,False,False,-47.34513532005352,noise,97.30969039090031,False,False,False,False,,Telecom - Services,Telecom - Cellular & Fixed line services,10.010266940451745,False,False
MCL.NS,2026-09-16,54.959999084472656,57.673332850138344,57.39138878716363,56.32779991149902,59.6121334584554,61.47395008087158,57.50099552495048,42.0,93.19999694824219,False,False,True,False,False,True,False,False,False,19.374452631552774,noise,97.85067556856858,False,False,False,False,,Industrial Products,"Aluminium, Copper & Zinc Products",78.85010266940452,True,False
MVKAGRO.NS,2026-09-16,270.6499938964844,249.9416643778483,246.69444359673395,286.79399963378904,426.3113338216146,496.11549987792966,261.0831273773631,152.0500030517578,819.0,False,False,False,False,False,True,False,True,True,-30.97424389607586,red,183.8049707515515,False,False,False,False,,Agricultural Food & other Products,Sugar,26.488706365503077,False,False
MAANALU.NS,2026-09-17,102.88999938964844,111.81083297729492,118.37305535210504,117.87739990234375,129.51213353474935,135.70424991607666,109.38832677131347,101.22000122070312,184.74000549316406,False,False,False,False,False,False,False,False,False,-8.946903195001388,red,114.97447314650051,False,False,False,True,,Non - Ferrous Metals,Aluminium,55.28747433264887,False,False
MCCHRLS-B.NS,2026-09-17,,,,,,,,,,False,False,False,False,False,False,False,False,False,,noise,,False,False,False,True,,Leisure Services,Hotels & Resorts,,False,False
MACPOWER.NS,2026-09-18,2104.5,1891.8399454752605,1811.543694390191,1678.7288427734375,1261.6290254720052,1181.3704760742187,1915.2654252289417,760.3935313115157,2149.0,True,True,True,True,True,True,True,True,False,130.78878266263268,ppv,454.5828217645177,True,False,True,False,,Industrial Manufacturing,Industrial Products,97.68993839835728,True,True
MADHAVIPL.NS,2026-09-17,,,,,,,,,,False,False,False,False,False,False,False,False,False,,noise,,False,False,False,False,,Construction,Civil Construction,,False,False
MADHAV.NS,2026-09-16,34.5,35.325833320617676,35.11249987284342,35.130199966430666,36.06546672821045,37.07890007972717,35.35484967977721,29.0,49.84000015258789,False,False,False,False,False,False,False,False,False,-25.566340591655866,dry,8.554397367599202,False,False,False,False,,Consumer Durables,Granites & Marbles,33.418891170431216,False,False
MADHUCON.NS,2026-09-16,3.990000009536743,4.584166705608368,5.00527779923545,5.161800026893616,5.168533352216085,5.318300009965896,4.461751007178379,3.609999895095825,8.550000190734863,False,False,False,False,False,False,False,False,False,-41.66666782855055,red,177.36384827293918,False,False,False,False,,Construction,Civil Construction,15.041067761806982,False,False
MADHUSUDAN.NS,2026-09-16,239.5,234.09999974568686,229.551389058431,232.84200012207032,182.21500010172525,169.00024990081786,235.17459291539564,108.5999984741211,260.0,True,True,True,True,True,True,True,True,False,62.15301621429745,noise,41.695621959694236,False,True,False,False,,Food Products,Other Food Products,91.83778234086243,True,True
MPTODAY.NS,2026-09-16,41.54999923706055,41.54999923706055,44.13333320617676,44.655999908447264,45.05933334350586,45.68199981689453,41.80556931232478,34.20000076293945,52.5,False,False,False,False,False,False,True,False,False,-12.801683302161958,dry,0.0,False,False,False,False,,Media,Print Media,50.0,False,False
MADRASFERT.NS,2026-09-16,60.27000045776367,63.47333335876465,65.4727783203125,66.07760040283203,66.77926684061686,69.16495016098023,62.80506975388957,52.560001373291016,93.48999786376953,False,False,False,False,False,False,False,False,False,-33.82013763069224,noise,57.61237544771792,False,False,False,False,,Fertilizers & Agrochemicals,Fertilizers,22.895277207392198,False,False
MAFATIND.NS,2026-09-17,,,,,,,,,,False,False,False,False,False,False,False,False,False,,noise,35.04662316347257,False,True,False,False,,Textiles & Apparels,Other Textile Products,,False,False
MAGADSUGAR.NS,2026-09-16,505.70001220703125,555.433339436849,548.6861080593533,534.49970703125,483.8344649251302,478.2708937072754,544.8781484884405,406.86682144586706,634.9500122070312,True,True,True,True,False,False,True,False,False,-8.98329501693479,noise,47.34334019797212,False,False,False,False,,Agricultural Food & other Products,Sugar,55.18480492813141,False,False
MCLOUD.NS,2026-09-17,25.190000534057617,25.9275000890096,27.891111214955647,28.036200103759764,26.49586663564046,26.196499977111817,25.88405692173498,19.399999618530273,87.0,False,True,False,True,False,False,False,False,False,-67.65951889658717,noise,21.397305672418213,False,True,False,False,,IT - Software,Computers - Software & Consulting,1.8480492813141685,False,False
MAGNUM.NS,2026-09-18,19.190000534057617,18.97166681289673,19.22555579079522,19.23780017852783,20.012000058492024,20.576050052642824,18.966107544437588,16.25,29.25,False,False,False,False,False,False,False,True,False,-33.66747206489178,ppv,231.03737122509696,False,False,False,False,,"Paper, Forest & Jute Products",Paper & Paper Products,23.151950718685832,False,False
MAGSON.NS,2026-09-16,179.0500030517578,181.50416819254556,183.37499957614475,182.8709994506836,169.02999989827475,158.07299987792967,181.63799156485106,100.5,213.89999389648438,True,True,True,True,False,True,True,False,False,60.43907302855178,dry,0.0,False,True,False,False,,Food Products,Packaged Foods,91.47843942505133,True,False
MAHSCOOTER.NS,2026-09-16,13123.0,13355.583333333334,13378.861111111111,13260.38,12820.15876953125,13070.043603515625,13213.583753232131,10848.184744150401,18282.171657913605,True,False,False,True,False,False,False,False,False,-25.98790092279174,noise,79.469523328542,False,False,False,False,,Finance,Investment Company,32.85420944558521,False,False
MAHSEAMLES.NS,2026-09-17,720.2000122070312,695.2875061035156,634.4844801161024,617.2252722167968,602.0590970865885,584.9563821411133,698.4385271071661,493.1502386104819,738.5999755859375,True,True,True,True,True,True,True,True,False,15.837740575644933,green,168.5043865430164,False,False,False,False,,Industrial Products,Iron & Steel Products,77.51540041067761,True,True
MAHAPEXLTD.NS,2026-09-16,54.880001068115234,54.89249960581461,52.783333248562286,50.40879981994629,56.49651654561361,66.43658739089966,54.73424781472432,42.0,117.88999938964844,False,False,False,False,True,True,False,True,False,-45.3277519727701,noise,98.24830836705367,False,False,False,False,,Finance,Other Financial Services,11.293634496919918,False,False
MFML.NS,2026-09-17,18.65999984741211,18.693333466847736,18.875555568271214,18.930599937438966,22.01626667022705,22.76580002784729,18.75291407019206,17.299999237060547,34.5,False,False,False,False,False,False,False,False,False,-41.302298490032705,dry,1.45397443912936,False,False,False,False,,Textiles & Apparels,Other Textile Products,15.605749486652979,False,False
MHLXMIRU.NS,2026-09-16,149.8699951171875,165.36250178019205,168.8000013563368,160.24220153808594,167.00746744791667,177.25215072631835,161.7716775844057,105.52999877929688,244.64999389648438,False,False,False,False,False,True,False,False,False,-32.308040086369985,red,103.24924118027567,False,False,False,False,,Textiles & Apparels,Other Textile Products,24.79466119096509,False,False
MAHASTEEL.NS,2026-09-16,1265.0999755859375,1309.2416585286458,1157.7874925401475,1063.4859924316406,925.0453316243489,900.522748413086,1287.2293419403013,381.25,1421.0,True,True,True,True,True,True,True,False,False,225.67896404433122,noise,46.360665994647015,False,True,False,False,,Industrial Products,Iron & Steel Products,99.33264887063655,True,True
MGL.NS,2026-09-18,1081.699951171875,1084.7249959309895,1098.0873480902778,1092.8546826171876,1083.1101298014323,1082.0008535766601,1082.4665123905559,885.652283987356,1341.9214475373328,False,True,False,True,False,False,True,False,False,-18.42080818148165,noise,76.05838188137398,False,False,False,False,,Gas,LPG/CNG/PNG/LNG Supplier,43.223819301848046,False,False
MAHESHWARI.NS,2026-09-16,71.4800033569336,71.52583312988281,72.5194443596734,72.66020004272461,59.889933547973634,56.623950214385985,71.48263804919566,39.040000915527344,76.80999755859375,True,True,True,True,False,True,True,False,False,13.767310637898955,noise,55.36752592927121,False,False,False,False,,Diversified,Diversified,76.43737166324436,True,False
MAHICKRA.NS,2026-09-16,305.95001220703125,297.43750254313153,282.45694563123914,273.80900146484373,239.12906677246093,218.19700263977052,299.5932677135692,130.91812553661782,308.79998779296875,True,True,True,True,True,True,True,True,False,97.51055263383162,dry,0.0,False,False,True,False,,Chemicals & Petrochemicals,Dyes And Pigments,96.04722792607802,True,True
MAHEPC.NS,2026-09-16,101.18000030517578,102.42000007629395,105.64944415622287,107.92559997558594,113.40173350016276,116.41395015716553,102.5919521818587,91.91000366210938,160.8000030517578,False,False,False,False,False,False,False,False,False,-33.782723635873765,noise,32.034925035681496,False,False,False,False,,Industrial Manufacturing,Industrial Products,22.99794661190965,False,False
MHRIL.NS,2026-09-18,199.2899932861328,200.6441650390625,214.4902776082357,217.05899993896483,237.58706654866538,254.23430015563966,199.47972806654633,188.2100067138672,368.8999938964844,False,False,False,False,False,False,False,False,False,-44.07464855543138,green,116.26718849511622,False,False,False,False,,Leisure Services,Hotels & Resorts,12.73100616016427,False,False
MAHLIFE.NS,2026-09-17,363.70001220703125,358.3666636149089,373.2861082288954,374.1419982910156,351.62114095052084,358.6375340270996,357.2128298721761,284.10304615801056,423.03422522089073,True,False,False,True,False,False,True,True,False,-4.112678839496587,ppv,67.54146342384976,False,False,False,False,,Realty,"Residential, Commercial Projects",60.36960985626283,False,False
MAHLOG.NS,2026-09-18,392.75,397.7666702270508,402.2402801513672,400.8440020751953,384.96000610351564,369.71677291870117,394.94645314411946,273.2820886223393,447.10758500270833,True,True,True,True,False,True,True,False,False,11.208543065076304,noise,34.972103538975674,False,False,False,False,,Transport Services,Logistics Solution Provider,74.07597535934292,True,False
MAITHANALL.NS,2026-09-16,994.4500122070312,1036.8041585286458,998.9708319769966,998.6289965820313,987.8684350585937,987.7275314331055,1030.8203898185948,821.6008602723305,1210.0999755859375,True,True,False,True,False,False,True,False,False,-11.910453216176665,noise,87.0708244573389,False,False,False,False,,Ferrous Metals,Ferro & Silica Manganese,51.23203285420944,False,False
MAITREYA.NS,2026-09-16,114.94999694824219,119.28750038146973,118.23472256130643,121.3200001525879,157.41799982706706,172.8824994277954,117.74501392371528,110.0,292.95001220703125,False,False,False,False,False,False,False,False,False,-52.06422206615582,noise,55.762081784386616,False,False,False,False,,Healthcare Services,Hospital,7.340862422997947,False,False
MAJESAUT.NS,2026-09-17,,,,,,,,,,False,False,False,False,False,False,False,False,False,,noise,28.926004743377543,False,False,False,False,,Commercial Services & Supplies,Diversified Commercial Services,,False,False
MAKERSL.NS,2026-09-17,,,,,,,,,,False,False,False,False,False,False,False,False,False,,noise,,False,False,False,False,,Pharmaceuticals & Biotechnology,Pharmaceuticals,,False,False
MAKS.NS,2026-09-16,14.350000381469727,14.729166905085245,15.618055661519369,16.752000007629395,23.21966655731201,24.97949981689453,14.891725100334122,12.649999618530273,36.0,False,False,False,False,False,False,False,False,False,-54.51663794459512,dry,0.0,False,False,False,False,,Industrial Products,"Compressors, Pumps & Diesel Engines",6.211498973305955,False,False
MALLCOM.NS,2026-09-16,924.2999877929688,976.5041707356771,985.6041700575087,1000.5830017089844,1041.4256640625,1068.2997479248047,960.2495329933134,905.1500244140625,1520.0,False,False,False,False,False,False,False,False,False,-28.276556001072272,noise,33.32715643829001,False,True,False,False,,Industrial Products,Other Industrial Products,29.722792607802873,False,False
MALUPAPER.NS,2026-09-16,31.65999984741211,32.89749972025553,32.38611099455092,32.2185998916626,32.102199974060056,32.74229996681213,33.037321886018084,27.0,44.11000061035156,False,False,False,False,False,False,False,False,False,-16.618386016407317,noise,61.57837695819239,False,False,False,False,,"Paper, Forest & Jute Products",Paper & Paper Products,45.328542094455855,False,False
MAMATA.NS,2026-09-17,393.8999938964844,406.5083312988281,410.19448428683813,403.7176245117187,397.0105497233073,400.83737213134765,403.4364244388726,296.61573458793464,514.3336672504768,False,False,False,True,False,True,True,False,False,-13.154179764374806,noise,37.79631623197128,False,True,False,False,,Industrial Manufacturing,Industrial Products,49.435318275154,False,False
MANINDS.NS,2026-09-18,851.5499877929688,824.7749989827474,702.330556233724,655.5439990234376,547.4036653645834,505.65999908447264,820.2064887768748,302.04998779296875,944.0,True,True,True,True,True,True,True,True,False,97.69007261589525,green,110.22889167071908,False,False,False,False,,Industrial Products,Iron & Steel Products,96.09856262833677,True,True
MANINFRA.NS,2026-09-16,124.2300033569336,125.44333394368489,114.08416684468587,110.35579986572266,108.02264038085937,111.4969725036621,124.72442453078585,76.65347017879223,158.88561185773062,True,False,False,False,True,True,True,False,False,-18.227532813041268,red,113.08574369954589,False,False,False,False,,Realty,"Residential, Commercial Projects",43.48049281314169,False,False
MANAKSIA.NS,2026-09-16,64.41000366210938,64.25000031789143,59.84694449106852,59.06300010681152,58.242333272298175,59.559299869537355,65.52415229479968,42.099998474121094,73.4000015258789,True,False,False,False,True,True,True,False,False,-8.077631022357378,red,190.62665398970557,False,False,False,False,,Industrial Products,Iron & Steel Products,56.21149897330595,False,False
MANAKALUCO.NS,2026-09-16,35.0,37.502047856648765,37.98302290174696,37.43427947998047,33.996272252400715,34.28297345161438,36.994519251171496,21.700531215855428,68.0276235995725,True,False,True,True,False,True,False,False,False,12.910846783971607,noise,57.96974363111502,False,False,False,False,,Non - Ferrous Metals,Aluminium,75.564681724846,True,False
MANAKCOAT.NS,2026-09-18,129.22000122070312,124.60916709899902,121.95035531785753,122.79919967651367,113.9311464436849,118.03002300262452,125.74552684325306,94.16217512580242,182.7466119542093,True,False,False,True,True,True,False,True,False,-8.03734773768754,noise,49.9631903131737,False,False,False,False,,Industrial Products,Iron & Steel Products,56.31416837782341,False,False
MANAKSTEEL.NS,2026-09-16,106.41999816894531,108.64750099182129,91.0233334435357,86.62080017089843,71.45713350931804,69.44605007171631,108.08574538052095,45.11000061035156,120.76000213623047,True,True,True,True,True,True,True,False,False,73.0969404055306,noise,58.582395863700384,False,False,False,False,,Ferrous Metals,Iron & Steel,93.99383983572895,True,True
MANALIPETC.NS,2026-09-16,82.37000274658203,85.44750150044759,74.9336117638482,71.93480041503906,61.353733393351234,60.953500003814696,83.52328829712845,39.130001068115234,93.0,True,True,True,True,True,True,True,False,False,19.584793889483866,noise,53.82805323138491,False,True,False,False,,Chemicals & Petrochemicals,Petrochemicals,79.10677618069816,True,True
MANAPPURAM.NS,2026-09-18,319.1499938964844,328.24166615804035,346.54937744140625,345.55956481933595,311.5948199462891,307.560623626709,326.6406122151281,244.06078978586396,380.45671483079525,True,True,True,True,False,True,True,False,False,9.853533621908884,noise,68.04830004152392,False,False,False,False,,Finance,Non Banking Financial Company (NBFC),72.94661190965093,True,False
MANAV.NS,2026-09-16,40.75,39.13750012715658,30.887500074174667,31.238999938964845,37.45900001525879,35.14199999809265,39.16515120554825,14.5,47.0,True,True,True,False,True,True,True,True,False,167.21311475409837,dry,0.0,False,False,False,False,,Construction,Civil Construction,98.81930184804928,True,False
MANBA.NS,2026-09-17,133.50999450683594,130.57881800333658,131.22447988722058,132.96499984741212,122.1748173014323,125.4910809326172,131.3797705767436,97.63307782339018,153.42342458023612,True,False,False,True,True,True,True,True,False,-4.590420954423902,noise,46.847201992865855,False,True,False,False,,Finance,Non Banking Financial Company (NBFC),60.11293634496921,False,False
MANDEEP.NS,2026-09-17,17.850000381469727,17.454166889190674,18.418055640326607,18.779000015258788,19.551333376566568,20.295750064849855,17.387639194908253,16.149999618530273,31.899999618530273,False,False,False,False,False,False,False,True,False,-44.04388528236562,noise,74.34944237918215,False,False,False,False,,Auto Components,Auto Components & Equipments,12.782340862422997,False,False
MANCREDIT.NS,2026-09-17,218.0,221.45397186279297,230.69645902845593,229.3157989501953,200.09783131917317,191.45245178222658,220.08849266731755,151.53824189683678,286.28429630144484,True,True,True,True,False,True,True,False,False,18.203010514694483,noise,62.526148876259136,False,True,False,False,,Finance,Non Banking Financial Company (NBFC),78.2340862422998,True,False
MEIL.NS,2026-09-17,270.29998779296875,279.9875030517578,279.17638905843097,283.9910009765625,284.3016001383464,298.21444999694825,277.64472789881376,206.25999450683594,547.9000244140625,False,False,False,False,False,True,False,False,False,-49.79102813206677,noise,59.08438126136011,False,False,False,False,,Electrical Equipment,Other Electrical Equipment,8.521560574948666,False,False
MAL.NS,2026-09-16,44.0,39.875,34.223610983954536,33.75600002288818,36.3416666285197,39.49099986076355,42.093142430228056,28.950000762939453,60.900001525878906,True,False,False,False,True,True,False,True,False,-24.13793103448276,dry,19.860973187686195,False,False,False,False,,Industrial Products,Iron & Steel Products,35.98562628336756,False,False
MANGLMCEM.NS,2026-09-16,988.7999877929688,1056.437484741211,988.864734225803,983.7732983398438,903.7062259928385,867.0596740722656,1030.655250341975,678.2213010338754,1120.0,True,True,True,True,True,True,True,False,False,36.37804209422741,noise,37.32208987702711,False,False,False,False,,Cement & Cement Products,Cement & Cement Products,85.83162217659137,True,True
MANGALAM.NS,2026-09-18,34.2599983215332,32.403333028157554,29.815555625491672,29.151800003051758,29.504599939982096,30.368549938201905,33.09135089597763,22.799999237060547,77.5999984741211,True,False,False,False,True,True,False,True,False,-54.356515539733444,ppv,323.01111731951215,True,False,False,False,,Pharmaceuticals & Biotechnology,Pharmaceuticals,6.3141683778234095,False,False
MGEL.NS,2026-09-18,15.640000343322754,15.388333320617676,14.982499970330132,15.387370491027832,14.052630151112874,13.918017511367799,15.493776652590146,9.524065247834445,18.388542242752667,True,True,False,True,True,True,True,True,False,-1.6357937906688713,noise,43.88094619617465,False,False,False,False,,Agricultural Food & other Products,Other Agricultural Products,62.936344969199176,False,False
MANORG.NS,2026-09-16,451.04998779296875,481.4541651407878,477.09027523464624,495.4059991455078,484.32966796875,481.52650131225585,471.5794995608308,356.25,635.0,False,True,False,True,False,False,False,False,False,-18.605076618034598,noise,84.71501490233835,False,False,False,False,,Chemicals & Petrochemicals,Commodity Chemicals,43.172484599589325,False,False
MSL.NS,2026-09-17,,,,,,,,,,False,False,False,False,False,False,False,False,False,,noise,,False,True,False,False,,Agricultural Food & other Products,Other Agricultural Products,,False,False
MWL.NS,2026-09-18,42.52000045776367,39.56666692097982,40.09583314259847,39.05647964477539,34.38125996907552,32.60665043830872,40.21743240430122,19.98028894668577,48.0,True,True,True,True,True,True,True,True,False,74.26520123566982,ppv,188.57487659692364,False,False,False,False,,Metals & Minerals Trading,Trading - Metals,94.14784394250513,True,True
MANIPALHOS.NS,2026-09-18,,,,,,,,,,False,False,False,False,False,False,False,False,False,,noise,,False,False,False,False,,Healthcare Services,Hospital,,False,False
MANKIND.NS,2026-09-18,2300.699951171875,2292.8583170572915,2371.3111029730903,2421.4359912109376,2325.8826611328127,2284.267996826172,2294.929658477575,1909.699951171875,2674.0,False,True,False,True,False,False,True,True,False,-10.485565524858186,green,124.25146207377924,False,False,False,False,,Pharmaceuticals & Biotechnology,Pharmaceuticals,53.13141683778234,False,False
MVGJL.NS,2026-09-18,214.47000122070312,198.00583267211914,171.81861072116428,169.01859924316406,161.40526672363282,165.84175010681153,199.07520171188932,129.10000610351562,233.99000549316406,True,False,False,True,True,True,True,True,False,9.395561276314979,green,161.06654831022792,False,False,False,False,,Consumer Durables,"Gems, Jewellery And Watches",72.58726899383984,True,False
MANOMAY.NS,2026-09-16,223.85000610351562,229.3058344523112,220.26249991522894,211.24259979248046,206.06626658121743,209.11385009765624,228.79993516945413,160.25,259.8800048828125,True,False,False,True,True,True,True,False,False,33.99378030339288,noise,98.5209149931557,False,False,False,False,,Textiles & Apparels,Other Textile Products,84.90759753593429,True,False
MANORAMA.NS,2026-09-16,1916.4000244140625,1994.1992594401042,1839.4766337076824,1772.8410620117188,1540.4352482096353,1485.3692596435546,1995.0333888501082,1060.1930872125888,2148.6752714346185,True,True,True,True,True,True,True,False,False,36.98718315088472,noise,51.33562359143139,False,False,False,False,,Food Products,Other Food Products,86.08829568788501,True,True
MANUGRAPH.NS,2026-09-18,18.09000015258789,15.137500047683716,15.429444524976942,15.139200038909912,14.636533323923747,14.930249996185303,15.542393703310308,9.649999618530273,24.0,True,False,False,True,True,True,True,True,False,-19.241069372059094,ppv,2391.5118857365505,True,False,False,False,,Industrial Manufacturing,Industrial Products,42.351129363449694,False,False
MARALOVER.NS,2026-09-16,59.41999816894531,59.960000356038414,56.822777854071724,56.37680015563965,51.2895999399821,49.256799964904786,60.52869564845964,34.11000061035156,68.88999938964844,True,True,True,True,True,True,True,False,False,21.563005054239646,red,118.54723086930434,False,False,False,False,,Textiles & Apparels,Other Textile Products,80.23613963039014,True,True
MARATHON.NS,2026-09-16,415.04998779296875,433.3291651407878,400.8916651407878,399.1589990234375,428.28266642252606,451.36774917602537,427.30645473478495,344.04998779296875,685.4000244140625,False,False,False,False,True,False,False,False,False,-34.1249401933169,noise,40.708871927822806,False,False,False,False,,Realty,"Residential, Commercial Projects",22.535934291581107,False,False
MARC.NS,2026-09-17,,,,,,,,,,False,False,False,False,False,False,False,False,False,,ppv,207.63187429854096,False,False,True,False,,Commercial Services & Supplies,Consulting Services,,False,False
MARCO.NS,2026-09-16,30.200000762939453,32.05000019073486,31.883333577050102,32.023000144958495,33.681333465576174,34.39675006866455,31.28369227361125,26.600000381469727,44.5,False,False,False,False,False,False,False,False,False,-25.154889950470384,noise,75.47169811320755,False,True,False,False,,Industrial Products,Cables - Electricals,34.13757700205339,False,False
MARICO.NS,2026-09-18,803.9000244140625,810.683339436849,839.3430565728081,842.76064453125,808.970771484375,792.2086260986329,808.9703862684739,687.1576231263153,889.0999755859375,False,True,True,True,False,False,True,False,False,13.439564318143816,red,166.82222606149847,False,False,False,False,,Agricultural Food & other Products,Edible Oil,76.07802874743327,True,False
MARINE.NS,2026-09-16,373.29998779296875,414.9008534749349,369.107184516059,337.44153381347655,258.46197926839193,243.74154525756836,401.4308985954806,150.74930410802895,449.66979114957604,True,True,True,True,True,True,True,False,False,88.27442677686838,red,117.56112303891042,False,False,False,False,,Industrial Manufacturing,Industrial Products,95.32854209445586,True,True
MARINETRAN.NS,2026-09-16,14.550000190734863,15.90416701634725,15.811111344231499,15.345000076293946,16.36033337275187,17.274249992370606,15.70330101291339,13.300000190734863,28.200000762939453,False,False,False,False,False,False,False,False,False,-10.461537287785461,red,217.39130434782606,False,False,False,False,,Transport Services,Logistics Solution Provider,53.182751540041075,False,False
MARKOLINES.NS,2026-09-17,,,,,,,,,,False,False,False,False,False,False,False,False,False,,noise,81.63528936017255,False,False,False,False,,Construction,Civil Construction,,False,False
MARKSANS.NS,2026-09-18,320.1499938964844,326.53333282470703,312.29305945502387,297.7956848144531,236.7513803100586,222.153321685791,322.99936414118196,154.57339337516265,349.95001220703125,True,True,True,True,True,True,True,False,False,79.98181940303924,noise,28.039716062879773,False,False,False,False,,Pharmaceuticals & Biotechnology,Pharmaceuticals,94.60985626283367,True,True
MARSONS.NS,2026-09-18,,,,,,,,,,False,False,False,False,False,False,False,False,False,,green,211.30693176674694,False,False,False,False,,Electrical Equipment,Heavy Electrical Equipment,,False,False
MARUTI.NS,2026-09-18,12103.0,12483.166666666666,13309.688991970486,13375.32927734375,13370.921302083334,13986.116328125,12433.789361602514,12079.682710510879,17197.28603290768,False,False,False,False,False,False,False,False,False,-22.712580949766526,red,176.1274204563152,False,False,False,True,,Automobiles,Passenger Cars & Utility Vehicles,38.24435318275154,False,False
MDL.NS,2026-09-16,60.0,61.65833346048991,60.276388804117836,63.034000091552734,58.637333374023434,60.98724994659424,60.9750430359575,43.0,104.80000305175781,False,False,False,True,False,True,False,False,False,-34.065934065934066,dry,0.0,False,False,False,False,,Consumer Durables,"Furniture, Home Furnishing",22.638603696098563,False,False
MASFIN.NS,2026-09-16,288.04998779296875,294.90416717529297,301.38089158799914,305.8568768310547,311.61848612467446,312.541622467041,293.58798698759006,276.63910454086505,357.9301909358125,False,False,False,False,False,False,True,False,False,-9.368979582430747,noise,71.68408713901111,False,False,False,False,,Finance,Non Banking Financial Company (NBFC),54.67145790554415,False,False
MASKINVEST.NS,2026-09-16,142.39999389648438,146.90833282470703,148.7363895840115,149.68040069580078,146.89333368937176,148.33470035552978,145.90662848198673,114.94000244140625,246.08999633789062,False,False,False,True,False,False,False,False,False,-8.12903619581653,noise,79.76212950726827,False,False,False,False,,Finance,Investment Company,56.05749486652978,False,False
MASON.NS,2026-09-17,119.0,114.4416675567627,118.10416666666667,119.69600006103515,133.52299992879233,147.38299968719483,114.64947877723785,101.19999694824219,220.0,False,False,False,False,False,False,False,True,False,-42.275040735749734,noise,49.98000799680128,False,False,False,False,,Realty,"Residential, Commercial Projects",14.322381930184806,False,False
MASTEK.NS,2026-09-18,1588.199951171875,1669.4916585286458,1736.7818128797744,1735.6377490234374,1642.4301635742188,1748.9441180419922,1647.1888558735252,1322.9728365112476,2516.496292929891,False,False,False,False,False,False,False,False,False,-34.48956271740038,noise,79.76036533163301,False,False,False,False,,IT - Software,Computers - Software & Consulting,22.176591375770023,False,False
MASTER.NS,2026-09-16,400.0,421.96666717529297,452.9236111111111,446.605,367.62003926595054,358.33137481689454,419.4171050677775,281.8980771263174,502.0,True,True,True,True,False,True,True,False,False,12.916651088133957,red,461.9565217391305,False,False,False,False,,Industrial Products,Plastic Products - Industrial,75.61601642710473,True,False
MASTERTR.NS,2026-09-17,87.47000122070312,88.25249989827473,83.50722206963434,84.48859985351562,81.3115333811442,88.47085008621215,87.90506188192579,55.599998474121094,164.5,False,False,False,False,True,True,False,False,False,-40.20371756177317,noise,48.13835339787942,False,False,False,False,,Capital Markets,Stockbroking & Allied,16.786447638603697,False,False
MATRIMONY.NS,2026-09-16,533.4000244140625,518.3791631062826,502.9609027438694,481.6002972412109,440.4103676350911,462.0287303161621,517.6520567881178,359.8286404253853,566.3557799316015,True,False,True,True,True,True,True,True,False,4.940720053161862,noise,74.63740250529202,False,False,False,False,,Retailing,Internet & Catalogue Retail,68.48049281314168,False,False
MAWANASUG.NS,2026-09-16,125.16000366210938,139.0341657002767,129.92972140842014,125.03679962158203,104.20522201538085,98.17895771026612,135.17203564881785,72.43959449258234,164.0,True,True,True,True,True,True,True,False,False,39.47109206944168,noise,81.55658622861372,False,False,False,False,,Agricultural Food & other Products,Sugar,86.96098562628337,True,True
MAXESTATES.NS,2026-09-16,572.0999755859375,541.4666697184244,483.5513916015625,464.4180017089844,425.8456663004557,426.55125,550.9994218392472,305.45001220703125,579.0,True,False,True,True,True,True,True,True,False,29.361215508408712,noise,63.07730613845373,False,False,True,False,,Realty,"Residential, Commercial Projects",83.3675564681725,True,False
MFSL.NS,2026-09-16,1487.5999755859375,1496.6416625976562,1527.6583353678386,1536.3900024414063,1615.3260034179686,1629.8810009765625,1488.6404593585662,1423.5999755859375,1892.5,False,False,False,False,False,False,True,False,False,-4.89099170092,green,137.7867926518096,False,False,False,False,,Insurance,Life Insurance,59.496919917864474,False,False
MAXHEALTH.NS,2026-09-18,1049.300048828125,1021.4583282470703,1027.2472212049697,1047.4959997558594,1033.9407344563801,1034.550844116211,1029.8835361240056,901.3980430128952,1219.732372328196,True,False,False,True,True,False,True,True,False,-10.417177325896464,green,114.34357501899211,False,False,False,False,,Healthcare Services,Hospital,53.234086242299796,False,False
MAXIND.NS,2026-09-16,139.63999938964844,147.24583180745444,156.65916697184244,159.30260070800782,157.36106623331705,162.72519954681397,145.64187879543348,120.0,241.57000732421875,False,False,False,False,False,False,False,False,False,-35.53093469308912,noise,57.03949405950816,False,False,False,False,,Finance,Holding Company,21.406570841889117,False,False
MAXPOSURE.NS,2026-09-16,37.650001525878906,30.608333269755047,31.788888931274414,32.530999908447264,35.11333334604899,37.29574995994568,31.649495079845018,28.5,61.20000076293945,True,False,False,False,True,True,False,True,False,-34.5786237619385,ppv,386.0294117647059,True,False,False,False,,Entertainment,Media & Entertainment,22.073921971252567,False,False
MAYURUNIQ.NS,2026-09-16,741.2000122070312,737.2124989827474,750.5717196994358,765.2805346679687,677.3057688395182,633.5196572875976,741.3938225376396,467.5569640916496,899.9875607705063,True,True,True,True,False,True,True,False,False,44.17588625133728,red,101.29459194654589,False,False,False,False,,Consumer Durables,Leather And Leather Products,88.29568788501027,True,False
MAZDOCK.NS,2026-09-18,2280.0,2358.1249796549478,2467.6910807291665,2429.3534228515623,2441.2265983072916,2442.8843432617186,2322.195586751495,2053.692522278021,3039.742679715149,False,False,False,False,False,False,True,False,False,-22.993659738095918,green,114.77711860322941,False,False,False,False,,Industrial Manufacturing,Ship Building & Allied Services,37.88501026694045,False,False
MAZDA.NS,2026-09-16,250.9499969482422,260.9117838541667,239.32057020399304,235.59702697753906,216.0397494506836,214.52901954650878,257.7499765094681,156.86611422200318,303.4847005208333,True,True,False,True,True,True,True,False,False,-7.99000202859661,red,148.4310654757232,False,False,False,False,,Industrial Manufacturing,Industrial Products,56.51950718685832,False,False
MBLINFRA.NS,2026-09-16,22.139999389648438,23.263333161671955,24.007777743869358,24.407400054931642,25.311000010172528,26.60639994621277,23.068648826207358,18.3700008392334,52.47999954223633,False,False,False,False,False,False,False,False,False,-47.58523080046416,noise,92.65175048127826,False,False,False,False,,Construction,Civil Construction,9.907597535934292,False,False
MCLEODRUSS.NS,2026-09-16,42.54999923706055,44.82666619618734,47.70499981774224,49.55419990539551,51.87966667175293,50.33939998626709,44.160122229163385,28.5,78.41000366210938,False,True,False,False,False,True,False,False,False,10.691989482787957,green,182.21964168826202,False,False,False,False,,Agricultural Food & other Products,Tea & Coffee,73.56262833675564,True,False
MBECL.NS,2026-09-16,364.260009765625,270.2108376820882,133.67028024461536,114.55460220336914,81.78486841837565,77.68865169525147,287.8890161380394,65.4000015258789,364.260009765625,True,True,False,True,True,True,True,True,False,456.9724790013753,ppv,2439.9425386825433,True,False,True,False,,Construction,Civil Construction,99.84599589322382,True,False
MCON.NS,2026-09-16,39.45000076293945,42.420833587646484,43.69861125946045,43.68000007629394,45.797333348592126,49.555249977111814,41.8270862991839,37.29999923706055,81.5,False,False,False,False,False,False,False,False,False,-51.595091088417846,red,203.25203252032523,False,False,False,False,,Other Construction Materials,Other Construction Materials,7.597535934291582,False,False
MEDIASSIST.NS,2026-09-17,321.1499938964844,325.36229451497394,340.9598507351345,343.67246337890623,352.4458760579427,373.7716583251953,321.77429445433984,291.1860276489772,571.9867367161792,False,False,False,False,False,False,False,False,False,-38.77983332154319,noise,39.67321185770255,False,False,False,False,,Insurance,Insurance Distributors,18.17248459958932,False,False
MEDICAPQ.NS,2026-09-17,,,,,,,,,,False,False,False,False,False,False,False,False,False,,noise,,False,False,False,False,,Pharmaceuticals & Biotechnology,Pharmaceuticals,,False,False
MMWL.NS,2026-09-17,,,,,,,,,,False,False,False,False,False,False,False,False,False,,noise,45.98582318226103,False,False,False,False,,Entertainment,"Film Production, Distribution & Exhibition",,False,False
MEDICAMEQ.NS,2026-09-18,328.04998779296875,301.5124969482422,260.3538886176215,254.62879974365234,260.65993336995444,288.8979505157471,310.73092586364186,212.39999389648438,447.6499938964844,True,False,False,False,True,True,False,True,False,-2.824308084114524,noise,57.58962832380728,False,True,False,False,,Pharmaceuticals & Biotechnology,Pharmaceuticals,61.80698151950719,False,False
MEDIORG.NS,2026-09-17,22.75,25.020833333333332,25.074999862247044,24.73699993133545,24.80066665649414,24.88350001335144,24.270107016730257,19.100000381469727,38.0,False,False,False,False,False,False,False,False,False,-35.0,red,146.44351464435147,False,False,False,False,,Pharmaceuticals & Biotechnology,Pharmaceuticals,21.71457905544148,False,False
MEDICO.NS,2026-09-16,35.33000183105469,38.24416637420654,42.934999995761444,41.800599899291996,42.17606648763021,44.150449905395504,37.5681266339998,30.219999313354492,56.880001068115234,False,False,False,False,False,False,False,False,False,-9.317241629157758,noise,36.15933037034183,False,False,False,False,,Pharmaceuticals & Biotechnology,Pharmaceuticals,54.72279260780287,False,False
MEDPLUS.NS,2026-09-18,659.6500244140625,661.2083384195963,672.5361107720269,696.8040002441406,803.6703356933593,807.8585012817383,660.3392909157006,645.0,1022.2000122070312,False,False,False,False,False,False,False,False,False,-21.42346344085021,noise,38.258916695476906,False,True,False,False,,Retailing,Pharmacy Retail,39.733059548254616,False,False
MEESHO.NS,2026-09-17,,,,,,,,,,False,False,False,False,False,False,False,False,False,,noise,58.34017239366267,False,False,False,False,,Retailing,E-Retail/ E-Commerce,,False,False
MEGAFLEX.NS,2026-09-16,96.25,95.77083333333333,97.34027777777777,98.62600006103516,124.07466644287109,120.83349983215332,96.33337636805227,43.5,155.0500030517578,False,True,False,False,False,True,False,False,False,62.31028876615385,noise,100.0,False,False,False,False,,Industrial Products,Packaging,91.88911704312115,True,False
MEGASTAR.NS,2026-09-16,277.75,294.500005086263,310.77083672417535,322.2400018310547,296.80740020751955,281.19035011291504,289.63681606049056,203.0,392.0,False,True,True,True,False,True,False,False,False,21.378314809027078,dry,6.813896486705315,False,True,False,False,,Food Products,Other Food Products,80.08213552361396,True,False
MEGATHERM.NS,2026-09-16,267.1000061035156,231.9958356221517,215.33333418104382,216.7820004272461,222.37999979654947,221.16224983215332,241.88870506396935,170.0,310.54998779296875,True,True,False,False,True,True,True,True,False,-13.349551953441807,noise,74.42937479325174,False,False,False,False,,Industrial Products,Other Industrial Products,49.17864476386037,False,False
MOL.NS,2026-09-16,58.5,63.853333473205566,60.186944325764976,57.38260002136231,52.10366668701172,54.395500106811525,62.138385920096866,36.5,87.75,True,False,False,True,True,True,False,False,False,-29.57746453001984,noise,34.95932624464527,False,False,False,False,,Fertilizers & Agrochemicals,Pesticides & Agrochemicals,28.131416837782343,False,False
MIIL.NS,2026-09-17,,,,,,,,,,False,False,False,False,False,False,False,False,False,,noise,,False,True,False,False,,Realty,"Residential, Commercial Projects",,False,False
MENONBE.NS,2026-09-16,297.1499938964844,301.31749725341797,264.13499959309894,244.34778259277343,170.5978705851237,156.16315647125245,298.1782602153059,100.57782056732867,324.0,True,True,True,True,True,True,True,False,False,126.59401331241233,noise,56.72420993716696,False,True,False,False,,Auto Components,Auto Components & Equipments,97.3305954825462,True,True
MENNPIS.NS,2026-09-17,,,,,,,,,,False,False,False,False,False,False,False,False,False,,noise,,False,True,False,False,,Auto Components,Auto Components & Equipments,,False,False
MEP.NS,2026-09-16,0.6499999761581421,0.6958333402872086,0.6369444446431266,0.6263999998569488,0.8301333340009054,1.0751000010967255,0.6775416075976577,0.5,2.869999885559082,False,False,False,False,True,False,False,False,False,-57.79220829486125,noise,21.4192387087655,False,False,False,False,,Transport Infrastructure,"Road AssetsToll, Annuity, Hybrid-Annuity",4.876796714579055,False,False
MERCANTILE.NS,2026-09-17,,,,,,,,,,False,False,False,False,False,False,False,False,False,,noise,,False,False,False,False,,Commercial Services & Supplies,Diversified Commercial Services,,False,False
MERCURYEV.NS,2026-09-18,,,,,,,,,,False,False,False,False,False,False,False,False,False,,red,100.09622888404957,False,True,False,False,,Automobiles,Passenger Cars & Utility Vehicles,,False,False
METROBRAND.NS,2026-09-16,948.2999877929688,935.1451416015625,949.8950449625651,976.8076916503907,1001.2924910481771,1026.2303463745118,940.8167085503454,880.1070066672106,1332.1929881655078,False,False,False,False,False,False,False,True,False,-25.920654871845684,noise,44.76793651259333,False,False,False,False,,Consumer Durables,Footwear,33.059548254620125,False,False
METROGLOBL.NS,2026-09-17,,,,,,,,,,False,False,False,False,False,False,False,False,False,,dry,6.08289830777431,False,False,False,False,,Commercial Services & Supplies,Trading & Distributors,,False,False
METROPOLIS.NS,2026-09-17,586.2999877929688,585.9291687011719,574.0375027126736,573.1480017089843,522.9790248616537,511.72618194580076,583.5780056492986,411.4375158286193,609.0499877929688,True,True,True,True,True,True,True,True,False,14.840956638655832,noise,49.64613845257732,False,False,False,False,,Healthcare Services,Healthcare Service Provider,76.95071868583162,True,True
MICEL.NS,2026-09-16,34.29999923706055,36.753333727518715,36.96861139933268,37.040600051879885,39.277799911499024,39.9763498878479,35.981593983204405,29.969999313354492,73.8499984741211,False,False,False,False,False,False,False,False,False,-50.96497393353712,noise,32.22315284384044,False,False,False,False,,Industrial Products,Other Industrial Products,7.751540041067761,False,False
MICROPRO.NS,2026-09-16,18.399999618530273,18.962499777475994,18.745833184983994,19.00400001525879,19.225333398183185,19.379750037193297,18.82704376750827,15.149999618530273,25.399999618530273,False,False,False,False,False,False,False,False,False,-19.298244586685065,dry,0.0,False,False,False,False,,IT - Software,Computers - Software & Consulting,42.19712525667351,False,False
MIDWESTLTD.NS,2026-09-17,,,,,,,,,,False,False,False,False,False,False,False,False,False,,green,268.8242085990729,False,False,False,False,,Consumer Durables,Granites & Marbles,,False,False
MLKFOOD.NS,2026-09-17,,,,,,,,,,False,False,False,False,False,False,False,False,False,,noise,,False,False,False,False,,Food Products,Dairy Products,,False,False
MILKYMIST.NS,2026-09-18,,,,,,,,,,False,False,False,False,False,False,False,False,False,,noise,,False,False,False,False,,Food Products,Dairy Products,,False,False
MILTON.NS,2026-09-16,37.900001525878906,37.31666660308838,36.88194444444444,36.90000022888184,42.2546666208903,41.053499927520754,37.528248434620224,24.850000381469727,53.5,False,True,True,False,True,True,False,True,False,37.818187366832376,dry,7.886435331230284,False,False,False,False,,Consumer Durables,Plywood Boards/ Laminates,86.49897330595483,True,False
MINALIND.NS,2026-09-17,,,,,,,,,,False,False,False,False,False,False,False,False,False,,noise,,False,False,False,False,,Commercial Services & Supplies,Trading & Distributors,,False,False
MINDACORP.NS,2026-09-16,671.5499877929688,699.8916625976562,712.3296797010634,703.8405847167969,614.9174275716146,605.4298544311523,695.3439590172105,467.97365403461544,769.0,True,True,True,True,False,True,True,False,False,32.048909826220886,noise,38.29448547372845,False,False,False,False,,Auto Components,Auto Components & Equipments,84.18891170431212,True,False
MINDPOOL.NS,2026-09-16,71.0999984741211,71.0999984741211,71.0999984741211,71.0999984741211,71.0999984741211,71.0999984741211,71.09999847412104,71.0999984741211,71.0999984741211,False,False,False,False,False,False,True,True,False,0.0,dry,0.0,False,False,True,True,,IT - Services,IT Enabled Services,64.73305954825463,False,False
MINDSPACE.NS,2026-09-18,505.5799865722656,497.6791687011719,494.50089687771265,492.12995178222656,468.99659912109377,468.36888000488284,497.6530149372255,406.1813134441438,508.70001220703125,True,True,True,True,True,False,True,True,False,18.713353618050267,ppv,368.0453727949559,True,False,True,False,,Realty,Real Estate Investment Trusts (REITs),78.49075975359344,True,False
MINDTECK.NS,2026-09-16,154.47000122070312,164.70083363850912,176.5526262919108,183.42245208740235,194.09857442220053,198.07593154907227,161.86863644152552,144.3729668382626,306.0750642033879,False,False,False,False,False,False,False,False,False,-29.050542559423832,noise,40.66636453017316,False,True,False,False,,IT - Software,Computers - Software & Consulting,28.79876796714579,False,False
MIRZAINT.NS,2026-09-18,29.139999389648438,30.453333059946697,31.720555517408584,33.15659996032715,32.51633335113525,33.7476999950409,30.15522656727179,24.950000762939453,44.0,False,False,False,False,False,False,False,False,False,-23.07286544884374,noise,74.911492136574,False,False,False,False,,Consumer Durables,Leather And Leather Products,37.782340862423,False,False
MIDHANI.NS,2026-09-17,407.8500061035156,431.8249969482422,424.0,418.78800109863283,392.3883359781901,378.5333442687988,425.47389446575056,266.6499938964844,482.3999938964844,True,True,True,True,False,True,True,False,False,-0.8764924695921161,noise,40.66127219390178,False,False,False,False,,Aerospace & Defense,Aerospace & Defense,63.75770020533881,False,False
MITCON.NS,2026-09-16,80.26000213623047,79.84583346048991,78.16305541992188,77.09239974975586,73.30579999287923,71.2109999847412,80.00766093502489,49.560001373291016,91.69999694824219,True,True,True,True,True,True,True,True,False,23.68624270481028,noise,86.90241578075702,False,False,False,False,,Commercial Services & Supplies,Consulting Services,81.36550308008214,True,True
MITTAL.NS,2026-09-16,0.7699999809265137,0.8208333303531011,0.8677777763870027,0.8840000009536744,0.9322666688760122,0.9816499981284141,0.8162888530135657,0.699999988079071,1.8200000524520874,False,False,False,False,False,False,False,False,False,-50.0,noise,150.80656789319676,False,False,False,False,,Textiles & Apparels,Garments & Apparels,8.367556468172484,False,False
MMP.NS,2026-09-16,456.3500061035156,430.7113901774089,373.9854210747613,348.22466430664065,284.6822370402018,276.4919409942627,442.2389085999376,184.26453135354302,498.0,True,True,True,True,True,True,True,True,False,65.34491812131652,noise,59.188552692835216,False,False,False,False,,Non - Ferrous Metals,Aluminium,92.40246406570843,True,True
MMTC.NS,2026-09-16,59.79999923706055,62.31333255767822,63.14777755737305,63.23599990844727,63.444999872843425,63.22489994049072,61.96822882033468,50.099998474121094,78.3499984741211,False,True,False,False,False,False,True,False,False,-9.763086968079381,noise,48.80238388293899,False,False,False,False,,Commercial Services & Supplies,Trading & Distributors,54.158110882956876,False,False
MODTHREAD.NS,2026-09-17,50.349998474121094,52.777499516805015,51.84805541568332,50.62999992370605,47.417866719563804,46.48750005722046,52.286540733522784,35.61000061035156,65.6500015258789,True,True,True,True,False,True,True,False,False,-8.237653628123386,dry,19.734257916364513,False,True,False,False,,Textiles & Apparels,Other Textile Products,55.95482546201232,False,False
MODINATUR.NS,2026-09-17,,,,,,,,,,False,False,False,False,False,False,False,False,False,,noise,47.99994203780584,False,False,False,False,,Agricultural Food & other Products,Other Agricultural Products,,False,False
MODIRUBBER.NS,2026-09-16,119.0999984741211,126.18583424886067,124.78305625915527,125.71740036010742,125.26706624348958,123.97799991607666,124.65076380400744,98.41000366210938,167.5,False,True,False,True,False,False,False,False,False,5.735084445558258,noise,29.36100692606825,False,False,False,False,,Auto Components,Tyres & Rubber Products,68.94250513347022,False,False
MODIS.NS,2026-09-17,,,,,,,,,,False,False,False,False,False,False,False,False,False,,dry,14.44299085260195,False,True,False,False,,Realty,"Residential, Commercial Projects",,False,False
MODISONLTD.NS,2026-09-16,455.04998779296875,487.92083231608075,384.6277779473199,358.09165954589844,248.6372895304362,223.25654930114746,476.47510312375346,112.84731995786822,546.0,True,True,True,True,True,True,True,False,False,190.19923432643319,noise,49.97448969082654,False,False,False,False,,Electrical Equipment,Other Electrical Equipment,99.07597535934292,True,True
MHHL.NS,2026-09-16,32.20000076293945,31.966666380564373,34.087499883439804,34.25899990081787,36.64066663106283,37.27874996185303,32.45865161969118,29.200000762939453,54.5,False,False,False,False,False,False,False,False,False,-39.3596955023784,red,136.36363636363635,False,False,False,False,,Healthcare Equipment & Supplies,Medical Equipment & Supplies,17.248459958932237,False,False
MOHITIND.NS,2026-09-16,23.229999542236328,23.644166469573975,24.101111094156902,23.766800003051756,23.552199948628743,24.475549964904786,23.563453435823657,18.600000381469727,39.88999938964844,False,False,False,False,False,False,False,False,False,-38.83623006260704,dry,11.126549201807157,False,False,False,False,,Textiles & Apparels,Other Textile Products,18.01848049281314,False,False
MOHITE.NS,2026-09-17,,,,,,,,,,False,False,False,False,False,False,False,False,False,,noise,,False,False,False,False,,Textiles & Apparels,Other Textile Products,,False,False
MOIL.NS,2026-09-18,243.8800048828125,246.37666447957358,260.50333234998914,263.7923992919922,285.87446685791014,298.4252953338623,245.12351658483806,234.05999755859375,398.6210131186603,False,False,False,False,False,False,False,False,False,-30.286049768760336,noise,24.604750820294004,False,False,False,False,,Minerals & Mining,Industrial Minerals,27.41273100616016,False,False
MOKSH.NS,2026-09-16,9.930000305175781,10.166666666666666,10.358888864517212,10.622599964141846,11.476133308410645,12.220699982643128,10.141979746323967,8.109999656677246,16.649999618530273,False,False,False,False,False,False,False,False,False,-28.458211647675057,noise,54.37741682026793,False,False,False,False,,Consumer Durables,"Gems, Jewellery And Watches",29.466119096509242,False,False
MOLBIO.NS,2026-09-18,,,,,,,,,,False,False,False,False,False,False,False,False,False,,noise,,False,False,False,False,,Healthcare Equipment & Supplies,Medical Equipment & Supplies,,False,False
MOLDTKPAC.NS,2026-09-17,661.8499755859375,681.5481974283854,685.0145721435547,685.3538366699219,631.6864809163411,617.3790565490723,674.4513329817967,461.32377134684066,828.5177141997364,True,True,True,True,False,True,True,False,False,-17.412804295973615,noise,25.670621140039206,False,True,False,False,,Industrial Products,Packaging,44.507186858316224,False,False
MOLDTECH.NS,2026-09-17,194.14999389648438,204.95454025268555,188.33899222479926,171.9654640197754,141.20819091796875,142.33241401672365,199.95498753991876,100.14482747342075,224.8553567212878,True,False,False,True,True,True,True,False,False,16.177910023440447,dry,16.890359730947004,False,False,False,False,,Construction,Civil Construction,77.61806981519507,True,False
MONARCH.NS,2026-09-16,368.95001220703125,375.31667073567706,381.827759636773,375.6283148193359,326.8734133911133,319.89483741760256,373.67397026363756,234.84913080056816,405.91149198853304,True,True,True,True,False,True,True,False,False,14.368515911074908,ppv,109.32093472898086,False,False,False,False,,Capital Markets,Stockbroking & Allied,76.74537987679672,True,False
MONEYBOXX.NS,2026-09-17,,,,,,,,,,False,False,False,False,False,False,False,False,False,,dry,17.476301532490854,False,False,False,False,,Finance,Non Banking Financial Company (NBFC),,False,False
MONOPHARMA.NS,2026-09-16,8.550000190734863,8.862499952316284,8.704166558053759,9.236999921798706,11.042999982833862,11.891499955654144,8.829146392156137,7.5,25.5,False,False,False,False,False,False,False,False,False,-65.03067515770925,noise,45.248868778280546,False,False,False,False,,Pharmaceuticals & Biotechnology,Pharmaceuticals,2.4640657084188913,False,False
MONTECARLO.NS,2026-09-18,553.0499877929688,557.7250010172526,536.5527776082357,536.9279998779297,544.0203332519532,569.3599990844726,553.426957629068,464.0,860.9500122070312,False,False,False,False,True,False,False,False,False,-10.510629884243771,green,192.7009450820729,False,True,False,False,,Textiles & Apparels,Garments & Apparels,53.02874743326489,False,False
MORARJEE.NS,2026-09-16,8.760000228881836,9.303333441416422,10.230000019073486,10.584999961853027,8.549999968210857,8.26164998292923,9.207552741440278,5.579999923706055,12.40999984741211,True,True,True,True,False,True,False,False,False,-2.882485761495157,dry,0.0,False,False,False,False,,Textiles & Apparels,Other Textile Products,61.755646817248454,False,False
MOREPENLAB.NS,2026-09-18,120.9000015258789,115.90913836161296,96.48497708638509,85.573423538208,58.10339075724284,53.36847368240356,114.94090841102144,32.995170514607494,123.44999694824219,True,True,True,True,True,True,True,True,False,124.30245392746441,noise,72.98300891982326,False,False,True,False,,Pharmaceuticals & Biotechnology,Pharmaceuticals,97.22792607802874,True,True
MOS.NS,2026-09-16,5.449999809265137,7.149999976158142,9.572222113609314,10.578999948501586,13.485666615168254,15.690999963283538,6.8152728630869195,5.449999809265137,55.5,False,False,False,False,False,False,False,False,False,-90.09090943769975,noise,95.66205720780451,False,False,False,True,,Financial Technology (Fintech),Financial Technology (Fintech),0.1540041067761807,False,False
MOSCHIP.NS,2026-09-18,208.88999938964844,209.20500055948892,209.36666700575086,215.2466000366211,203.40379974365234,202.1576000213623,208.04153879762868,146.8000030517578,288.45001220703125,True,True,False,True,False,True,False,True,False,-19.968586807371082,noise,45.52828096657213,False,True,False,False,,IT - Hardware,Computers Hardware & Equipments,41.427104722792606,False,False
MSUMI.NS,2026-09-18,35.66999816894531,36.2491668065389,38.32499991522895,38.89020011901855,39.09182589213054,40.54857583999634,36.123021469173864,34.7599983215332,52.823297143452564,False,False,False,False,False,False,False,False,False,-25.355340766552416,red,312.9797065705243,False,True,False,False,,Auto Components,Auto Components & Equipments,33.7782340862423,False,False
MOTILALOFS.NS,2026-09-16,976.5,1020.8499959309896,960.5222235785591,955.1710009765625,859.2540010579427,850.9817575073242,1011.1626433824017,614.9000244140625,1088.3156211947492,True,True,False,True,True,True,True,False,False,5.349086663729863,noise,63.25065774190023,False,False,False,False,,Capital Markets,Stockbroking & Allied,68.73716632443532,False,False
MOTISONS.NS,2026-09-18,18.299999237060547,16.43666664759318,15.773611227671305,15.303000049591065,14.080466683705648,14.097900013923645,16.764904563070058,10.619999885559082,19.989999771118164,True,False,False,True,True,True,True,True,False,-5.082994889433634,ppv,225.47417552687637,False,False,False,False,,Consumer Durables,"Gems, Jewellery And Watches",59.18891170431212,False,False
MOTOGENFIN.NS,2026-09-16,25.0,27.394166946411133,26.746944427490234,26.991599998474122,25.294399960835776,24.75744999885559,26.580722470628967,17.5,34.400001525878906,False,True,False,True,False,True,False,False,False,-4.83441353495806,noise,33.27545733828999,False,False,False,False,,Commercial Services & Supplies,Diversified Commercial Services,59.70225872689938,False,False
MOXSH.NS,2026-09-16,95.0,97.88333320617676,103.51666662428114,104.475,116.52166783650716,108.57250087738038,96.53271084691553,33.5,140.0,False,True,True,False,False,True,False,False,False,137.20350014911133,green,125.0,False,False,False,False,,Other Consumer Services,Education,98.04928131416838,True,False
MPDL.NS,2026-09-17,,,,,,,,,,False,False,False,False,False,False,False,False,False,,noise,,False,False,False,False,,Realty,"Residential, Commercial Projects",,False,False
MPHASIS.NS,2026-09-16,2316.699951171875,2373.875,2420.7138875325522,2398.2199951171874,2265.7914705403646,2385.5053680419924,2349.7758858705665,1960.4413570175507,2957.899861042516,False,False,False,True,False,False,True,False,False,-19.381506518327505,noise,30.906957488655458,False,False,False,False,,IT - Software,Computers - Software & Consulting,42.04312114989733,False,False
MPSLTD.NS,2026-09-16,2610.199951171875,2645.883341471354,2737.5583224826387,2604.7439965820313,1995.4146614583333,1981.080494995117,2638.8237718567634,1336.0999755859375,2979.0,True,True,True,True,True,True,True,False,False,19.755910911302223,dry,17.987122622934532,False,False,False,False,,Printing & Publication,Printing & Publication,79.2094455852156,True,True
MRF.NS,2026-09-18,125670.0,128259.16666666667,131520.27777777778,131720.10625,131867.67453125,135646.015,127643.53970180266,121787.43505408362,163308.4863287346,False,False,False,False,False,False,True,False,False,-16.56548840675569,ppv,190.41626958058458,False,False,False,False,,Auto Components,Tyres & Rubber Products,45.37987679671458,False,False
BECTORFOOD.NS,2026-09-18,221.5500030517578,231.4687525431315,233.80736796061197,222.77700927734375,199.98006693522134,208.57242660522462,230.54259017198171,164.52941938217484,278.33899243412714,True,False,False,True,False,True,True,False,False,-18.665119906410133,dry,19.411791933895593,False,True,False,False,,Food Products,Packaged Foods,43.06981519507187,False,False
MSPL.NS,2026-09-18,34.150001525878906,34.49583339691162,34.74499956766764,35.34439964294434,36.26999993642171,35.73679988861084,34.12180375773257,26.25,46.119998931884766,False,True,False,False,False,True,False,True,False,-16.010817378169627,noise,77.35265583155788,False,False,False,False,,Industrial Products,Iron & Steel Products,45.94455852156057,False,False
MSTCLTD.NS,2026-09-16,695.449951171875,731.4803314208984,669.0656246609158,655.7889282226563,538.1176373291015,520.5310536193848,721.5126565789451,357.9805560549056,795.731978165477,True,True,True,True,True,True,True,False,False,32.707785758885045,noise,65.5426879249904,False,False,False,False,,Commercial Services & Supplies,Trading & Distributors,84.49691991786447,True,True
MTEDUCARE.NS,2026-09-16,1.7400000095367432,1.8075000047683716,1.8602777851952448,1.8630000042915345,1.6968000014623006,1.6990500020980834,1.811384655373522,1.1699999570846558,2.5299999713897705,True,False,False,True,False,True,False,False,False,-14.285712607891753,noise,34.441775743688545,False,True,False,False,,Other Consumer Services,Education,48.15195071868583,False,False
MTARTECH.NS,2026-09-18,7202.0,7227.625,6991.736111111111,6693.69,6055.6300016276045,5207.931500244141,7142.258776511799,1752.5999755859375,8714.0,True,True,True,True,True,True,True,True,False,306.3645997618792,noise,57.43991223631066,False,False,False,False,,Electrical Equipment,Other Electrical Equipment,99.64065708418892,True,True
MUFIN.NS,2026-09-17,132.1999969482422,134.62249883015951,135.36305533515082,133.19919982910156,121.84513336181641,119.97949993133545,133.80342245396952,85.12999725341797,141.5,True,True,True,True,False,True,True,False,False,50.05675282398017,green,107.02128208873506,False,False,False,False,,Finance,Non Banking Financial Company (NBFC),89.63039014373717,True,False
MUKANDLTD.NS,2026-09-16,134.88999938964844,136.81749979654947,137.2390954759386,136.9922947692871,132.54037963867188,131.41312076568605,137.12276938948241,111.91673941994071,151.02053644043738,True,True,False,True,False,False,True,False,False,-0.5955842029290781,noise,84.06100188259373,False,False,False,False,,Industrial Products,Iron & Steel Products,64.16837782340863,False,False
MUKESHB.NS,2026-09-17,,,,,,,,,,False,False,False,False,False,False,False,False,False,,noise,,False,False,False,False,,Finance,Non Banking Financial Company (NBFC),,False,False
MUKKA.NS,2026-09-18,26.93000030517578,30.199999809265137,26.69277784559462,25.692800025939942,23.911066665649415,23.85045000076294,29.632035306802045,18.270000457763672,33.290000915527344,True,True,False,True,True,True,True,False,False,-2.5334740385543952,noise,67.78523938892381,False,False,False,False,,Food Products,Animal Feed,62.217659137576995,False,False
MUKTAARTS.NS,2026-09-16,55.650001525878906,57.40250015258789,57.086666636996796,56.32219993591308,55.32553329467773,56.92305004119873,57.26416286477384,37.0099983215332,72.80000305175781,False,False,False,False,False,True,True,False,False,-18.806535187437213,dry,2.5542494196177707,False,False,False,False,,Entertainment,"Film Production, Distribution & Exhibition",42.86447638603696,False,False
MCX.NS,2026-09-18,3260.0,3270.8749796549478,3073.2520412868926,2990.6633642578126,2843.630126953125,2695.528076171875,3255.513932475631,1532.8441284104038,3471.4939344339746,True,True,True,True,True,True,True,True,False,106.35144957575586,green,100.82892216386936,False,False,False,False,,Capital Markets,Exchange and Data Platform,96.66324435318275,True,True
MUNJALAU.NS,2026-09-18,103.98999786376953,108.4149996439616,109.52407307094998,107.51105361938477,92.56316543579102,88.49941165924072,106.72005870647104,66.61489043568629,129.46286953315382,True,True,True,True,False,True,True,False,False,15.608761283052285,dry,11.620385512943031,False,False,False,False,,Auto Components,Auto Components & Equipments,77.36139630390144,True,False
MUNJALSHOW.NS,2026-09-16,124.66999816894531,127.92250124613444,132.0863742828369,131.83384017944337,127.07042317708333,124.9733086013794,127.44645803374414,106.8602903898512,146.19417979589696,False,True,False,True,False,False,True,False,False,-9.064386486983722,noise,26.586952888363385,False,False,False,False,,Auto Components,Auto Components & Equipments,54.97946611909651,False,False
MURUDCERA.NS,2026-09-18,28.260000228881836,29.514166673024494,30.330000135633682,30.487800102233887,31.432599983215333,32.10695002555847,29.32409062526979,25.15999984741211,46.0,False,False,False,False,False,False,False,False,False,-36.72189806216623,noise,79.74722451303164,False,False,False,False,,Consumer Durables,Ceramics,20.431211498973305,False,False
RADIOCITY.NS,2026-09-16,6.03000020980835,6.2475000222524,6.56194445821974,6.434400005340576,6.137933327356975,6.216200001239777,6.213493928464347,4.5,9.25,False,False,False,True,False,True,False,False,False,-29.720276650028865,noise,22.61923551858282,False,False,False,False,,Entertainment,Media & Entertainment,27.97741273100616,False,False
MUTHOOTCAP.NS,2026-09-16,234.02000427246094,236.79583485921225,243.85972213745117,237.16260040283203,216.31906717936198,228.10430046081544,234.24903337143877,175.25,303.0,True,False,False,True,False,True,True,False,False,-15.653273030733605,ppv,170.74626806565115,False,False,False,False,,Finance,Non Banking Financial Company (NBFC),46.765913757700204,False,False
MUTHOOTFIN.NS,2026-09-16,2771.39990234375,2865.258341471354,2939.5333251953125,2965.80798828125,3199.1265738932293,3346.6505029296877,2842.378001298116,2671.0,4114.708242760882,False,False,False,False,False,False,False,False,False,-4.840538495572922,noise,61.525687125263715,False,False,False,False,,Finance,Non Banking Financial Company (NBFC),59.54825462012321,False,False
MUTHOOTMF.NS,2026-09-16,187.41000366210938,197.69166692097983,211.76750055948892,220.88480010986328,194.69973337809245,191.08085014343263,195.86426268445203,141.1999969482422,262.7699890136719,False,True,False,True,False,True,False,False,False,15.799559999268364,noise,21.934373136868814,False,True,False,False,,Finance,Microfinance Institutions,77.4640657084189,True,False
MVELECTRO.NS,2026-09-18,,,,,,,,,,False,False,False,False,False,False,False,False,False,,noise,,False,False,False,False,,Industrial Manufacturing,Industrial Products,,False,False
MYSORPETRO.NS,2026-09-16,,,,,,,,,,False,False,False,False,False,False,False,False,False,,noise,,False,False,False,False,,Chemicals & Petrochemicals,Trading - Chemicals,,False,False
NKIND.NS,2026-09-16,57.619998931884766,57.27166620890299,59.52972221374512,60.293000106811526,63.19993326822917,63.81244987487793,57.346949960085404,49.65999984741211,87.77999877929688,False,False,False,False,False,False,False,True,False,-12.644027089671638,dry,14.249982680238988,False,False,False,False,,Agricultural Food & other Products,Edible Oil,50.256673511293634,False,False
NRAIL.NS,2026-09-18,625.2000122070312,607.5500030517578,539.6320241292318,515.3463018798828,469.69053853352864,466.71200820922854,609.8554223717347,355.9225758175958,685.0,True,True,False,True,True,True,True,True,False,60.20919692912785,noise,65.39795245541559,False,False,False,False,,"Paper, Forest & Jute Products",Paper & Paper Products,91.4271047227926,True,False
NACLIND.NS,2026-09-17,148.8800048828125,159.60833231608072,170.38583331637912,181.37620025634766,167.42866653442383,166.0843928909302,157.10578791007944,112.62000274658203,245.0,False,True,False,True,False,True,False,False,False,-38.73250827867798,noise,43.8111633761476,False,False,False,False,,Fertilizers & Agrochemicals,Pesticides & Agrochemicals,18.326488706365502,False,False
NDGL.NS,2026-09-16,2668.60009765625,2733.9916788736978,2762.566446940104,2765.733984375,2632.777337239583,2682.608420410156,2716.928967069285,2098.158116181439,4046.4476254342076,False,False,False,True,False,False,False,False,False,-29.56188487961624,dry,19.67194946248476,False,False,False,False,,Finance,Non Banking Financial Company (NBFC),28.182751540041068,False,False
NAGAFERT.NS,2026-09-16,1.8600000143051147,1.9683333436648052,2.2188888788223267,2.387999997138977,3.3954000027974445,3.7448500061035155,1.9524633272711456,1.8600000143051147,5.690000057220459,False,False,False,False,False,False,False,False,False,-65.03759484420736,dry,0.0,False,False,False,True,,Fertilizers & Agrochemicals,Fertilizers,2.4127310061601643,False,False
NAGREEKCAP.NS,2026-09-18,28.190000534057617,24.59833335876465,23.551111115349663,23.494400062561034,25.768000055948892,26.14835003852844,25.55381648793078,19.299999237060547,42.75,True,False,False,False,True,True,False,True,False,4.562320071788761,ppv,569.984334308871,False,False,False,False,,Finance,Investment Company,68.06981519507187,False,False
NAGREEKEXP.NS,2026-09-16,21.25,22.12333329518636,22.431666533152264,22.792999839782716,24.58193328857422,24.940999965667725,22.067864948377075,17.5,40.0,False,False,False,False,False,False,False,False,False,-15.874901791556095,noise,44.42365378247243,False,False,False,False,,Textiles & Apparels,Other Textile Products,46.201232032854215,False,False
NAHARCAP.NS,2026-09-16,250.0500030517578,256.5762456258138,256.5140732659234,253.8629656982422,245.90840606689454,246.45828247070312,255.6132697138761,189.89595271929917,305.2254226265647,True,False,False,True,False,True,True,False,False,-12.672299697504986,noise,35.81731944648184,False,False,False,False,,Finance,Investment Company,50.154004106776185,False,False
NAHARINDUS.NS,2026-09-16,127.30000305175781,134.24833488464355,127.51111221313477,124.50040084838867,112.99480010986328,111.14770015716553,132.18973453829858,83.05000305175781,154.0,True,True,True,True,True,True,True,False,False,12.505524821086823,noise,79.8770444031061,False,False,False,False,,Textiles & Apparels,Other Textile Products,75.30800821355236,True,True
NAHARPOLY.NS,2026-09-16,225.83999633789062,238.91796112060547,246.32659657796225,249.47299102783202,247.08855255126954,244.69803535461426,234.88371819250884,198.79221954105063,336.7540102498069,False,True,False,True,False,False,False,False,False,-21.542780736757273,noise,31.60384086276783,False,False,False,False,,Industrial Products,Packaging,39.52772073921971,False,False
NAHARSPING.NS,2026-09-16,261.79998779296875,280.923589070638,292.8049663967556,287.41924743652345,253.27055521647137,236.38171432495116,275.37317757247297,148.69077797520234,347.8088684400749,True,True,True,True,False,True,True,False,False,21.793575110937468,noise,41.196364305288924,False,True,False,False,,Textiles & Apparels,Other Textile Products,80.39014373716633,True,False
NGIL.NS,2026-09-18,38.040000915527344,36.50166670481364,39.03388871086968,39.079199905395505,35.36040000915527,33.65795001983643,35.783922596754756,22.010000228881836,43.88999938964844,True,True,True,True,False,True,True,True,False,13.18060168023736,green,110.30149559559771,False,False,False,False,,Food Products,Packaged Foods,75.97535934291582,True,False
NSIL.NS,2026-09-16,5397.5,5614.25,5610.444444444444,5566.14,5605.982659505208,5787.966994628906,5559.9950028557705,4700.0,8730.0,False,False,False,False,False,False,False,False,False,-24.515768128102934,noise,60.23847835953294,False,False,False,False,,Finance,Investment Company,35.16427104722793,False,False
NAMAN.NS,2026-09-16,37.650001525878906,39.63333288828532,41.50972228580051,42.67599998474121,48.820666809082034,52.68100023269653,39.261630080465835,37.0,92.75,False,False,False,False,False,False,False,False,False,-59.00925187659436,red,123.15270935960592,False,False,False,True,,Consumer Durables,"Furniture, Home Furnishing",4.260780287474333,False,False
NDL.NS,2026-09-16,2.890000104904175,2.8708333174387612,2.6299999554951987,2.5525999641418458,2.574599983692169,2.6712499886751173,2.8569082694657504,1.7999999523162842,3.75,True,False,False,False,True,True,True,True,False,-18.13030797939712,noise,96.90798981100731,False,False,False,False,,Textiles & Apparels,Other Textile Products,43.634496919917865,False,False
JAIPURKURT.NS,2026-09-16,24.489999771118164,25.46833308537801,26.581666628519695,26.86759994506836,29.61953327178955,30.557850008010863,25.308862318210327,23.90999984741211,42.7400016784668,False,False,False,False,False,False,False,False,False,-39.125030947597175,noise,29.253842475359697,False,False,False,True,,Textiles & Apparels,Garments & Apparels,17.5564681724846,False,False
NH.NS,2026-09-18,1928.5,1886.0166524251301,1878.3722127278645,1919.2689721679687,1856.0777848307291,1854.0179437255858,1888.2811546247663,1585.4858653846154,2092.89990234375,True,True,False,True,True,False,True,True,False,8.10908907514123,noise,96.31197983709463,False,False,False,False,,Healthcare Services,Hospital,71.35523613963038,True,False
NARMADA.NS,2026-09-16,13.770000457763672,14.020833492279053,14.621527830759684,15.518800010681153,16.793766695658366,15.749975023269654,14.074884621575887,9.949999809265137,22.584999084472656,False,True,True,False,False,True,False,False,False,26.62069386449353,dry,10.467335627231842,False,False,False,False,,Food Products,Animal Feed,82.34086242299796,True,False
NATCOPHARM.NS,2026-09-16,813.2999877929688,827.6291656494141,874.2094658745659,895.3363000488281,967.6941084798177,945.463356628418,825.4935025478092,784.9091438882253,1224.7250830949197,False,True,False,False,False,False,False,False,False,-4.061634199200437,red,119.36062569446007,False,False,False,False,,Pharmaceuticals & Biotechnology,Pharmaceuticals,60.47227926078029,False,False
NATHBIOGEN.NS,2026-09-16,146.0500030517578,150.05399703979492,153.40391074286566,155.20392852783203,156.79491678873697,154.7953781890869,149.08584884606174,124.49568289143575,201.32475438689224,False,True,False,False,False,False,False,False,False,-11.789512429880666,noise,21.58371926162677,False,False,False,False,,Agricultural Food & other Products,Other Agricultural Products,51.33470225872689,False,False
NATIONSTD.NS,2026-09-18,,,,,,,,,,False,False,False,False,False,False,False,False,False,,noise,,False,False,False,False,,Realty,"Residential, Commercial Projects",,False,False
NATIONALUM.NS,2026-09-17,355.70001220703125,365.8541666666667,377.9994820488824,369.2628289794922,380.19397603352866,366.4356036376953,363.604744347946,191.85563717985323,443.3731066930094,False,True,True,False,False,True,True,False,False,74.76814942078217,noise,44.934366817424866,False,False,False,False,,Non - Ferrous Metals,Aluminium,94.19917864476386,True,False
NFL.NS,2026-09-17,66.83999633789062,68.40488179524739,69.70524470011394,70.08173934936524,72.63686080932617,75.24567108154297,67.97456607847187,62.40134764762116,97.23156174422384,False,False,False,False,False,False,False,False,False,-30.50162396991172,noise,83.88242682364397,False,False,False,False,,Fertilizers & Agrochemicals,Fertilizers,27.15605749486653,False,False
NATCAPSUQ.NS,2026-09-17,178.5800018310547,196.4191640218099,174.91083229912653,166.34119903564454,158.9292662556966,163.49694969177247,187.08793353779762,136.36000061035156,296.0,True,False,False,True,True,True,False,False,False,-5.702821191941998,noise,21.59803786056389,False,True,False,False,,Pharmaceuticals & Biotechnology,Pharmaceuticals,58.67556468172484,False,False
NAVA.NS,2026-09-18,562.2999877929688,554.9749959309896,563.1072472466362,565.7435424804687,589.8502811686197,581.6085266113281,554.3241626114691,497.0066711243156,732.5560380476754,False,True,False,False,False,False,True,True,False,-19.105902364658345,ppv,240.44933570511694,False,False,False,False,,Power,Power Generation,42.45379876796714,False,False
NAVINFLUOR.NS,2026-09-18,8590.0,8529.208333333334,8330.680555555555,8138.1,7226.94318359375,6918.317546386719,8449.95682221082,4488.291781017636,8949.5,True,True,True,True,True,True,True,True,False,73.26498591262707,ppv,137.73175428683447,False,False,False,False,,Chemicals & Petrochemicals,Specialty Chemicals,94.0965092402464,True,True
NAVKARCORP.NS,2026-09-16,85.55999755859375,94.00166702270508,97.62555609809027,100.03260009765626,97.92933344523112,98.13955013275147,92.72031074718986,74.05000305175781,132.0,False,False,False,True,False,False,False,False,False,-33.45259960759386,red,285.6756289798648,False,False,False,False,,Transport Services,Logistics Solution Provider,23.562628336755647,False,False
NAVKARURB.NS,2026-09-17,0.824999988079071,0.8796686381101608,0.9473142292764452,0.9758855068683624,0.9616385273138682,1.0900436440110206,0.8730824203240973,0.6957831206810043,2.907073262225829,False,False,False,False,False,False,False,False,False,-67.77106901989443,noise,69.64885349224745,False,False,False,False,,Construction,Civil Construction,1.7967145790554413,False,False
NAVNETEDUL.NS,2026-09-16,125.02999877929688,129.9525006612142,132.50472153557672,136.56079971313477,139.29323364257812,140.60211769104004,128.3730435756339,120.20616844926178,164.1333558091885,False,False,False,False,False,False,True,False,False,-18.395091495177628,noise,29.355560774590938,False,False,False,False,,Household Products,Stationary,43.275154004106774,False,False
NAZARA.NS,2026-09-17,362.54998779296875,366.6583251953125,357.4944424099392,342.9779974365234,294.4977321370443,286.14479888916014,363.871649239464,215.6999969482422,380.0,True,True,True,True,True,True,True,False,False,32.305445075541385,noise,52.59091944318591,False,False,False,False,,Entertainment,Digital Entertainment,84.34291581108829,True,True
NBCC.NS,2026-09-18,82.4000015258789,83.75583394368489,88.06785371568468,90.1485984802246,92.99425964355468,96.51349002838134,83.13780992226265,76.65010804466255,124.82730179011317,False,False,False,False,False,False,False,False,False,-24.201168108203706,noise,90.94726772533068,False,False,False,False,,Construction,Civil Construction,35.728952772073924,False,False
NBIFIN.NS,2026-09-17,1960.0999755859375,1988.6999918619792,2044.282718234592,2086.365476074219,1957.7671736653647,2011.9179638671876,1988.8713854133791,1538.454019385706,2989.938782188696,False,False,False,True,False,False,False,False,False,-23.558713131572993,red,175.6050529056664,False,False,False,False,,Finance,Non Banking Financial Company (NBFC),37.063655030800824,False,False
NCC.NS,2026-09-18,137.1300048828125,142.64083353678384,143.31018575032553,141.82799865722657,146.61614430745442,148.0413516998291,140.0399071826362,128.02376544116242,214.1936174256928,False,False,False,False,False,False,False,False,False,-35.46218072208346,green,107.19564110762782,False,False,False,False,,Construction,Civil Construction,21.45790554414784,False,False
NCLIND.NS,2026-09-16,172.4199981689453,174.40032704671225,174.59445741441516,177.0305615234375,177.24407094319662,181.12134017944337,174.34982813785334,145.84372031876111,210.68426307184774,False,False,False,False,False,False,True,False,False,-16.857755139956552,noise,73.98641978226216,False,False,False,False,,Cement & Cement Products,Cement & Cement Products,44.969199178644764,False,False
NDLVENTURE.NS,2026-09-18,123.0,122.58897527058919,123.32213550143771,124.2962400817871,122.76078216552735,114.85713905334472,121.76029183256487,79.68109607806538,139.44191964019768,True,True,True,True,False,True,True,True,False,42.53495041778179,noise,77.37771934544506,False,False,False,False,,Finance,Other Financial Services,88.03901437371663,True,False
NDRAUTO.NS,2026-09-16,670.5499877929688,709.7750040690104,765.334720187717,782.4523254394531,771.5463081868489,772.4001983642578,702.0896011514877,602.1346391634679,1180.8825022330911,False,False,False,True,False,False,False,False,False,-37.443452337569106,noise,70.0155953606384,False,False,False,False,,Auto Components,Auto Components & Equipments,19.71252566735113,False,False
NDTV.NS,2026-09-18,71.72000122070312,71.9683329264323,74.35444344414606,75.69119934082032,77.60366633097331,80.31899990081787,71.79346772050104,58.75,134.5,False,False,False,False,False,False,False,False,False,-43.00699037837772,noise,70.06050771173152,False,False,False,False,,Entertainment,TV Broadcasting & Software Production,13.70636550308008,False,False
NECLIFE.NS,2026-09-16,10.899999618530273,11.852499882380167,11.281944433848063,11.135199966430664,11.629533316294353,13.133750004768372,11.608561955118692,9.300000190734863,22.399999618530273,False,False,False,False,False,False,False,False,False,-35.844615860092446,red,107.69594117791821,False,False,False,False,,Pharmaceuticals & Biotechnology,Pharmaceuticals,21.25256673511294,False,False
NEAGI.NS,2026-09-17,,,,,,,,,,False,False,False,False,False,False,False,False,False,,noise,,False,False,False,False,,Agricultural Food & other Products,Tea & Coffee,,False,False
NELCAST.NS,2026-09-16,103.8499984741211,113.17416699727376,117.28277757432726,121.51358673095703,127.66353881835937,121.57396816253662,110.68454898199384,85.51137386740619,172.2559904918423,False,True,False,False,False,False,False,False,False,-29.000395061594453,noise,21.15993327543861,False,False,False,False,,Industrial Products,Castings & Forgings,28.850102669404514,False,False
NELCO.NS,2026-09-17,965.25,941.5749969482422,959.6374952528212,945.5699975585937,776.1845912679037,758.1192713928223,945.0475438460132,499.3681252958441,1120.0,True,True,True,True,True,True,True,True,False,14.006921880959776,noise,45.5166036148869,False,False,False,False,,IT - Hardware,Computers Hardware & Equipments,76.59137577002053,True,True
NEOGEN.NS,2026-09-18,2488.39990234375,2298.491658528646,2202.3948601616753,2181.1182861328125,1811.1769791666666,1653.5944277954102,2339.4616877668263,966.2326038611084,2498.199951171875,True,True,True,True,True,True,True,True,False,58.45237098628555,green,173.13106824919467,False,False,True,False,,Chemicals & Petrochemicals,Specialty Chemicals,91.27310061601642,True,True
NEPHROCARE.NS,2026-09-17,91.6500015258789,92.17916615804036,85.63194476233588,80.0260001373291,76.57200017293295,85.55950016021728,92.33573316263518,50.04999923706055,168.0,True,False,False,False,True,True,False,False,False,-44.11585272812262,noise,31.48779847808974,False,False,False,False,,Healthcare Services,Hospital,12.628336755646819,False,False
NEPHROPLUS.NS,2026-09-17,,,,,,,,,,False,False,False,False,False,False,False,False,False,,noise,22.618120305544803,False,False,False,False,,Healthcare Services,Healthcare Service Provider,,False,False
NESCO.NS,2026-09-16,1075.5999755859375,1071.8666585286458,1054.4944458007812,1059.3513830566405,1112.3895926920572,1132.4486392211913,1078.0508664516988,989.6270152436205,1628.413458753058,False,False,False,False,True,False,False,False,False,-31.403169588097413,noise,52.18217269413512,False,False,False,False,,Commercial Services & Supplies,Diversified Commercial Services,25.87268993839836,False,False
NESTLEIND.NS,2026-09-18,1372.4000244140625,1392.8916727701824,1458.2916632758247,1456.1459985351562,1380.745282389323,1352.7489001464844,1390.8557504245039,1133.4029066422722,1553.0,False,True,True,True,False,False,True,False,False,15.124350507521122,red,171.3131679475129,False,False,False,False,,Food Products,Packaged Foods,77.00205338809035,True,False
NETWEB.NS,2026-09-18,4664.5,4924.375,5029.728054470486,4823.83671875,4227.978466796875,3967.2795031738283,4821.384823948493,2916.4820949657396,5813.0,True,True,True,True,False,True,True,False,False,53.649393775531436,noise,73.52693238588034,False,False,False,False,,IT - Services,IT Enabled Services,90.4517453798768,True,False
NPST.NS,2026-09-18,1828.5,1733.5266215006511,1637.0932752821182,1614.2949780273439,1376.7474169921875,1376.773515625,1751.0919780431284,845.6871520602764,2136.194048094807,True,False,False,True,True,True,True,True,False,-11.690767894575115,red,118.87401602126184,False,False,False,False,,Financial Technology (Fintech),Financial Technology (Fintech),51.437371663244356,False,False
NETWORK18.NS,2026-09-16,26.1200008392334,27.10499970118205,28.58972210354275,28.992799911499024,31.58000006357829,33.95199999809265,26.91278457185646,25.709999084472656,58.099998474121094,False,False,False,False,False,False,False,False,False,-52.32706624790171,green,101.12009803005463,False,False,False,False,,Entertainment,Media & Entertainment,7.186858316221765,False,False
NEUEON.NS,2026-09-16,11.09000015258789,11.710833311080933,14.030277729034424,14.141999988555908,16.860066712697346,14.459900014400482,11.862871539617691,5.21999979019165,27.399999618530273,False,True,True,False,False,True,False,False,False,112.45211874195738,noise,84.16774370700715,False,False,False,False,,Electrical Equipment,Heavy Electrical Equipment,96.86858316221766,True,False
NEULANDLAB.NS,2026-09-16,22625.0,23140.416666666668,22484.333333333332,21471.3821484375,17327.717688802084,16673.356704101563,23109.58617075973,11478.786028437366,24225.0,True,True,True,True,True,True,True,False,False,39.737460284928595,noise,75.8760822632094,False,False,False,False,,Pharmaceuticals & Biotechnology,Pharmaceuticals,87.11498973305955,True,True
NIACL.NS,2026-09-18,187.66000366210938,201.30083465576172,188.9647216796875,184.595400390625,165.27357971191407,161.9667091369629,194.50127313577536,116.0144662714778,242.60000610351562,True,True,True,True,True,True,True,False,False,-3.4418806372741084,red,138.4719680235958,False,False,False,False,,Insurance,General Insurance,61.19096509240246,False,False
NEWGEN.NS,2026-09-18,497.29998779296875,509.0541636149089,530.1388871934679,532.187485961914,489.11411458333333,550.8290153503418,505.70691423044366,396.6099082577377,1030.4143551726484,False,False,False,False,False,False,False,False,False,-43.15314164426297,dry,18.85930472410125,False,False,False,False,,IT - Software,Computers - Software & Consulting,13.552361396303903,False,False
NEWJAISA.NS,2026-09-16,18.450000762939453,17.670833428700764,16.762500074174667,16.752000007629395,19.027333323160807,20.318250017166136,17.600863609244676,13.350000381469727,51.5,False,False,False,False,True,True,False,True,False,-60.492504365051005,green,130.784708249497,False,False,False,False,,IT - Hardware,Computers Hardware & Equipments,3.9014373716632447,False,False
NEXTMEDIA.NS,2026-09-16,3.799999952316284,4.022500018278758,3.934166669845581,3.934000015258789,4.29513334274292,4.6840500116348265,3.9066144383564287,3.1600000858306885,8.479999542236328,False,False,False,False,False,False,False,False,False,-39.004816361438586,noise,25.537496254066237,False,False,False,False,,Entertainment,Media & Entertainment,17.864476386036962,False,False
NXST.NS,2026-09-16,166.4600067138672,167.12250010172525,167.0432120429145,166.08893829345703,157.75054361979167,156.64594345092775,167.0505033448211,142.9262433598787,189.1042709723323,True,True,True,True,True,False,True,False,False,13.154729490742035,red,157.65383554244363,False,True,False,False,,Realty,Real Estate Investment Trusts (REITs),75.87268993839835,True,False
NGLFINE.NS,2026-09-16,2673.800048828125,2743.7916870117188,3031.3238525390625,3070.810380859375,2680.148103027344,2387.0606280517577,2735.4286352474464,1270.2352838363754,3599.8325981661596,False,True,True,True,False,True,False,False,False,85.5603963328394,noise,94.44524994764228,False,False,False,False,,Pharmaceuticals & Biotechnology,Pharmaceuticals,95.07186858316223,True,False
NHPC.NS,2026-09-18,76.94999694824219,76.16666603088379,76.68729337056477,77.36683166503906,77.45362859090169,77.3509593963623,76.12407969371733,71.42454681386315,87.39771312453149,False,True,False,False,False,False,True,True,False,-9.800838157270253,ppv,162.38642728829615,False,False,False,False,,Power,Power Generation,53.95277207392197,False,False
NIBE.NS,2026-09-17,1250.0999755859375,1298.941670735677,1378.6749911838108,1424.8599951171875,1281.29033203125,1237.0367504882813,1284.5071673790123,809.5999755859375,1848.0,False,True,True,True,False,True,False,False,False,0.9644588175838464,noise,39.31393886491216,False,False,False,False,,Aerospace & Defense,Aerospace & Defense,65.55441478439425,False,False
NICCOPAR.NS,2026-09-17,,,,,,,,,,False,False,False,False,False,False,False,False,False,,noise,,False,False,False,False,,Leisure Services,Amusement Parks/ Other Recreation,,False,False
NIDAN.NS,2026-09-16,13.5,13.633333365122477,13.49444447623359,13.453999996185303,14.367333335876465,15.35574999332428,13.574417636720357,11.5,24.899999618530273,False,False,False,False,True,False,False,False,False,-26.430519240573823,noise,40.32258064516129,False,False,False,False,,Healthcare Services,Healthcare Service Provider,32.340862422997944,False,False
NIITLTD.NS,2026-09-16,85.3499984741211,94.53333218892415,95.8551148308648,95.92263809204101,81.75159166971842,82.41635900497437,92.44035036362723,48.46923652674774,113.17072989283828,True,False,False,True,False,True,True,False,False,-22.870635306456467,noise,69.91580257098677,False,False,False,False,,Other Consumer Services,Education,37.936344969199176,False,False
NIITMTS.NS,2026-09-18,217.16000366210938,224.6149991353353,232.16583167182074,232.8171243286133,260.88252329508464,293.9578392791748,225.18378350229523,200.50434899542847,437.79574031188224,False,False,False,False,False,False,False,False,False,-34.33107647806547,red,214.6660636862971,False,False,False,False,,Other Consumer Services,Education,22.3305954825462,False,False
NILAINFRA.NS,2026-09-18,6.630000114440918,6.665833353996277,6.994166652361552,7.075999984741211,7.601199979782105,7.9794499921798705,6.662543889246155,5.900000095367432,11.550000190734863,False,False,False,False,False,False,False,False,False,-37.15639815567526,green,111.4194393664756,False,True,False,False,,Realty,"Residential, Commercial Projects",19.969199178644764,False,False
NILASPACES.NS,2026-09-16,12.5600004196167,12.367499828338623,12.39611111746894,12.341000003814697,12.919933287302653,13.494749984741212,12.37201531537822,11.350000381469727,20.469999313354492,False,False,False,False,True,False,False,True,False,-22.75522605893332,green,204.52900655985252,False,False,False,False,,Realty,"Residential, Commercial Projects",38.19301848049281,False,False
NILE.NS,2026-09-17,,,,,,,,,,False,False,False,False,False,False,False,False,False,,noise,,False,True,False,False,,Minerals & Mining,Industrial Minerals,,False,False
NILKAMAL.NS,2026-09-16,1920.5,2052.4500020345054,1946.9388970269097,1811.119013671875,1453.2672469075521,1434.2546282958983,2030.8321269055148,1034.4655321576956,2149.5,True,True,True,True,True,True,True,False,False,26.55861850660255,noise,26.359537234410514,False,False,False,False,,Consumer Durables,Plastic Products - Consumer,82.28952772073922,True,True
NIMBSPROJ.NS,2026-09-17,,,,,,,,,,False,False,False,False,False,False,False,False,False,,noise,76.28695215449132,False,False,False,False,,Realty,"Residential, Commercial Projects",,False,False
NINSYS.NS,2026-09-16,709.3499755859375,710.1874949137369,731.5902811686198,773.6390026855469,605.6846673583984,549.5892503356934,711.0508661428094,281.04998779296875,935.0,True,True,True,True,False,True,True,False,False,58.03719860534975,noise,88.3310673582087,False,False,False,False,,IT - Software,Computers - Software & Consulting,91.17043121149896,True,False
NAM-INDIA.NS,2026-09-18,1155.0,1165.7333374023438,1185.3000081380208,1178.9720092773437,1065.858036295573,1015.912575378418,1159.14111743001,787.2052851605498,1269.5,True,True,True,True,False,True,True,False,False,40.610719558166195,green,132.48352131597807,False,False,False,False,,Capital Markets,Asset Management Company,87.37166324435319,True,False
NIRAJ.NS,2026-09-16,27.610000610351562,28.394999821980793,28.68666670057509,28.804799995422364,28.939666684468587,30.63445011138916,28.039023256043873,20.149999618530273,51.97999954223633,False,False,False,False,False,True,False,False,False,-43.37571460055087,noise,35.455817836780035,False,True,False,False,,Construction,Civil Construction,13.295687885010269,False,False
NIRAJISPAT.NS,2026-09-16,300.0,353.2191645304362,262.5861104329427,242.73659973144532,236.49566670735678,227.8781999206543,320.4929755589714,155.0,429.6499938964844,True,True,False,True,True,True,False,False,False,-15.801288162177073,dry,1.788780767029193,False,False,False,False,,Consumer Durables,Plastic Products - Consumer,46.50924024640657,False,False
NIRLON.NS,2026-09-17,,,,,,,,,,False,False,False,False,False,False,False,False,False,,dry,12.433045077603175,False,False,False,False,,Commercial Services & Supplies,Diversified Commercial Services,,False,False
NIRMAN.NS,2026-09-16,26.850000381469727,27.987499872843426,31.52638891008165,34.215,44.25166659037272,48.44299993515015,27.877666651067337,26.649999618530273,231.0,False,False,False,False,False,False,False,False,False,-82.8379668231298,noise,38.377192982456144,False,False,False,True,,Agricultural Food & other Products,Other Agricultural Products,0.4620123203285421,False,False
NITCO.NS,2026-09-16,85.16999816894531,93.0233325958252,96.28499921162923,99.24219909667968,93.55426635742188,92.07539966583252,91.76475331341787,64.0,123.58999633789062,False,True,False,True,False,True,False,False,False,-26.234194661102173,noise,66.46056889062741,False,False,False,False,,Consumer Durables,Ceramics,32.648870636550306,False,False
NITINSPIN.NS,2026-09-16,628.0,636.6888376871744,592.5246276855469,578.7567456054687,491.3344885253906,448.7502293395996,635.8046773225715,300.8041771483202,665.0,True,True,True,True,True,True,True,False,False,90.37845322983588,noise,59.70354257733136,False,False,False,False,,Textiles & Apparels,Other Textile Products,95.53388090349077,True,True
NITIRAJ.NS,2026-09-16,230.02000427246094,220.90083440144858,212.08916685316296,210.21900024414063,203.708000386556,199.18360023498536,224.26504638392453,168.0,241.0,True,True,True,True,True,True,True,True,False,7.263192378677585,noise,75.80247795194059,False,False,False,False,,Consumer Durables,Consumer Electronics,70.68788501026694,True,True
NITTAGELA.NS,2026-09-16,,,,,,,,,,False,False,False,False,False,False,False,False,False,,ppv,109.65202692175863,False,True,False,False,,Chemicals & Petrochemicals,Specialty Chemicals,,False,False
NIVABUPA.NS,2026-09-18,79.58999633789062,80.09749984741211,82.72777790493436,83.73860000610351,80.56340006510416,79.5775500869751,80.15722407349773,67.5,91.4000015258789,False,True,True,True,False,False,True,False,False,-2.534909663712448,noise,92.4808798884601,False,False,False,False,,Insurance,General Insurance,62.114989733059545,False,False
NLCINDIA.NS,2026-09-18,268.79998779296875,267.31249237060547,276.40554979112414,282.12799560546875,294.62966603597005,283.47184684753415,265.7329201602618,226.77005491875443,387.79998779296875,False,True,True,False,False,False,False,True,False,7.055911920882041,green,138.34121365468553,False,False,False,False,,Power,Power Generation,70.48254620123203,True,False
NMDC.NS,2026-09-17,80.80000305175781,83.3350003560384,84.70111147562663,84.52159988403321,85.09859990437826,83.42058464050292,82.57341441177721,70.10877049673599,97.48999786376953,False,True,True,False,False,False,True,False,False,9.996338862430033,noise,26.879668422121973,False,False,False,False,,Minerals & Mining,Industrial Minerals,73.15195071868584,True,False
NSLNISP.NS,2026-09-18,42.599998474121094,43.78249994913737,43.51333342658149,43.27380027770996,42.53926676432292,42.35810009002685,42.986735157025485,33.0099983215332,53.75,True,True,False,True,False,False,True,False,False,-5.689616557458955,noise,88.26426492698154,False,False,False,False,,Ferrous Metals,Iron & Steel,58.72689938398358,False,False
NOCIL.NS,2026-09-18,194.55999755859375,184.24166615804037,172.3888897365994,169.9063070678711,165.07540639241537,160.29125995635985,185.27671168407736,124.15050882479248,202.60776684401816,True,True,False,True,True,True,True,True,False,8.339989866718378,ppv,153.45677623789032,False,False,False,False,,Chemicals & Petrochemicals,Specialty Chemicals,71.66324435318275,True,False
NOIDATOLL.NS,2026-09-16,3.9600000381469727,4.075000027815501,4.178888910346561,4.298000016212463,4.268733347256978,4.235800013542176,4.030962494147084,2.869999885559082,7.429999828338623,False,True,False,True,False,True,False,False,False,-9.79498499809428,noise,45.87891766970426,False,False,False,False,,Transport Infrastructure,"Road AssetsToll, Annuity, Hybrid-Annuity",54.00410677618069,False,False
NORBTEAEXP.NS,2026-09-16,64.55999755859375,66.38750012715657,66.68277804056804,67.35900039672852,75.99560028076172,77.81815013885497,65.79940912864646,47.5,99.3499984741211,False,False,False,False,False,True,False,False,False,32.53951708484762,noise,82.03414049143936,False,False,False,False,,Agricultural Food & other Products,Tea & Coffee,84.39425051334702,True,False
NECCLTD.NS,2026-09-16,18.969999313354492,18.370000044504803,16.472222248713177,16.194400005340576,15.506266689300537,15.981500024795531,18.660890977013445,10.550000190734863,24.010000228881836,True,False,False,True,True,True,True,True,False,-8.357494617499217,noise,41.13476566369835,False,False,False,False,,Transport Services,Logistics Solution Provider,55.80082135523614,False,False
NORTHARC.NS,2026-09-17,310.54998779296875,304.3041687011719,292.82361178927954,296.50300048828126,275.23673370361325,271.0236505126953,302.85975540891707,206.0,334.0,True,True,True,True,True,True,True,True,False,17.94978074148359,green,144.78722948365566,False,False,False,False,,Finance,Non Banking Financial Company (NBFC),78.18275154004107,True,True
NOVAAGRI.NS,2026-09-18,22.899999618530273,23.05916674931844,23.85499996609158,23.59279998779297,26.01959997812907,28.883300046920777,22.991272939677124,18.1200008392334,51.9900016784668,False,False,False,False,False,False,False,False,False,-54.99214005936622,noise,76.58946111227138,False,False,False,False,,Fertilizers & Agrochemicals,Fertilizers,6.006160164271048,False,False
NOVARTIND.NS,2026-09-18,,,,,,,,,,False,False,False,False,False,False,False,False,False,,noise,62.482537288635086,False,False,False,False,,Pharmaceuticals & Biotechnology,Pharmaceuticals,,False,False
NRBBEARING.NS,2026-09-16,471.29998779296875,480.3666687011719,467.334723578559,452.19900085449217,365.79526967366536,340.64225357055665,486.2533241283384,211.10343900049978,519.0,True,True,True,True,True,True,True,False,False,71.8516825455608,red,113.54917397403351,False,False,False,False,,Auto Components,Auto Components & Equipments,93.78850102669405,True,True
NIBL.NS,2026-09-18,30.969999313354492,31.18833303451538,32.20055553648207,32.91940006256104,31.3017333984375,31.20160006523132,31.308223767074573,25.299999237060547,40.79999923706055,False,True,False,True,False,False,True,False,False,-5.952022391913625,noise,24.883129634002582,False,False,False,False,,Industrial Products,Abrasives & Bearings,58.41889117043121,False,False
NTCIND.NS,2026-09-17,,,,,,,,,,False,False,False,False,False,False,False,False,False,,noise,,False,False,False,False,,Cigarettes & Tobacco Products,Cigarettes & Tobacco Products,,False,False
NTPC.NS,2026-09-18,323.6499938964844,331.02083079020184,333.8512234157986,336.406484375,360.8504319254557,354.2419886779785,329.4878444783019,309.83848166590883,409.97128898871665,False,True,True,False,False,False,True,False,False,-1.3460202690942835,red,110.49088290045792,False,False,False,False,,Power,Power Generation,63.19301848049281,False,False
NTPCGREEN.NS,2026-09-18,88.55000305175781,87.82500139872234,90.07805591159396,90.93840072631836,96.69986689249674,95.2710001373291,87.87550884328577,84.0,119.94999694824219,False,True,False,False,False,False,False,True,False,-14.68349333205331,ppv,85.649920643191,False,False,False,False,,Power,Power Generation,47.79260780287474,False,False
NUCLEUS.NS,2026-09-16,692.4500122070312,718.6000111897787,717.6791670057509,726.136767578125,757.6476725260417,792.5114297485352,709.3181600851245,678.5980828958152,1066.8741885000632,False,False,False,False,False,False,False,False,False,-31.50260867381175,noise,26.993709035514097,False,False,False,False,,IT - Software,Software Products,25.718685831622178,False,False
NRL.NS,2026-09-16,133.97999572753906,128.82333374023438,119.4977781507704,115.54280014038086,78.72406682332357,73.06840007781983,130.69120603314536,45.099998474121094,139.0,True,True,True,True,True,True,True,True,False,86.3421319668759,noise,87.01260365100481,False,False,False,False,,Metals & Minerals Trading,Trading - Metals,95.2258726899384,True,True
NURECA.NS,2026-09-16,338.29998779296875,330.9125010172526,328.21138848198785,312.9678002929688,276.3675336710612,280.37840003967284,330.14189626651023,204.0,358.0,True,False,True,True,True,True,True,True,False,30.673246804194786,noise,29.5668192881367,False,False,False,False,,Healthcare Equipment & Supplies,Medical Equipment & Supplies,83.82956878850104,True,False
NUVAMA.NS,2026-09-18,1713.699951171875,1771.9333190917969,1744.6055467393662,1787.4739916992187,1546.385398763021,1510.2890417480469,1740.4331734590048,1086.5091731363827,2066.0,True,True,True,True,False,True,True,False,False,37.19229865651788,noise,65.59672001057537,False,True,False,False,,Capital Markets,Stockbroking & Allied,86.24229979466119,True,False
NUVOCO.NS,2026-09-16,316.20001220703125,331.875,333.2763892279731,337.19300048828126,320.3250008138021,328.19325073242186,327.0971376073728,276.25,453.25,False,False,False,True,False,False,False,False,False,-28.590781182480374,dry,14.599823275977384,False,False,False,False,,Cement & Cement Products,Cement & Cement Products,29.209445585215605,False,False
ONGC.NS,2026-09-18,232.8000030517578,234.46833292643228,235.8647321065267,238.49916595458984,259.6745975748698,254.71973175048828,234.16774648480452,222.40769220653587,306.19702215663295,False,True,False,False,False,False,True,False,False,4.060412789581402,noise,97.07706915987238,False,True,False,False,,Oil,Oil Exploration & Production,67.65913757700204,False,False
OBCL.NS,2026-09-16,56.97999954223633,55.556666692097984,54.504444652133515,54.12560012817383,55.07659998575846,55.137050037384036,55.929330553929496,46.5099983215332,62.0,True,False,False,False,True,False,True,True,False,0.10541351936259602,ppv,132.72855344361835,False,False,False,False,,Transport Services,Logistics Solution Provider,64.83572895277207,False,False
OBEROIRLTY.NS,2026-09-18,1785.0,1796.625,1828.874996609158,1839.7640942382814,1695.5712215169272,1674.4668133544922,1771.9036005710723,1387.9800889099738,1983.9545449282684,True,True,True,True,False,False,True,True,False,9.170489225003099,green,178.0943499020386,False,False,False,False,,Realty,"Residential, Commercial Projects",72.38193018480493,True,False
OCCLLTD.NS,2026-09-17,154.64999389648438,160.1541659037272,159.94497383965387,153.58830780029297,119.32294754028321,113.32007865905761,157.1749291468817,74.8847757046385,181.03500175688677,True,True,True,True,True,True,True,False,False,14.659994042515345,noise,70.18661039342848,False,False,False,False,,Chemicals & Petrochemicals,Commodity Chemicals,76.84804928131416,True,True
ODIGMA.NS,2026-09-17,21.0,22.429999828338623,22.567222118377686,22.694799842834474,24.40886661529541,25.96394994735718,22.039815184304913,20.0,56.09000015258789,False,False,False,False,False,False,False,False,False,-49.85673480321837,red,288.7080577582326,False,False,False,False,,IT - Services,IT Enabled Services,8.470225872689939,False,False
ODYCORP.NS,2026-09-17,,,,,,,,,,False,False,False,False,False,False,False,False,False,,noise,,False,False,False,False,,Finance,Non Banking Financial Company (NBFC),,False,False
OILCOUNTUB.NS,2026-09-16,63.0,63.8208335240682,60.53972212473551,59.115399856567386,54.693533223470055,55.47544994354248,62.541554388109006,35.650001525878906,83.5999984741211,True,False,False,True,True,True,True,True,False,-23.793393739706502,ppv,219.04948289099312,False,False,False,False,,Oil,Oil Equipment & Services,36.601642710472284,False,False
OIL.NS,2026-09-18,475.70001220703125,488.7374979654948,475.0131488376194,466.23442932128904,464.82615559895834,456.2468701171875,484.9082602410501,387.23696307717745,529.9163379046904,True,True,True,True,True,False,True,False,False,22.229149632933918,red,123.63123004278947,False,False,False,False,,Oil,Oil Exploration & Production,80.69815195071868,True,False
OLAELEC.NS,2026-09-18,36.38999938964844,37.77083396911621,38.606111102634,38.59080009460449,36.14973345438639,35.89650019645691,37.617593250031504,22.25,59.20000076293945,True,True,False,True,False,True,False,False,False,-36.94333743380797,noise,96.4791273063577,False,False,False,False,,Automobiles,2/3 Wheelers,20.071868583162217,False,False
OLECTRA.NS,2026-09-18,1198.800048828125,1209.3416646321614,1292.522223578559,1310.4359985351562,1233.9243343098958,1209.8387503051758,1207.6450521928025,866.5999755859375,1714.199951171875,False,True,False,True,False,True,False,False,False,-27.939409806656958,noise,51.63820179461609,False,False,False,False,,Automobiles,Passenger Cars & Utility Vehicles,30.236139630390145,False,False
OMFREIGHT.NS,2026-09-17,,,,,,,,,,False,False,False,False,False,False,False,False,False,,noise,61.57053898733772,False,False,False,False,,Transport Services,Logistics Solution Provider,,False,False
OMINFRAL.NS,2026-09-16,80.41999816894531,81.62930997212727,84.69860564337836,85.67059143066406,86.96145090738932,88.20355773925782,81.32495864391257,71.06761067080576,143.1291715588873,False,False,False,False,False,False,False,False,False,-24.433459382592815,noise,26.66338282657649,False,False,False,False,,Construction,Civil Construction,35.318275154004105,False,False
OMPOWER.NS,2026-09-17,,,,,,,,,,False,False,False,False,False,False,False,False,False,,green,118.9692529787073,False,False,False,False,,Construction,Civil Construction,,False,False
OMAXAUTO.NS,2026-09-16,167.10000610351562,177.7849998474121,187.87356440226236,199.56462493896484,173.10074478149414,154.37267669677735,175.53397743622384,82.52199549472783,260.1032164095451,False,True,True,True,False,True,False,False,False,18.707718556763055,noise,69.20142484172283,False,False,False,False,,Auto Components,Auto Components & Equipments,78.4394250513347,True,False
OMAXE.NS,2026-09-16,115.06999969482422,125.44666798909505,106.44194497002496,102.20460037231446,85.82006703694661,82.94140026092529,121.30288711704246,62.5,138.88999938964844,True,True,True,True,True,True,True,False,False,29.64172704526604,dry,17.378723633451468,False,False,False,False,,Realty,"Residential, Commercial Projects",83.47022587268994,True,True
OMFURN.NS,2026-09-16,53.0,55.19166660308838,58.62638918558756,57.55900024414063,56.16633328755697,61.36424989700318,54.49270482660151,38.0,140.0,False,False,False,False,False,True,False,False,False,-58.349705304518665,dry,0.0,False,False,False,False,,Consumer Durables,"Furniture, Home Furnishing",4.4661190965092405,False,False
OMNI.NS,2026-09-18,,,,,,,,,,False,False,False,False,False,False,False,False,False,,red,438.32179550232377,False,False,False,False,,Industrial Manufacturing,Industrial Products,,False,False
ONDOOR.NS,2026-09-16,280.45001220703125,290.42916615804035,271.42222128974066,255.83699951171874,194.66499959309897,175.8222497558594,286.4929278254991,100.0,340.0,True,True,True,True,True,True,True,False,False,68.69173666588347,ppv,78.38133430550492,False,False,False,False,,Retailing,Diversified Retail,93.06981519507187,True,True
PAYTM.NS,2026-09-18,1849.9000244140625,1739.0750020345051,1629.9277750651042,1544.7439990234375,1254.1586661783854,1256.7805004882812,1761.4285246394911,930.5999755859375,1855.5,True,False,True,True,True,True,True,True,False,50.484011302004504,green,102.85730450364396,False,False,True,False,,Financial Technology (Fintech),Financial Technology (Fintech),89.98973305954824,True,False
ONEGLOBAL.NS,2026-09-17,,,,,,,,,,False,False,False,False,False,False,False,False,False,,noise,,False,False,False,False,,Healthcare Services,Healthcare Service Provider,,False,False
MOBIKWIK.NS,2026-09-18,212.47999572753906,199.23666508992514,199.4825007120768,202.76600036621093,198.3129337565104,205.05040031433106,201.41986058112502,151.4600067138672,305.95001220703125,True,False,False,False,True,True,False,True,False,-29.598092360645555,green,228.0174746546608,False,False,False,False,,Financial Technology (Fintech),Financial Technology (Fintech),28.080082135523615,False,False
ONEPOINT.NS,2026-09-16,56.279998779296875,56.2508331934611,56.807499991522896,56.211599884033205,54.41846674601237,54.1251501083374,56.55823455970586,40.58000183105469,65.8499984741211,True,True,True,True,True,True,True,False,False,27.359132220657155,red,166.55959103767128,False,False,False,False,,Commercial Services & Supplies,Business Process Outsourcing (BPO)/ Knowledge Process Outsourcing (KPO),82.75154004106776,True,True
OLIL.NS,2026-09-16,430.79998779296875,424.20416259765625,416.8916659884983,418.5869995117188,387.79866678873697,368.0299998474121,426.85240806157844,246.0,479.8999938964844,True,True,True,True,True,True,True,True,False,67.10628711857464,red,238.2241472658365,False,False,False,False,,Transport Services,Logistics Solution Provider,92.76180698151951,True,True
ONELIFECAP.NS,2026-09-16,32.33000183105469,32.14583349227905,33.2688889503479,34.385200004577634,25.513890215555826,23.011319904327394,32.302438090903216,11.149999618530273,40.099998474121094,True,True,True,True,False,True,True,True,False,163.91838229432398,dry,8.441652166243014,False,True,False,False,,Capital Markets,Stockbroking & Allied,98.71663244353182,True,False
KISSHT.NS,2026-09-17,,,,,,,,,,False,False,False,False,False,False,False,False,False,,ppv,172.9146445894817,False,False,True,False,,Finance,Other Financial Services,,False,False
ONESOURCE.NS,2026-09-17,1580.0,1568.5249938964844,1557.5249938964844,1589.1199951171875,1590.17599609375,1584.1329968261718,1573.9943948008306,1057.0,1925.0,False,True,False,False,False,True,True,True,False,-13.91991283029147,noise,41.4849918613379,False,False,False,False,,Pharmaceuticals & Biotechnology,Pharmaceuticals,48.459958932238195,False,False
ONIDA.NS,2026-09-17,32.290000915527344,33.69999980926514,36.00555557674832,36.853799972534176,35.24953328450521,33.76979995727539,33.42158696764824,21.5,49.22999954223633,False,True,True,True,False,True,False,False,False,11.344830743197743,red,653.8409135150617,False,False,False,False,,Consumer Durables,Consumer Electronics,74.38398357289527,True,False
ONIXSOLAR.NS,2026-09-17,,,,,,,,,,False,False,False,False,False,False,False,False,False,,noise,,False,False,False,False,,Non - Ferrous Metals,Copper,,False,False
ONMOBILE.NS,2026-09-16,51.810001373291016,48.70416673024496,57.74194441901313,59.664400024414064,54.663199996948244,54.881399974823,49.54959278138567,40.209999084472656,84.0,False,False,False,True,False,False,False,True,False,-4.28597755227238,noise,88.05511906060613,False,False,False,False,,Media,Web based media and service,60.26694045174538,False,False
ONWARDTEC.NS,2026-09-16,278.6000061035156,284.51666259765625,286.52083163791235,286.3059991455078,263.81053944905597,269.7012168884277,283.6497034027856,202.5474502609932,339.05421608387906,True,False,False,True,False,True,True,False,False,-10.500303964061953,dry,9.303983256122782,False,False,False,False,,IT - Services,IT Enabled Services,53.08008213552361,False,False
OPTIEMUS.NS,2026-09-18,590.0999755859375,573.4124959309896,575.1263885498047,582.1079992675782,468.4056667073568,469.2995002746582,582.8831836823579,288.0,713.0,True,False,False,True,True,True,True,True,False,-11.082655936472307,noise,64.9458425362626,False,False,False,False,,Telecom -  Equipment & Accessories,Telecom -  Equipment & Accessories,52.20739219712526,False,False
OPTIFIN.NS,2026-09-17,,,,,,,,,,False,False,False,False,False,False,False,False,False,,noise,,False,False,True,False,,Finance,Non Banking Financial Company (NBFC),,False,False
OFSS.NS,2026-09-18,11896.0,11795.333333333334,11788.527777777777,11668.8,9569.307535807291,9051.267158203125,11772.444376035357,6060.863819699785,12540.0,True,True,True,True,True,True,True,True,False,35.43895259243512,noise,53.63998153016971,False,False,False,False,,IT - Software,Software Products,85.52361396303901,True,True
ORBTEXP.NS,2026-09-16,224.58999633789062,236.52166620890299,240.57931306627063,237.65478393554687,196.89784352620444,194.11342414855957,234.68074258418557,134.72293208187594,278.03816878415637,True,True,True,True,False,True,True,False,False,17.08645623969538,noise,52.65033988318726,False,False,False,False,,Textiles & Apparels,Other Textile Products,77.77207392197126,True,False
ORCHASP.NS,2026-09-17,1.3700000047683716,1.4233333269755046,1.4533333248562283,1.526199996471405,1.9054666646321614,2.1224499952793123,1.446021189043926,1.25,4.159999847412109,False,False,False,False,False,False,False,False,False,-46.89922305112212,red,331.0411082157417,False,False,False,False,,IT - Software,Computers - Software & Consulting,10.164271047227926,False,False
ORCHPHARMA.NS,2026-09-16,957.5,973.4083302815756,994.7486131456163,1003.0299975585938,799.9146630859375,789.7582476806641,982.5799414754067,480.0,1133.0,True,True,True,True,False,True,True,False,False,34.97321215781726,noise,47.89661320625707,False,False,False,False,,Pharmaceuticals & Biotechnology,Pharmaceuticals,85.26694045174537,True,False
ORIANA.NS,2026-09-17,269.7699890136719,573.6474889119467,1079.539448208279,1181.6424041748046,1609.207798461914,1720.558599090576,452.315690797682,240.1999969482422,3064.0,False,False,False,False,False,False,False,False,False,-89.10086258782859,ppv,599.230059052032,True,False,False,False,,Electrical Equipment,Other Electrical Equipment,0.20533880903490762,False,False
ORICONENT.NS,2026-09-16,51.380001068115234,52.76333395640055,53.98416709899902,54.69460021972656,60.449266815185545,60.59060010910034,52.43246338037698,48.810001373291016,73.12000274658203,False,False,False,False,False,False,False,False,False,-6.420312822095853,noise,58.15800506332076,False,True,False,False,,Industrial Products,Packaging,58.2135523613963,False,False
ORIENTBELL.NS,2026-09-16,384.20001220703125,404.9916712443034,365.79305860731336,352.2214288330078,320.9674560546875,309.91202056884765,397.9706753513014,245.77001941542372,434.95001220703125,True,True,True,True,True,True,True,False,False,24.469349037239674,red,146.4828479280688,False,False,False,False,,Consumer Durables,Ceramics,81.67351129363449,True,True
ORIENTCEM.NS,2026-09-18,124.55000305175781,125.40833218892415,130.60611067877875,132.2969999694824,137.30280314127603,144.17540153503418,124.73803106223389,120.5999984741211,236.37657618219657,False,False,False,False,False,False,False,False,False,-45.346287548984066,ppv,912.7052033236724,False,False,False,False,,Cement & Cement Products,Cement & Cement Products,11.242299794661191,False,False
ORIENTCER.NS,2026-09-17,46.11000061035156,44.9225123723348,43.54320706261529,42.807937927246094,40.56323290506999,41.38365419387817,45.136946894743424,33.73449197109154,56.19769697696197,True,False,True,True,True,True,True,True,False,21.180994025293543,noise,76.08752412709146,False,False,False,False,,Industrial Products,Electrodes & Refractories,79.92813141683777,True,False
ORIENTELEC.NS,2026-09-16,168.39999389648438,175.49833297729492,180.0261107550727,178.20237213134766,177.53169576009114,176.70616325378418,174.05883906927315,148.40382189942517,215.64378647408492,False,True,False,True,False,False,True,False,False,-15.841385061132884,dry,14.178431209390741,False,False,False,False,,Consumer Durables,Household Appliances,46.35523613963039,False,False
GREENPOWER.NS,2026-09-16,9.0600004196167,9.232499996821085,9.508055528004965,9.670999965667725,10.265866680145264,10.504550018310546,9.237526084240702,7.980000019073486,14.930000305175781,False,False,False,False,False,False,False,False,False,-36.107191645759364,noise,87.84447800089262,False,True,False,False,,Power,Power Generation,20.841889117043124,False,False
ORIENTPPR.NS,2026-09-18,17.200000762939453,17.515833536783855,17.530555619133843,17.42900001525879,17.59580001831055,18.69455002784729,17.35647979154657,13.25,28.889999389648438,False,False,False,False,False,False,False,False,False,-39.43661621841399,noise,61.04919635239813,False,False,False,False,,"Paper, Forest & Jute Products",Paper & Paper Products,17.145790554414784,False,False
ORIENTLTD.NS,2026-09-16,80.0,82.04916699727376,80.46916664971246,78.76039993286133,68.63199986775716,69.66114986419677,81.7741083262834,53.720001220703125,102.30000305175781,True,False,False,True,True,True,True,False,False,-8.83190883190883,dry,0.5600047435695926,False,False,False,False,,Industrial Products,Packaging,55.39014373716632,False,False
ORIENTTECH.NS,2026-09-17,236.47000122070312,238.20416641235352,247.65611097547742,253.37960052490234,265.59493459065754,284.41920082092287,239.26712616795223,220.8000030517578,466.7272644042969,False,False,False,False,False,False,False,False,False,-27.402453812649373,dry,17.75538641962071,False,True,False,False,,IT - Services,IT Enabled Services,31.262833675564682,False,False
OAL.NS,2026-09-16,508.8500061035156,511.97916412353516,421.78331756591797,403.946083984375,330.79970560709637,319.98720474243163,508.5565268555285,227.70043330477768,559.7999877929688,True,True,False,True,True,True,True,True,False,51.439864221794316,noise,35.31446727276201,False,False,False,False,,Chemicals & Petrochemicals,Specialty Chemicals,90.24640657084188,True,False
ORIENTHOT.NS,2026-09-18,143.4499969482422,140.50499852498373,135.60111003451877,135.14408340454102,114.21467549641928,112.23420963287353,140.554442992158,79.61620663529307,148.08615521805814,True,True,True,True,True,True,True,True,False,3.149779692181287,noise,58.11092805832202,False,False,False,False,,Leisure Services,Hotels & Resorts,67.09445585215606,False,False
ORIRAIL.NS,2026-09-17,,,,,,,,,,False,False,False,False,False,False,False,False,False,,noise,,False,True,False,False,,Industrial Products,Other Industrial Products,,False,False
ORIENTALTL.NS,2026-09-16,5.0,5.069166700045268,5.1066666973961725,5.200000019073486,6.0039333375295,6.508500001430511,5.065910796464181,4.400000095367432,11.989999771118164,False,False,False,False,False,False,False,False,False,-54.17048515187635,noise,76.32546306320492,False,False,False,False,,Consumer Durables,Granites & Marbles,6.519507186858315,False,False
ORISSAMINE.NS,2026-09-18,3821.199951171875,4080.5083211263022,4361.34723578559,4191.206005859375,4037.203336588542,4207.665002441407,4014.0033411498393,3100.5,6138.89990234375,False,False,False,False,False,False,False,False,False,-22.111700954507242,noise,95.98705145674506,False,False,False,False,,Minerals & Mining,Industrial Minerals,38.860369609856264,False,False
ORKLAINDIA.NS,2026-09-17,,,,,,,,,,False,False,False,False,False,False,False,False,False,,noise,40.60521423641393,False,True,False,False,,Food Products,Other Food Products,,False,False
ORTINGLOBE.NS,2026-09-16,17.25,15.953333377838135,15.529722266727024,15.529600048065186,15.858066679636638,15.237100014686584,16.26246345136447,10.65999984741211,21.299999237060547,True,True,True,False,True,True,True,True,False,36.04100618955675,noise,74.60812315561928,False,False,False,False,,Pharmaceuticals & Biotechnology,Pharmaceuticals,85.57494866529774,True,False
OSIAHYPER.NS,2026-09-17,2.2200000286102295,2.418333371480306,2.6083333558506436,2.726000018119812,4.441066665649414,7.140299973487854,2.394970055126582,2.190000057220459,33.08000183105469,False,False,False,False,False,False,False,False,False,-93.2563786388529,red,168.40096846249335,False,False,False,True,,Retailing,Diversified Retail,0.10266940451745381,False,False
OSWALAGRO.NS,2026-09-18,33.880001068115234,35.51500002543131,37.21916686164008,37.78760009765625,42.7935334777832,45.899050102233886,35.036416082319036,32.36000061035156,81.0,False,False,False,False,False,False,False,False,False,-55.82789776252828,green,133.2059572108489,False,False,False,False,,Commercial Services & Supplies,Trading & Distributors,5.441478439425051,False,False
OSWALGREEN.NS,2026-09-18,19.440000534057617,19.962500254313152,20.773333443535698,20.966000022888185,23.841399981180828,25.642399978637695,19.845014289684624,18.549999237060547,43.790000915527344,False,False,False,False,False,False,False,False,False,-52.56222364272688,noise,58.56676959213498,False,True,False,False,,Finance,Investment Company,7.13552361396304,False,False
OSWALPUMPS.NS,2026-09-18,278.1000061035156,277.9916687011719,296.24444580078125,317.7850012207031,354.2056669108073,381.87274993896483,278.5151144046161,266.45001220703125,802.9500122070312,False,False,False,False,False,False,False,False,False,-65.00125665138047,noise,46.3726526587541,False,False,False,False,,Industrial Products,"Compressors, Pumps & Diesel Engines",2.515400410677618,False,False
OWAIS.NS,2026-09-16,76.44999694824219,79.17916679382324,81.53472158643935,87.24099960327149,125.29199951171876,160.37924942016602,77.49254806577385,58.099998474121094,580.0,False,False,False,False,False,True,False,False,False,-84.47873335845537,noise,21.7765623417401,False,False,False,False,,Ferrous Metals,Ferro & Silica Manganese,0.3080082135523614,False,False
PGHL.NS,2026-09-17,5434.5,5531.916666666667,5820.400566948785,6075.502880859375,5625.246201171875,5557.347687988281,5499.223881948391,4670.26488000687,6920.564352013024,False,True,False,True,False,False,True,False,False,-10.03215846314508,noise,38.83937892861214,False,True,False,False,,Pharmaceuticals & Biotechnology,Pharmaceuticals,53.696098562628336,False,False
PGHH.NS,2026-09-18,7486.0,7601.041666666667,8027.944363064236,8233.57208984375,9285.623932291666,10007.511640625,7607.222437200203,7432.0,14166.08056390996,False,False,False,False,False,False,False,False,False,-42.71358210947312,red,406.70418256159115,False,False,False,True,,Personal Products,Personal Care,13.963039014373715,False,False
PIIND.NS,2026-09-18,2366.800048828125,2347.6416625976562,2494.193311903212,2542.5808154296874,2776.910672200521,2887.131494140625,2332.0968876483457,2191.0,3812.9263498994665,False,False,False,False,False,False,False,True,False,-35.796255108877794,green,214.70077358527567,False,False,False,False,,Fertilizers & Agrochemicals,Pesticides & Agrochemicals,21.303901437371664,False,False
PNGJL.NS,2026-09-18,604.75,610.1458384195963,615.8027818467882,619.4510009765625,593.4493330891927,592.686499633789,607.7257429582799,503.0,736.4000244140625,True,True,False,True,False,False,True,False,False,-3.5486443381180233,noise,51.34998565158524,False,False,False,False,,Consumer Durables,"Gems, Jewellery And Watches",61.08829568788501,False,False
PROPEQUITY.NS,2026-09-16,196.10000610351562,211.43333435058594,215.55833350287543,219.3659994506836,211.73699920654298,205.1319994354248,207.82013804436633,145.0,268.0,False,True,True,True,False,True,False,False,False,1.790818747123879,dry,0.0,False,True,False,False,,Realty,Real Estate related services,66.17043121149896,False,False
PACEDIGITK.NS,2026-09-18,,,,,,,,,,False,False,False,False,False,False,False,False,False,,noise,56.203437334830106,False,False,False,False,,Telecom - Services,Telecom - Infrastructure,,False,False
PACIFICI.NS,2026-09-17,,,,,,,,,,False,False,False,False,False,False,False,False,False,,noise,,False,False,False,False,,Consumer Durables,Granites & Marbles,,False,False
PAGEIND.NS,2026-09-17,35020.0,35487.916666666664,36742.559678819445,37633.52390625,36554.06420572917,36126.78061523438,35221.12273762102,29525.273567492757,45150.8475731383,False,True,False,True,False,False,True,False,False,-19.726437808744645,noise,52.95544313295731,False,False,False,False,,Textiles & Apparels,Garments & Apparels,41.7864476386037,False,False
PAISALO.NS,2026-09-18,89.51000213623047,81.64006169637044,73.14076487223308,72.75352920532227,55.60151590983073,50.49768251419067,83.2610037866989,29.963878249866504,92.75,True,True,True,True,True,True,True,True,False,118.23656891652976,ppv,175.83002279756127,False,True,True,False,,Finance,Non Banking Financial Company (NBFC),97.02258726899385,True,True
PAKKA.NS,2026-09-16,75.1500015258789,76.09499994913737,76.9969442155626,75.6447998046875,83.73646667480469,87.85320003509521,76.36617844388996,69.0999984741211,178.83999633789062,False,False,False,False,False,False,False,False,False,-52.815973183926786,noise,27.982067703651182,False,False,False,False,,"Paper, Forest & Jute Products",Paper & Paper Products,7.032854209445586,False,False
PALASHSECU.NS,2026-09-16,88.0,88.61666615804036,89.03416633605957,89.34499969482422,92.51193313598633,95.42174983978272,88.40905747202456,79.01000213623047,132.6999969482422,False,False,False,False,False,False,False,False,False,-26.952769064239924,dry,0.6415308759645875,False,True,False,False,,Food Products,Packaged Foods,31.930184804928132,False,False
PALREDTEC.NS,2026-09-16,47.630001068115234,52.36250019073486,51.479722340901695,51.207400207519534,44.110400098164874,43.28925007820129,51.72845584907593,27.450000762939453,73.5999984741211,True,True,False,True,False,True,False,False,False,-5.383391093083533,noise,48.69169402244446,False,False,False,False,,IT - Services,IT Enabled Services,59.034907597535934,False,False
PANACEABIO.NS,2026-09-18,367.8999938964844,384.28749593098956,399.46944512261285,426.4279992675781,413.5829988606771,402.5802490234375,382.32724052222943,292.3999938964844,647.0,False,True,False,True,False,False,False,False,False,-19.91728367776546,noise,71.86648632147651,False,False,False,False,,Pharmaceuticals & Biotechnology,Pharmaceuticals,41.581108829568784,False,False
PANACHE.NS,2026-09-16,520.0,523.1708323160807,501.0833324856228,482.335,392.10666646321613,375.1832498931885,522.8098327438634,237.6999969482422,559.4000244140625,True,True,True,True,True,True,True,False,False,91.31715355192962,noise,62.826251786182965,False,True,False,False,,IT - Services,IT Enabled Services,95.68788501026694,True,True
PANAMAPET.NS,2026-09-16,451.54998779296875,481.66249593098956,479.8967056274414,470.0894525146484,365.3746862792969,346.2686517333984,474.43448174038133,227.57646060004578,595.8726432274872,True,True,True,True,False,True,True,False,False,51.055368970271786,noise,28.18263319248556,False,False,False,False,,Petroleum Products,Lubricants,90.14373716632443,True,False
PANCHMAHQ.NS,2026-09-17,,,,,,,,,,False,False,False,False,False,False,False,False,False,,noise,,False,True,False,False,,Industrial Products,Iron & Steel Products,,False,False
PANORAMA.NS,2026-09-17,,,,,,,,,,False,False,False,False,False,False,False,False,False,,noise,,False,True,False,False,,Entertainment,"Film Production, Distribution & Exhibition",,False,False
PANSARI.NS,2026-09-16,291.70001220703125,293.63333384195965,313.30972374810113,325.99400146484373,301.2633332316081,301.6504999542236,292.45658945220094,233.3000030517578,388.8999938964844,False,False,False,True,False,False,True,False,False,11.144979477816296,dry,5.089534000299962,False,False,False,False,,Realty,"Residential, Commercial Projects",73.97330595482546,True,False
PAR.NS,2026-09-17,133.5399932861328,144.34416707356772,116.71194479200575,111.0604002380371,97.48979975382487,97.09279975891113,135.49528480275313,78.05000305175781,180.0,True,True,False,True,True,True,False,False,False,26.255079440703398,noise,35.54773312155741,False,False,False,False,,Pharmaceuticals & Biotechnology,Pharmaceuticals,82.18685831622177,True,False
PARADEEP.NS,2026-09-18,155.6199951171875,155.0178337097168,151.74387062920465,148.27440795898437,131.39933492024738,134.82390033721924,154.04256550389098,98.72591600991848,200.0165475038783,True,False,False,True,True,True,True,True,False,-8.953468275382336,noise,27.969417446012418,False,False,False,False,,Fertilizers & Agrochemicals,Fertilizers,55.23613963039015,False,False
PARAGMILK.NS,2026-09-18,268.5,259.8541679382324,238.7538888719347,233.7366000366211,222.03800028483073,236.04700050354003,261.40955481676343,177.83999633789062,376.95001220703125,True,False,False,False,True,True,False,True,False,-9.701047537507868,green,138.13309321387112,False,True,False,False,,Food Products,Dairy Products,54.31211498973306,False,False
PARAGON.NS,2026-09-16,51.900001525878906,52.69999980926514,50.200000021192764,49.81599998474121,46.83033345540365,45.53200000762939,53.468146954163686,34.099998474121094,64.9000015258789,True,True,False,True,True,True,True,False,False,-5.550498989469698,red,118.85895404120444,False,False,False,False,,Chemicals & Petrochemicals,Dyes And Pigments,58.88090349075975,False,False
PARACABLES.NS,2026-09-17,60.70000076293945,64.44583511352539,64.411666976081,64.39379997253418,54.061200052897135,49.64910005569458,63.24923889523087,28.299999237060547,75.69999694824219,True,True,True,True,False,True,True,False,False,25.59486543188243,noise,72.9213139566261,False,False,False,False,,Industrial Products,Cables - Electricals,81.98151950718686,True,False
PARAS.NS,2026-09-17,1370.9000244140625,1421.3583374023438,1392.1717766655815,1340.8288720703124,1013.8087137858073,927.2462454223632,1400.9300039642196,580.1009628646058,1583.9105379095645,True,True,True,True,True,True,True,False,False,83.43825790045891,noise,83.67885428105672,False,False,False,False,,Aerospace & Defense,Aerospace & Defense,94.96919917864476,True,True
PARASPETRO.NS,2026-09-18,2.140000104904175,2.145833412806193,2.287222252951728,2.2332000207901,2.188399996757507,2.143849995136261,2.1543844837458512,1.5299999713897705,3.2300000190734863,False,True,True,True,False,True,False,False,False,-16.078425689368636,noise,69.50279718535629,False,False,False,False,,Finance,Investment Company,45.841889117043124,False,False
PARIN.NS,2026-09-16,697.25,709.4749959309896,711.2375013563368,713.6360021972656,686.6063334147135,664.9590017700195,706.6022532357717,453.0,748.0,True,True,True,True,False,True,True,False,False,47.09915611814346,noise,66.06110652353428,False,False,False,False,,Consumer Durables,"Furniture, Home Furnishing",88.86036960985626,True,False
PARKHOSPS.NS,2026-09-18,,,,,,,,,,False,False,False,False,False,False,False,False,False,,green,151.5513765828308,False,False,False,False,,Healthcare Services,Hospital,,False,False
PARNAXLAB.NS,2026-09-17,,,,,,,,,,False,False,False,False,False,False,False,False,False,,noise,,False,False,False,False,,Pharmaceuticals & Biotechnology,Pharmaceuticals,,False,False
PARSVNATH.NS,2026-09-16,1.7799999713897705,1.6175000071525574,1.5927777753935919,1.7522000002861022,4.48126668214798,5.953350014090538,1.6603417221535735,1.350000023841858,18.75,False,False,False,False,True,True,False,True,True,-86.70649794062619,ppv,701.1966752628346,True,False,False,False,,Realty,"Residential, Commercial Projects",0.25667351129363447,False,False
PARTYCRUS.NS,2026-09-16,94.5,87.67916615804036,85.40833346048991,85.88700012207032,88.48333328247071,87.34024997711181,89.74728402571087,63.04999923706055,113.8499984741211,True,True,True,False,True,True,True,True,False,27.358495804141292,noise,90.25270758122743,False,True,False,False,,Other Consumer Services,Other Consumer Services,82.70020533880903,True,False
PASHUPATI.NS,2026-09-17,81.37000274658203,81.19249979654948,83.6780554453532,84.62579986572266,90.11496653238932,87.95964996337891,81.1113531150723,67.5,118.3499984741211,False,True,False,False,False,False,False,True,False,13.980650070427503,noise,51.96934126406762,False,False,False,False,,Textiles & Apparels,Other Textile Products,76.5400410677618,True,False
PASUPTAC.NS,2026-09-17,70.30999755859375,67.68333435058594,63.47555605570475,62.21820037841797,57.285266672770184,55.532149925231934,67.82388756314042,40.40999984741211,78.94999694824219,True,True,True,True,True,True,True,True,False,50.29927189675429,ppv,262.9286604349201,False,True,False,False,,Chemicals & Petrochemicals,Petrochemicals,89.78439425051334,True,True
PATANJALI.NS,2026-09-18,367.0,346.3374989827474,349.2804675632053,349.77103515625,421.09523417154946,447.96588607788084,351.0335409020637,326.057353105007,606.7970321970149,False,False,False,False,True,False,False,True,False,-38.630221992240145,noise,34.102605844429284,False,False,False,False,,Agricultural Food & other Products,Edible Oil,18.480492813141684,False,False
PATELENG.NS,2026-09-18,25.6200008392334,26.64916721979777,27.855833583407932,28.309200172424315,27.978199984232585,28.322942552566527,26.48281061369415,22.0,42.77000045776367,False,False,False,False,False,False,False,False,False,-36.30034793224824,noise,89.07279146054564,False,False,False,False,,Construction,Civil Construction,20.636550308008214,False,False
PATINTLOG.NS,2026-09-16,13.579999923706055,13.055228551228842,13.471870210435656,13.79897497177124,12.47435011545817,12.62422613620758,13.12905810396572,7.893745127847544,16.65471667728751,True,False,False,True,False,True,True,True,False,-5.809981944720787,green,159.62701366311936,False,False,False,False,,Transport Services,Logistics Solution Provider,58.572895277207394,False,False
PATELRMART.NS,2026-09-17,202.83999633789062,212.5533332824707,221.99138853285046,221.8783999633789,203.74513326009114,202.9444499206543,210.78503415725132,150.25,266.0,False,True,False,True,False,True,True,False,False,-15.571281441044482,noise,73.6225884483312,False,True,False,False,,Retailing,Diversified Retail,46.91991786447638,False,False
PML.NS,2026-09-17,,,,,,,,,,False,False,False,False,False,False,False,False,False,,noise,,False,False,False,False,,Finance,Other Financial Services,,False,False
PAUSHAKLTD.NS,2026-09-18,,,,,,,,,,False,False,False,False,False,False,False,False,False,,dry,19.931376724554596,False,False,False,False,,Chemicals & Petrochemicals,Specialty Chemicals,,False,False
PAVNAIND.NS,2026-09-16,15.140000343322754,15.93583337465922,17.61222227414449,17.36780004501343,18.453066755930582,19.525850052833558,15.718876824654474,14.109999656677246,43.79999923706055,False,False,False,False,False,False,False,False,False,-55.53597450056873,red,145.99313536262295,False,True,False,False,,Auto Components,Auto Components & Equipments,5.595482546201231,False,False
POLICYBZR.NS,2026-09-17,1765.0,1808.2166748046875,1754.4444444444443,1703.0939965820312,1621.7520011393228,1651.3050036621094,1794.8834864072408,1364.0,1964.199951171875,True,False,False,True,True,False,True,False,False,-3.1284302963776045,red,507.37801033619877,False,True,False,False,,Financial Technology (Fintech),Financial Technology (Fintech),61.4476386036961,False,False
PBMPOLY.NS,2026-09-17,,,,,,,,,,False,False,False,False,False,False,False,False,False,,noise,,False,False,False,False,,Textiles & Apparels,Other Textile Products,,False,False
PCJEWELLER.NS,2026-09-18,12.720000267028809,12.960833470026651,11.055833392673069,10.67180004119873,9.603066660563151,9.766349983215331,12.731347165722443,7.46999979019165,15.300000190734863,True,False,False,True,True,True,True,False,False,-14.859433572337055,green,113.07915828925542,False,False,False,False,,Consumer Durables,"Gems, Jewellery And Watches",47.68993839835729,False,False
PCBL.NS,2026-09-18,336.70001220703125,325.5499979654948,322.12840270996094,321.9052386474609,296.9549845377604,294.88239654541013,326.6024752872225,223.3811204499978,413.2299507534673,True,True,False,True,True,True,True,True,False,-10.573474160499618,noise,54.837413662175216,False,False,False,False,,Chemicals & Petrochemicals,Carbon Black,52.92607802874743,False,False
PDSL.NS,2026-09-16,336.6499938964844,350.0833384195964,359.88472154405383,359.78986389160156,321.66690134684245,328.77121437072753,347.00138767026255,244.91119284506286,416.5630259242535,True,False,False,True,False,True,True,False,False,5.870111986920157,noise,22.64405640213056,False,False,False,False,,Textiles & Apparels,Trading - Textile Products,69.0965092402464,False,False
PGIL.NS,2026-09-17,1143.0999755859375,1162.558329264323,1157.388888888889,1115.6620007324218,911.1763850911458,880.6742407226562,1163.1436390275844,594.6745299041222,1269.800048828125,True,True,True,True,True,True,True,False,False,70.17142759531066,red,121.4160160749281,False,False,False,False,,Textiles & Apparels,Garments & Apparels,93.53182751540041,True,True
PEARLPOLY.NS,2026-09-16,16.149999618530273,15.486666679382324,16.103055636088055,16.506000061035156,17.816933377583823,18.772850036621094,15.670109385969504,12.75,33.040000915527344,False,False,False,False,False,False,False,True,False,-49.452271571575245,green,246.15330098537257,False,False,False,False,,Consumer Durables,Plastic Products - Consumer,8.7782340862423,False,False
PENINLAND.NS,2026-09-16,14.619999885559082,15.581666549046835,15.850000063578287,16.30340003967285,16.752599970499674,18.54650001525879,15.452260476823227,13.819999694824219,37.97999954223633,False,False,False,False,False,False,False,False,False,-60.98212060510646,red,149.62918551151546,False,False,False,False,,Realty,"Residential, Commercial Projects",3.5420944558521557,False,False
PENIND.NS,2026-09-17,170.44000244140625,172.49583180745444,164.74027633666992,165.63079864501952,160.24533264160155,167.4032494354248,170.96847663501197,129.10000610351562,279.8999938964844,True,False,False,False,True,True,False,False,False,-29.304407055308722,noise,40.51256363056023,False,False,False,False,,Industrial Manufacturing,Industrial Products,28.54209445585216,False,False
PENTAGON.NS,2026-09-16,86.94999694824219,81.15000025431316,62.098611407809784,59.72800033569336,62.056333185831704,64.2447500038147,84.76469278247903,49.150001525878906,100.0999984741211,True,False,False,False,True,True,True,True,False,61.31724394570759,red,137.5,False,False,False,False,,Industrial Products,Rubber,91.78644763860369,True,False
PERMAGN.NS,2026-09-17,,,,,,,,,,False,False,False,False,False,False,False,False,False,,noise,,False,False,False,False,,Electrical Equipment,Other Electrical Equipment,,False,False
PERSISTENT.NS,2026-09-18,5416.0,5532.0,5563.616672092014,5453.56353515625,5112.294235026042,5382.681198730469,5503.634936895037,4229.809203861739,6552.654210942315,True,False,False,True,False,False,True,False,False,-1.466782919379217,noise,89.02086763214842,False,False,False,False,,IT - Software,Computers - Software & Consulting,63.09034907597536,False,False
PCCL.NS,2026-09-17,439.6499938964844,430.8875020345052,359.272223578559,330.9510012817383,280.49533416748045,262.9140005493164,428.6234397849265,168.39999389648438,451.04998779296875,True,True,True,True,True,True,True,True,False,141.49958062428016,noise,86.60752006759611,False,False,False,False,,Minerals & Mining,Industrial Minerals,98.30595482546201,True,True
PETRONET.NS,2026-09-17,283.45001220703125,286.8375066121419,286.18194664849176,283.3580010986328,278.25089396158853,278.68541397094725,285.9963250721102,232.6659092397909,322.6775170144611,True,False,True,True,True,False,True,False,False,4.699718300968203,noise,56.744607378117074,False,False,False,False,,Gas,LPG/CNG/PNG/LNG Supplier,68.27515400410678,False,False
PFIZER.NS,2026-09-17,4014.800048828125,4270.483378092448,4657.716668023004,4653.075424804688,4650.338738606771,4686.074075927734,4187.694951594121,3955.5,5489.439888599995,False,False,False,False,False,False,False,False,False,-20.631532725611212,noise,40.676415749814595,False,True,False,False,,Pharmaceuticals & Biotechnology,Pharmaceuticals,40.605749486652975,False,False
PGEL.NS,2026-09-17,529.0999755859375,544.8384094238281,584.0601586235894,587.4764379882813,549.0709141031901,555.210679473877,541.1950861876933,436.34383127169804,644.0957170393084,False,False,False,True,False,False,True,False,False,-6.935538968820176,noise,24.38515473038219,False,False,False,False,,Consumer Durables,Consumer Electronics,57.95687885010267,False,False
PHANTOMFX.NS,2026-09-16,93.9000015258789,112.32083257039388,133.3222213321262,147.06699935913085,177.6486668395996,191.2967502975464,109.11739724218371,88.19999694824219,311.0,False,False,False,False,False,False,False,False,False,-63.46303442572805,noise,298.6938148290434,False,False,False,True,,Entertainment,Media & Entertainment,2.6180698151950716,False,False
PHOENXINTL.NS,2026-09-17,,,,,,,,,,False,False,False,False,False,False,False,False,False,,noise,,False,False,False,False,,Commercial Services & Supplies,Diversified Commercial Services,,False,False
PHOENIXLTD.NS,2026-09-16,1855.0,1894.0323791503906,1907.5371500651042,1955.3499877929687,1815.5632389322916,1809.0373931884765,1881.4090549192144,1463.661338687736,2166.9299087704976,True,True,True,True,False,False,True,False,False,19.25121759186488,noise,89.77817528673624,False,False,False,False,,Realty,"Residential, Commercial Projects",78.69609856262834,True,False
PWL.NS,2026-09-18,,,,,,,,,,False,False,False,False,False,False,False,False,False,,ppv,162.07511607101117,False,False,False,False,,Other Consumer Services,E-Learning,,False,False
PICCADIL.NS,2026-09-17,599.5499877929688,607.3578389485677,673.799792819553,688.2740380859375,615.1280326334636,606.0137329101562,606.6253186968748,514.14246279787,808.3517449655756,False,True,False,True,False,False,False,False,False,-16.00699748799792,noise,42.77559640396809,False,False,False,False,,Beverages,Breweries & Distilleries,45.9958932238193,False,False
PIDILITIND.NS,2026-09-17,1551.5,1580.3333435058594,1633.888892279731,1618.184404296875,1499.4491861979166,1489.006357421875,1570.047729608526,1249.9992446237347,1707.5,True,True,True,True,False,False,True,False,False,2.0686961303818308,noise,37.968522453420675,False,False,False,False,,Chemicals & Petrochemicals,Specialty Chemicals,66.32443531827515,False,False
PILITA.NS,2026-09-16,7.789999961853027,7.885833342870076,8.187777784135607,8.395599994659424,8.205333318710327,8.602149994373322,7.86097124573718,6.199999809265137,15.899999618530273,False,False,False,False,False,False,False,False,False,-45.638520562962,noise,21.018349070196514,False,False,False,False,,Consumer Durables,Plastic Products - Consumer,10.934291581108829,False,False
PILANIINVS.NS,2026-09-16,4052.199951171875,4245.125,4326.383314344618,4339.479990234375,4456.366435546875,4585.1883618164065,4198.336611944314,4021.300048828125,5967.811511439587,False,False,False,False,False,False,False,False,False,-23.19160160615511,red,175.66421707179197,False,False,False,True,,Finance,Investment Company,37.474332648870636,False,False
PINELABS.NS,2026-09-18,,,,,,,,,,False,False,False,False,False,False,False,False,False,,green,217.57020168651718,False,False,False,False,,Financial Technology (Fintech),Financial Technology (Fintech),,False,False
PIONEEREMB.NS,2026-09-16,21.010000228881836,21.19333330790202,22.502222273084854,22.555000076293947,24.379733428955078,25.292950077056886,21.087692735283273,19.610000610351562,39.20000076293945,False,False,False,False,False,False,False,False,False,-44.68140999970973,noise,86.43663543417178,False,False,False,False,,Textiles & Apparels,Other Textile Products,11.806981519507186,False,False
PIONRINV.NS,2026-09-17,,,,,,,,,,False,False,False,False,False,False,False,False,False,,noise,,False,False,False,False,,Finance,Other Financial Services,,False,False
PIRAMALFIN.NS,2026-09-18,,,,,,,,,,False,False,False,False,False,False,False,False,False,,green,151.91864637644255,False,False,False,False,,Finance,Housing Finance Company,,False,False
PPLPHARMA.NS,2026-09-18,208.16000366210938,212.2408358256022,210.7386114332411,202.77559997558595,174.77619944254556,172.97629959106445,209.35010830688026,132.3000030517578,231.92999267578125,True,True,True,True,True,True,True,False,False,2.375449656990569,noise,51.656837112378625,False,False,False,False,,Pharmaceuticals & Biotechnology,Pharmaceuticals,66.52977412731006,False,False
PITTIENG.NS,2026-09-16,1101.4000244140625,1125.9565124511719,1050.5247378879124,1019.3872985839844,940.4893542480469,904.8361468505859,1128.171684071051,673.5594125870612,1225.3791940785206,True,True,True,True,True,True,True,False,False,23.19366616869003,noise,97.02633290652426,False,False,False,False,,Industrial Manufacturing,Industrial Products,81.1088295687885,True,True
PIXTRANS.NS,2026-09-17,1724.5999755859375,1744.75,1792.6805555555557,1798.52724609375,1624.7356909179687,1564.5165881347657,1741.2644051774232,1245.9203610210297,2089.0,True,True,True,True,False,True,True,False,False,20.81813513352879,dry,10.285172062056008,False,True,False,False,,Industrial Products,Rubber,79.82546201232033,True,False
PLASTIBLEN.NS,2026-09-16,182.75,188.87749862670898,189.88270484076605,189.98825622558593,167.32332077026368,164.70363986968994,188.65151185596912,119.18729085056164,213.0321173797698,True,True,True,True,False,True,True,False,False,-3.018626924563439,dry,12.799197333234444,False,False,False,False,,Chemicals & Petrochemicals,Specialty Chemicals,61.601642710472284,False,False
PLATIND.NS,2026-09-18,214.0500030517578,223.53666559855142,221.8125,224.4306005859375,223.11320017496746,227.3738500213623,219.4519689213436,183.5,331.95001220703125,False,False,False,False,False,False,False,False,False,-31.173632459241862,noise,79.31047453300916,False,True,False,False,,Chemicals & Petrochemicals,Specialty Chemicals,26.283367556468175,False,False
PLAZACABLE.NS,2026-09-18,61.060001373291016,61.05916659037272,53.97361130184598,50.85280014038086,45.19960010528565,43.887600049972534,60.699193544792735,27.0,66.0,True,True,True,True,True,True,True,True,False,9.21123509199453,noise,90.04640327765684,False,True,False,False,,Industrial Products,Cables - Electricals,72.48459958932239,True,True
PNBGILTS.NS,2026-09-16,77.91000366210938,79.51416714986165,80.18916681077745,82.12160003662109,79.31673319498698,79.62189971923829,79.14053882785208,58.599998474121094,106.0,False,False,False,True,False,True,False,False,False,-22.838464177284244,ppv,150.84926311252232,False,False,False,False,,Finance,Investment Company,37.98767967145791,False,False
PNBHOUSING.NS,2026-09-17,1103.5,1155.25,1146.8638916015625,1128.0805322265626,1001.6679536946615,977.3187124633789,1148.5076493147888,723.9501950006703,1211.5,True,True,True,True,False,True,True,False,False,32.29977064544103,red,419.67364991526404,False,False,False,False,,Finance,Housing Finance Company,84.29158110882958,True,False
PNCINFRA.NS,2026-09-17,139.5500030517578,168.9383341471354,201.67305501302084,212.84199981689454,209.95806640625,217.34324974060058,161.89979381008752,116.4000015258789,324.36408636405883,False,False,False,False,False,False,False,False,False,-54.79353526549999,green,496.5351824022951,True,False,False,False,,Construction,Civil Construction,6.057494866529774,False,False
PNGSREVA.NS,2026-09-17,,,,,,,,,,False,False,False,False,False,False,False,False,False,,noise,22.90350998324239,False,False,False,False,,Consumer Durables,"Gems, Jewellery And Watches",,False,False
POEL.NS,2026-09-17,,,,,,,,,,False,False,False,False,False,False,False,False,False,,noise,,False,False,False,False,,Chemicals & Petrochemicals,Commodity Chemicals,,False,False
PODDARMENT.NS,2026-09-16,267.1499938964844,270.5255241394043,258.2213406032986,253.90477935791014,244.82046468098957,246.7558673095703,272.9836530397731,198.4132996388349,328.94576134835404,True,False,False,True,True,True,True,False,False,-5.021054603960684,dry,10.472218922518085,False,False,False,False,,Chemicals & Petrochemicals,Dyes And Pigments,59.34291581108829,False,False
POKARNA.NS,2026-09-18,746.8499755859375,791.7708384195963,877.4805569118923,903.251083984375,905.7850301106771,889.0506063842773,784.686134958433,692.1703608780139,1145.4889587311654,False,True,False,False,False,False,False,False,False,-17.560557473908545,noise,80.52405282397339,False,False,False,False,,Consumer Durables,Granites & Marbles,44.35318275154005,False,False
POLYMED.NS,2026-09-18,1726.0,1730.8416544596355,1740.3411254882812,1721.9952734375,1536.1959912109376,1574.8333984375,1726.0630352466724,1179.584393160086,2103.492450651864,True,False,False,True,True,True,True,False,False,-13.223891312362191,noise,96.7693926305712,False,False,False,False,,Healthcare Equipment & Supplies,Medical Equipment & Supplies,49.332648870636554,False,False
POLYCAB.NS,2026-09-17,8208.5,8351.125,8884.569444444445,8943.91,8664.518326822918,8338.256403808593,8331.777300499487,6631.534745548168,10126.0,False,True,True,True,False,False,True,False,False,12.072945846413008,noise,74.25034173226322,False,False,False,False,,Industrial Products,Cables - Electricals,75.0,True,False
POLYPLEX.NS,2026-09-16,1079.699951171875,1150.2963358561199,1155.1678195529514,1137.3216259765625,971.4621199544271,936.5901766967773,1130.801928268609,739.37288212371,1262.9288373840152,True,True,True,True,False,True,True,False,False,4.415866145994252,noise,58.58155488822695,False,False,False,False,,Industrial Products,Packaging,67.96714579055441,False,False
POLYSIL.NS,2026-09-16,73.25,72.82500076293945,75.26527818044026,86.95700019836426,137.14266639709473,170.7822497367859,74.98498916421903,47.25,356.75,False,False,False,False,False,True,False,False,False,-62.967644656288066,dry,1.513317191283293,False,False,False,False,,Industrial Products,Plastic Products - Industrial,2.8234086242299794,False,False
POLYSPIN.NS,2026-09-17,,,,,,,,,,False,False,False,False,False,False,False,False,False,,noise,,False,False,False,False,,Industrial Products,Packaging,,False,False
POCL.NS,2026-09-16,452.8999938964844,468.14166768391925,493.4125010172526,510.3357995605469,503.5036661783854,511.7581500244141,463.0970291758364,392.20001220703125,647.5999755859375,False,False,False,False,False,False,False,False,False,-7.887243604982075,ppv,235.05306182700173,False,False,False,False,,Diversified Metals,Diversified Metals,56.827515400410675,False,False
PONNIERODE.NS,2026-09-16,359.54998779296875,379.0124994913737,361.02083163791235,349.63699829101563,310.4518837483724,299.18487060546875,371.5440022710226,248.27783069557003,455.0,True,True,True,True,True,True,True,False,False,23.967986875216486,noise,41.114443091158805,False,False,False,False,,Agricultural Food & other Products,Sugar,81.51950718685832,True,True
POONAWALLA.NS,2026-09-18,479.3999938964844,453.5458348592122,472.42777760823566,472.08800048828124,437.67900044759114,441.4895002746582,453.88782256795946,361.20001220703125,570.4000244140625,True,False,False,True,True,True,True,True,False,7.224331771869941,ppv,569.3495537749777,True,False,False,False,,Finance,Non Banking Financial Company (NBFC),70.63655030800821,True,False
PVSL.NS,2026-09-16,99.31999969482422,101.59416580200195,107.61722225613065,105.38440002441406,99.85246699015299,104.60380020141602,101.24444459864233,82.41000366210938,163.0,False,False,False,True,False,False,False,False,False,-29.259256401355728,dry,15.59502589700736,False,True,False,False,,Automobiles,Auto Dealer,28.593429158110883,False,False
PIGL.NS,2026-09-16,101.73999786376953,100.39000002543132,104.19194497002496,106.00240051269532,107.98186665852865,111.41865016937255,101.19923631885081,88.05000305175781,189.6999969482422,False,False,False,False,False,False,False,True,False,-35.99117247729831,noise,97.42696223666546,False,False,False,False,,Electrical Equipment,Other Electrical Equipment,20.944558521560573,False,False
PFC.NS,2026-09-18,342.54998779296875,350.0208333333333,369.27058749728735,378.8367126464844,405.36890991210936,392.5128829956055,349.11805771095163,317.6633741663369,476.82888450136187,False,True,False,False,False,False,False,False,False,-11.221637959916741,red,147.79232958130538,False,False,False,False,,Finance,Financial Institution,52.053388090349074,False,False
POWERGRID.NS,2026-09-18,270.29998779296875,266.85833231608075,269.67777676052515,274.16699951171876,290.35866658528647,283.8301932525635,266.91967562221873,247.224610170096,324.95001220703125,False,True,False,False,False,False,True,True,False,-3.209957544210529,ppv,204.6285170823832,False,False,False,False,,Power,Power - Transmission,61.39630390143738,False,False
POWERMECH.NS,2026-09-18,2371.39990234375,2380.6951700846353,2471.83401828342,2506.795419921875,2408.262462565104,2362.8445373535155,2382.544936210401,1716.6396917096176,3118.074056046755,False,True,False,True,False,True,True,False,False,-21.578937297650004,noise,63.061817176047576,False,False,False,False,,Construction,Civil Construction,39.37371663244353,False,False
PGINVIT.NS,2026-09-18,101.37000274658203,101.64916737874348,100.28611161973741,99.04244995117188,91.65526173909505,89.7157850265503,101.53822723385335,78.50849455041794,104.5,True,True,True,True,True,False,True,False,False,19.54304020142097,noise,95.24096580252967,False,True,False,False,,Power,Power - Transmission,79.00410677618069,True,False
POWERICA.NS,2026-09-18,,,,,,,,,,False,False,False,False,False,False,False,False,False,,noise,73.93188664070264,False,False,False,False,,Electrical Equipment,Heavy Electrical Equipment,,False,False
PPAP.NS,2026-09-16,234.35000610351562,249.15170923868814,270.393239763048,279.37077575683594,235.89847056070963,229.8655307006836,244.27699135406186,174.91245522139644,377.15499110074853,False,True,False,True,False,True,False,False,False,13.00391435508792,dry,6.95224657490415,False,False,False,False,,Auto Components,Auto Components & Equipments,75.66735112936345,True,False
PRABHA.NS,2026-09-17,220.77000427246094,236.2491683959961,198.33305655585394,183.55780059814452,167.5414501953125,169.3779875946045,232.30796613498035,137.91000366210938,262.79998779296875,True,False,False,True,True,True,True,False,False,-2.3487250157410267,dry,19.49219482216281,False,False,False,False,,Oil,Oil Exploration & Production,62.26899383983573,False,False
PRADPME.NS,2026-09-17,,,,,,,,,,False,False,False,False,False,False,False,False,False,,noise,,False,False,False,False,,Auto Components,Auto Components & Equipments,,False,False
PRAJIND.NS,2026-09-18,316.04998779296875,327.7458318074544,331.1676271226671,331.2788146972656,340.48557759602863,332.3576281738281,324.27522868160156,269.90699581373747,422.8048706122484,False,True,False,False,False,False,False,False,False,-18.12735096796971,noise,49.07735369877149,False,False,False,False,,Industrial Manufacturing,Industrial Products,43.68583162217659,False,False
PRAENG.NS,2026-09-16,22.100000381469727,23.235833644866943,20.991666899787056,20.78080020904541,21.25626672108968,22.358599996566774,22.37849534695975,17.0,33.880001068115234,False,False,False,False,True,True,False,False,False,-17.197452456888673,noise,32.2577974770187,False,False,False,False,,Realty,"Residential, Commercial Projects",44.76386036960985,False,False
PRAKASH.NS,2026-09-16,118.4800033569336,122.17163213094075,124.7361814710829,124.4803890991211,131.69318008422852,131.1755109024048,121.50770412810958,108.57934101008478,174.33366994189188,False,True,False,False,False,False,False,False,False,-27.526156909347975,noise,83.4485005105285,False,False,False,False,,Ferrous Metals,Iron & Steel,31.108829568788497,False,False
PPL.NS,2026-09-16,272.25,269.2857615152995,265.66455374823676,265.16477264404296,231.25980916341146,229.9376251220703,273.28115067082115,161.79821586787995,331.50738811977976,True,True,False,True,True,True,True,False,False,-13.70714733017132,noise,79.70793768812722,False,False,False,False,,Industrial Products,Plastic Products - Industrial,48.61396303901437,False,False
PRAKASHSTL.NS,2026-09-16,3.740000009536743,3.7616666356722512,3.891944474644131,3.941600046157837,4.2489333375295,4.36245000243187,3.748610876139211,3.4800000190734863,6.570000171661377,False,False,False,False,False,False,False,False,False,-33.68794152353026,green,114.62071147609359,False,True,False,False,,Industrial Products,Iron & Steel Products,23.100616016427107,False,False
PRAMARA.NS,2026-09-16,88.1500015258789,98.47499974568684,111.15277735392253,117.3170002746582,223.96433303833007,255.34199977874755,95.0966043785728,82.5,374.79998779296875,False,False,False,False,False,False,False,False,False,-67.2487447427617,red,246.54463952185282,False,False,False,False,,Media,Advertising & Media Agencies,1.8993839835728954,False,False
DIAMONDYD.NS,2026-09-16,1102.199951171875,1132.8250020345051,1159.1222229003906,1160.0860009765624,1079.6193334960938,1090.271502685547,1125.3701019760438,858.9000244140625,1245.0,True,False,True,True,False,False,True,False,False,4.22201317027282,dry,15.447253759874686,False,True,False,False,,Food Products,Packaged Foods,67.81314168377823,False,False
PRATHAM.NS,2026-09-16,120.0,120.80416679382324,119.76388931274414,119.05900039672852,125.42033345540365,130.1379999923706,121.31911632149902,100.0,196.0,False,False,False,False,True,False,False,False,False,-15.6414762741652,noise,39.308176100628934,False,False,False,False,,Construction,Civil Construction,46.81724845995893,False,False
PRAVEG.NS,2026-09-18,,,,,,,,,,False,False,False,False,False,False,False,False,False,,noise,,False,False,False,True,,Leisure Services,Hotels & Resorts,,False,False
PRAXIS.NS,2026-09-16,4.230000019073486,4.5625,5.600000010596381,6.101400012969971,6.957799978256226,7.422099986076355,4.569530613369923,4.150000095367432,14.4399995803833,False,False,False,False,False,False,False,False,False,-65.80436492960966,noise,55.46214591660916,False,False,False,True,,Retailing,Speciality Retail,2.2073921971252566,False,False
PRECWIRE.NS,2026-09-18,478.3999938964844,464.4333318074544,445.9500003390842,424.59007446289064,387.8062487792969,350.6112936401367,460.7397177491862,178.7895557859583,524.9000244140625,True,True,True,True,True,True,True,True,False,163.41003868425804,green,225.69609940854022,False,False,False,False,,Industrial Products,"Aluminium, Copper & Zinc Products",98.66529774127311,True,True
PRECAM.NS,2026-09-17,113.33999633789062,118.84166653951009,129.61277792188855,132.85181411743164,139.89927281697592,143.34723247528075,117.43432800524029,103.24009159706355,223.38899177333403,False,False,False,False,False,False,False,False,False,-47.82324845753051,green,121.64661783705131,False,False,False,False,,Auto Components,Auto Components & Equipments,9.650924024640657,False,False
PRECISION.NS,2026-09-16,6.449999809265137,6.745833317438762,7.436111092567444,7.316999988555908,7.906000006993612,8.807500007152557,6.767896079307165,6.199999809265137,21.75,False,False,False,False,False,False,False,False,False,-70.27649961984874,noise,32.327586206896555,False,False,False,False,,Auto Components,Auto Components & Equipments,1.4373716632443532,False,False
PRECOT.NS,2026-09-16,654.4500122070312,680.5125071207682,730.4890560574001,754.0596325683593,652.1818501790365,587.7306620788574,673.187171389476,298.548139941249,899.0,True,True,True,True,False,True,False,False,False,39.60356916128824,dry,7.986523763315416,False,False,False,False,,Textiles & Apparels,Other Textile Products,87.01232032854209,True,False
PREMEXPLN.NS,2026-09-16,667.8499755859375,667.0541585286459,662.9263882107205,665.6369982910156,599.8383308919271,576.7677499389648,667.4777810991435,378.3999938964844,829.7999877929688,True,True,True,True,True,True,True,True,False,19.391106181181605,noise,53.49358659919916,False,False,False,False,,Chemicals & Petrochemicals,Explosives,78.90143737166323,True,True
PREMCO.NS,2026-09-17,,,,,,,,,,False,False,False,False,False,False,False,False,False,,noise,,False,False,True,False,,Textiles & Apparels,Other Textile Products,,False,False
PREMIERENE.NS,2026-09-18,902.0,958.9166717529297,1004.2138926188151,1018.3200012207031,976.6433577473958,933.8980969238281,940.9932426674201,666.4089382565205,1134.0,False,True,False,True,False,True,True,False,False,-14.19537142643479,green,278.24036025583064,False,False,False,False,,Electrical Equipment,Other Electrical Equipment,48.25462012320328,False,False
PREMIERPOL.NS,2026-09-18,81.43000030517578,87.16128794352214,83.38133769565158,80.56881454467774,65.03682642618816,60.173342628479006,84.9473694718661,37.93100838755093,98.6206235969704,True,True,True,True,True,True,True,False,False,70.55844937000144,dry,19.63181472266182,False,False,False,False,,Industrial Products,Plastic Products - Industrial,93.58316221765914,True,True
PRLIND.NS,2026-09-17,41.70000076293945,41.954166094462074,42.99722194671631,43.862999801635745,52.31699989318847,57.50849983215332,42.314022767822095,37.599998474121094,93.0,False,False,False,False,False,False,False,False,False,-49.75903522537415,noise,44.660982541615915,False,True,False,False,,Transport Services,Logistics Solution Provider,8.572895277207392,False,False
PRESSTONIC.NS,2026-09-16,29.700000762939453,31.44166644414266,31.549999978807236,29.926000022888182,35.90500005086263,41.12731916427612,30.828201947730207,24.0,87.9000015258789,False,False,False,False,False,False,False,False,False,-64.66389091663655,noise,32.66787658802178,False,False,False,False,,Industrial Manufacturing,Industrial Products,2.5667351129363447,False,False
PRESTIGE.NS,2026-09-18,1435.0999755859375,1520.9916585286458,1575.2412923177083,1602.1366162109375,1466.0689029947916,1490.11849609375,1492.6232811823982,1088.629585901896,1802.9302554788078,False,False,False,True,False,True,True,False,False,-13.141113471331744,noise,99.19889990891228,False,False,False,False,,Realty,"Residential, Commercial Projects",49.48665297741273,False,False
PRICOLLTD.NS,2026-09-18,767.5,758.3583323160807,765.9902801513672,727.4949987792969,626.1269980875651,623.4369993591308,758.4649165053299,498.2068341942702,823.0,True,True,True,True,True,True,True,True,False,46.04747815975383,noise,53.290348522176245,False,False,False,False,,Auto Components,Auto Components & Equipments,88.50102669404517,True,True
PFOCUS.NS,2026-09-16,320.45001220703125,306.78333282470703,295.1830537584093,290.5623986816406,278.3946659342448,265.24724945068357,310.9374488196603,161.00999450683594,367.0,True,True,True,True,True,True,True,True,False,67.51176533976889,ppv,241.6787889809567,False,False,False,False,,Entertainment,Media & Entertainment,92.81314168377823,True,True
PRIMESECU.NS,2026-09-16,283.75,282.59583536783856,283.0055567423503,281.22300048828123,282.2806677246094,281.8772511291504,281.4488575772282,248.0,325.0,True,True,False,False,True,False,True,True,False,5.170501422607843,noise,51.1098019529204,False,False,False,False,,Finance,Other Financial Services,68.6858316221766,False,False
PRIMO.NS,2026-09-17,21.280000686645508,21.40916681289673,22.516388840145535,22.71279998779297,22.353733367919922,22.40255002975464,21.631200407118506,16.100000381469727,26.899999618530273,False,False,False,True,False,True,True,False,False,-18.840574965968514,noise,21.28340984368865,False,True,False,False,,Chemicals & Petrochemicals,Commodity Chemicals,42.813141683778234,False,False
PRINCEPIPE.NS,2026-09-16,257.29998779296875,276.9361979166667,277.92411126030817,274.19217895507813,263.23565551757815,259.8521627044678,271.62185370985003,204.28258995520707,350.96745230751316,False,True,False,True,False,False,False,False,False,-22.496291982639082,noise,50.291759629293644,False,False,False,False,,Industrial Products,Plastic Products - Industrial,38.5523613963039,False,False
PRIORITY.NS,2026-09-18,,,,,,,,,,False,False,False,False,False,False,False,False,False,,noise,,False,False,False,False,,Consumer Durables,"Gems, Jewellery And Watches",,False,False
PRSMJOHNSN.NS,2026-09-17,113.44000244140625,112.7533327738444,110.12166616651747,110.11499954223633,119.24466659545898,121.9818999862671,112.93429915579195,97.0999984741211,176.0,False,False,False,False,True,False,False,True,False,-23.65569335943316,dry,7.689763343518802,False,False,False,False,,Cement & Cement Products,Cement & Cement Products,36.90965092402464,False,False
PRISMX.NS,2026-09-17,,,,,,,,,,False,False,False,False,False,False,False,False,False,,noise,,False,False,False,False,,Commercial Services & Supplies,Trading & Distributors,,False,False
PNC.NS,2026-09-17,16.6299991607666,16.49833329518636,17.884999963972305,18.43220001220703,20.327066713968915,21.73100004196167,16.570194163030457,15.720000267028809,38.459999084472656,False,False,False,False,False,False,False,True,False,-53.417370293083074,ppv,858.7910844198236,False,False,False,False,,Entertainment,"Film Production, Distribution & Exhibition",6.724845995893223,False,False
PRITI.NS,2026-09-16,31.959999084472656,33.322499910990395,34.85166676839193,35.88160018920898,40.49553342183431,44.566300010681154,33.300239381228984,31.0,85.0,False,False,False,False,False,False,False,False,False,-57.47172530200575,red,185.15529641996108,False,False,False,True,,Consumer Durables,"Furniture, Home Furnishing",4.979466119096509,False,False
PRITIKAUTO.NS,2026-09-16,14.479999542236328,15.618333339691162,16.96555545594957,17.298999900817872,15.000133272806803,14.657349953651428,15.30561286568296,10.40999984741211,20.989999771118164,False,True,False,True,False,True,False,False,False,-18.697361165416826,noise,96.81428727983861,False,False,False,False,,Auto Components,Auto Components & Equipments,43.01848049281315,False,False
PRITIKA.NS,2026-09-18,65.0,63.41249942779541,62.131944232516815,61.50999984741211,61.65233360290527,64.20674997329712,63.49876323438205,44.04999923706055,93.5,True,False,False,False,True,True,False,True,False,-24.855491329479772,ppv,490.1960784313726,False,False,False,False,,Auto Components,Auto Components & Equipments,34.70225872689938,False,False
PRIVISCL.NS,2026-09-16,3480.699951171875,3439.233357747396,3509.260199652778,3544.7858447265626,3288.794443359375,3195.657109375,3468.2488314852735,2293.3634973065723,3774.7057070510364,True,True,True,True,False,True,True,True,False,49.33127995513655,noise,88.90665976738444,False,False,False,False,,Chemicals & Petrochemicals,Specialty Chemicals,89.27104722792608,True,False
PRIZOR.NS,2026-09-17,1129.449951171875,1186.2208353678386,1013.772220187717,962.1299987792969,708.3879994710286,601.4432495880127,1164.5226949047683,216.64999389648438,1248.8499755859375,True,True,True,True,True,True,True,False,False,245.50320350557263,noise,61.09481915933529,False,False,False,False,,Industrial Manufacturing,Industrial Products,99.48665297741273,True,True
PROLIFE.NS,2026-09-16,79.0,78.95833333333333,79.42361111111111,78.51000015258789,69.0586669921875,69.80025024414063,79.13631726842965,56.04999923706055,142.4499969482422,True,False,False,True,True,True,False,False,False,-32.71682631659042,dry,0.0,False,False,False,False,,Chemicals & Petrochemicals,Dyes And Pigments,24.383983572895275,False,False
PROSTARM.NS,2026-09-17,131.00999450683594,132.57333183288574,134.91861067877875,132.69539962768556,139.95433349609374,147.3048501586914,131.96720709422786,114.63999938964844,237.0,False,False,False,False,False,False,False,False,False,-41.12439691200846,noise,66.14174355584885,False,False,False,False,,Electrical Equipment,Other Electrical Equipment,15.811088295687886,False,False
PROTEAN.NS,2026-09-16,485.3500061035156,498.9333318074544,542.13830142551,552.3875494384765,557.1210687255859,594.5440531921387,498.82023244094194,436.0272875280249,922.9244479133125,False,False,False,False,False,False,False,False,False,-45.38955018274849,noise,99.15282078594743,False,False,False,False,,IT - Services,IT Enabled Services,11.190965092402463,False,False
PROV.NS,2026-09-16,1650.0,1798.0833333333333,1792.1666666666667,1754.595,1489.2610001627604,1432.1252502441407,1754.2104877468926,940.0,1940.0,True,True,True,True,False,True,True,False,False,70.82513285999019,noise,95.54140127388536,False,False,False,False,,Food Products,Other Food Products,93.6858316221766,True,False
PROZONER.NS,2026-09-16,52.61000061035156,49.152499516805015,44.81138875749376,44.391999893188476,48.759466552734374,49.90134992599487,50.197548481005775,39.54999923706055,72.7699966430664,True,False,False,False,True,True,False,True,False,22.06497093483806,red,150.8685803687935,False,False,False,False,,Realty,"Residential, Commercial Projects",80.59548254620124,True,False
PRUDMOULI.NS,2026-09-16,14.800000190734863,16.27999997138977,14.77777780426873,14.52600004196167,15.284866663614908,16.71859998703003,15.989889000400094,11.260000228881836,38.97999954223633,False,False,False,False,True,True,False,False,False,-58.589816744043965,noise,91.52845587921567,False,False,False,False,,Agricultural Food & other Products,Sugar,4.414784394250513,False,False
PRUDENT.NS,2026-09-18,3501.60009765625,3335.7666829427085,3351.277791341146,3236.165625,2840.7636865234376,2761.1171716308595,3364.0503784301454,2118.407683707669,4105.5,True,True,True,True,True,True,True,True,False,17.06574160388563,green,136.36177019247603,False,False,False,False,,Capital Markets,Financial Products Distributor,77.72073921971253,True,True
PSPPROJECT.NS,2026-09-18,810.0999755859375,851.9041697184244,901.5472225613064,943.702001953125,845.7413354492187,841.9672506713868,843.3887319727627,569.2000122070312,1143.0,False,True,False,True,False,True,False,False,False,1.57993424275078,noise,77.85756735601423,False,True,False,False,,Construction,Civil Construction,65.91375770020534,False,False
PTC.NS,2026-09-18,156.22999572753906,154.1183319091797,159.46767298380533,156.8558023071289,159.46111155192057,155.45035430908203,154.3980885711585,130.34474084135397,203.5447632528218,False,True,True,False,False,False,True,True,False,2.8965158637700883,noise,76.29677973189287,False,False,False,False,,Power,Power Trading,66.78644763860369,False,False
PFS.NS,2026-09-18,26.170000076293945,27.044166564941406,27.71861113442315,28.276800117492677,29.486400082906087,30.39665005683899,26.860425912907413,23.850000381469727,40.5,False,False,False,False,False,False,False,False,False,-31.34837143344058,green,105.39111815424394,False,True,False,False,,Finance,Non Banking Financial Company (NBFC),26.12936344969199,False,False
PTCIL.NS,2026-09-18,22805.0,23178.333333333332,20887.194444444445,20016.82,18050.146666666667,18052.1,22840.957803382244,14461.0,24125.0,True,False,True,True,True,True,True,False,False,56.08103483676683,noise,85.31596946378711,False,False,False,False,,Industrial Products,Castings & Forgings,90.81108829568788,True,False
PTL.NS,2026-09-18,38.33000183105469,38.34333356221517,38.76944446563721,39.00339988708496,38.61100306193034,38.28738042831421,38.3094208645561,35.17181612589144,42.69720786366261,False,True,True,True,False,False,True,True,False,2.2981704391906943,green,146.99918957366572,False,False,False,False,,Commercial Services & Supplies,Diversified Commercial Services,66.37577002053389,False,False
PDMJEPAPER.NS,2026-09-18,101.58999633789062,98.20833206176758,93.78739102681477,92.43463623046875,84.66534606933594,86.05061595916749,98.49347315927301,64.56996482755343,129.13993077816528,True,False,False,True,True,True,True,True,False,-19.271721484733952,noise,62.8433489160961,False,True,False,False,,"Paper, Forest & Jute Products",Paper & Paper Products,42.24845995893224,False,False
PULZ.NS,2026-09-16,23.25,23.20833381017049,23.573611206478542,23.632000045776365,24.714666735331217,25.895000095367433,23.514603280790027,21.350000381469727,44.25,False,False,False,False,False,False,False,False,False,-41.947564437191176,red,198.86363636363635,False,False,False,False,,Consumer Durables,Consumer Electronics,14.630390143737165,False,False
PSB.NS,2026-09-18,22.100000381469727,22.617499828338623,23.160277631547714,23.431465835571288,23.84912474314372,24.663893480300903,22.441524430246616,20.178140732048902,31.950362111142574,False,False,False,False,False,False,False,False,False,-25.058356321207164,green,112.87263647284284,False,False,False,False,,Banks,Public Sector Bank,34.29158110882957,False,False
PUNJABCHEM.NS,2026-09-18,1075.699951171875,1082.5500081380208,1109.0611165364583,1119.1716186523438,1066.1559802246093,1095.1656823730468,1078.2430825832823,874.3373930297982,1529.9409473892583,False,False,False,True,False,False,False,False,False,-13.207496622954263,noise,57.965667236290194,False,False,False,False,,Fertilizers & Agrochemicals,Pesticides & Agrochemicals,49.38398357289528,False,False
PNB.NS,2026-09-18,117.2699966430664,116.3433329264323,115.8936112721761,114.02600021362305,110.05381713867187,112.30773017883301,116.41711811753409,95.71672519141161,131.33111679644097,True,False,False,True,True,False,True,True,False,7.88485693975276,green,105.33305659229315,False,True,False,False,,Banks,Public Sector Bank,71.09856262833677,True,False
PURVA.NS,2026-09-18,213.42999267578125,214.5633316040039,214.7952774895562,216.98059936523438,211.85299987792968,218.74955001831054,213.00148388269886,160.69000244140625,287.29998779296875,False,False,False,False,False,True,False,True,False,-20.598957452272572,noise,22.43291203507809,False,False,False,False,,Realty,"Residential, Commercial Projects",40.70841889117043,False,False
PERNIASPOP.NS,2026-09-17,,,,,,,,,,False,False,False,False,False,False,False,False,False,,noise,,False,False,False,False,,,,,False,False
PURVFLEXI.NS,2026-09-16,42.400001525878906,46.22500038146973,47.8888889948527,47.723000030517575,52.1583332824707,58.958999938964844,45.57916036552526,37.0,124.9000015258789,False,False,False,False,False,False,False,False,False,-65.11723532592232,noise,27.422303473491773,False,False,False,False,,Industrial Products,Plastic Products - Industrial,2.3613963039014374,False,False
PVP.NS,2026-09-18,59.279998779296875,63.62750053405762,49.04916678534614,43.24240005493164,33.69799994150797,33.48489992141724,61.796471783931445,23.0,71.9000015258789,True,True,True,True,True,True,True,False,False,98.19458068110265,noise,27.058578703330006,False,False,False,False,,Realty,"Residential, Commercial Projects",96.25256673511294,True,True
PVRINOX.NS,2026-09-18,1324.699951171875,1233.3499857584636,1206.1361083984375,1161.2399963378907,1048.5483353678385,1042.3447525024415,1250.4672113594956,907.4000244140625,1339.800048828125,True,True,True,True,True,True,True,True,False,17.458759870452646,green,179.73919719927136,False,False,True,False,,Entertainment,"Film Production, Distribution & Exhibition",77.97741273100615,True,True
PYRAMID.NS,2026-09-16,153.92999267578125,154.2581303914388,164.7671309577094,165.00366607666015,161.13323567708332,160.83134201049805,154.8569642040142,131.37371568801387,198.04736217201153,False,True,False,True,False,False,True,False,False,-10.173636862520985,noise,25.85215407427513,False,False,False,False,,Industrial Products,Packaging,53.644763860369615,False,False
QMSMEDI.NS,2026-09-16,164.2899932861328,158.52333450317383,138.60138999091254,130.2142007446289,101.86260030110677,98.8902001953125,158.00645402805986,68.94999694824219,167.0,True,True,True,True,True,True,True,True,False,80.38431717081554,noise,91.96065655550154,False,False,False,False,,Healthcare Equipment & Supplies,Medical Equipment & Supplies,94.71252566735113,True,True
QUADPRO.NS,2026-09-16,3.0,2.687500019868215,2.4958334035343595,2.4690000772476197,2.2490000359217324,2.288000031709671,2.793667343369845,1.850000023841858,3.450000047683716,True,False,False,True,True,True,True,True,False,-9.090907777308088,dry,0.0,False,False,False,False,,IT - Services,IT Enabled Services,54.87679671457906,False,False
QUADFUTURE.NS,2026-09-18,528.2000122070312,463.2541681925456,408.05833435058594,402.4520007324219,353.7663330078125,341.4732499694824,480.1497203274991,248.5500030517578,554.4000244140625,True,True,True,True,True,True,True,True,False,20.883395686178584,green,113.58077266284316,False,False,True,False,,Industrial Products,Cables - Electricals,79.87679671457906,True,True
QFIL.NS,2026-09-16,63.0,62.5,61.84444416893853,61.559999771118164,52.43666694641113,54.26275022506714,62.623417756592225,39.900001525878906,77.0,True,False,False,True,True,True,True,True,False,-9.999999999999998,dry,0.0,False,False,False,False,,Industrial Products,Iron & Steel Products,53.798767967145785,False,False
QPOWER.NS,2026-09-18,1536.0999755859375,1462.4999898274739,1341.1746181911892,1284.95125,1142.6479825846354,1037.262963256836,1457.0526802586219,580.8863637342646,1570.0,True,True,True,True,True,True,True,True,False,55.37245644548645,green,126.80527941887327,False,False,True,False,,Electrical Equipment,Heavy Electrical Equipment,90.60574948665298,True,True
QUESS.NS,2026-09-17,353.0,351.7708333333333,342.9246546427409,329.035673828125,249.02008982340496,236.79891044616699,349.81242676661554,162.53922482226787,388.75,True,True,True,True,True,True,True,True,False,34.13323193708238,noise,32.87836338465438,False,False,False,False,,Commercial Services & Supplies,Diversified Commercial Services,85.01026694045176,True,True
QUESTLAB.NS,2026-09-17,77.30000305175781,82.68333371480306,87.24583329094781,88.73199951171875,105.03833318074544,103.2489998626709,81.57307487628086,73.55000305175781,152.60000610351562,False,True,False,False,False,False,False,False,False,-20.7179455879407,noise,79.6311818943839,False,False,False,False,,Pharmaceuticals & Biotechnology,Pharmaceuticals,40.34907597535934,False,False
QUICKHEAL.NS,2026-09-17,152.3699951171875,148.83583450317383,147.7344445122613,151.3743994140625,164.83019948323567,183.23569969177245,150.673583842492,125.0,371.3999938964844,False,False,False,False,True,False,False,True,True,-53.253569746637176,red,148.0555676833825,False,False,False,False,,IT - Software,Software Products,6.827515400410677,False,False
QUICKTOUCH.NS,2026-09-16,17.049999237060547,16.5708331267039,18.563888708750408,19.866999855041502,25.340999921162922,28.19899990081787,16.96729312906761,14.699999809265137,51.0,False,False,False,False,False,False,False,True,False,-62.7322421047857,dry,0.0,False,False,False,False,,IT - Software,Computers - Software & Consulting,2.97741273100616,False,False
QUINT.NS,2026-09-17,,,,,,,,,,False,False,False,False,False,False,False,False,False,,ppv,,False,False,True,False,,Media,Electronic Media,,False,False
RCF.NS,2026-09-17,108.49999237060547,110.82626597086589,117.91785155402289,120.2121501159668,123.3603579711914,126.39754726409912,110.29350128403948,104.7068431385872,154.10414270944614,False,False,False,False,False,False,False,False,False,-27.79078134748869,noise,92.44012814696315,False,False,False,False,,Fertilizers & Agrochemicals,Fertilizers,30.544147843942504,False,False
RKSWAMY.NS,2026-09-16,88.33000183105469,92.00000063578288,96.76067055596246,97.70384887695313,94.6578065999349,98.16275142669677,91.72094536243546,65.86347909024379,160.75004513422496,False,False,False,False,False,True,False,False,False,-42.16840110995845,noise,58.36356275860223,False,True,False,False,,Media,Advertising & Media Agencies,14.476386036960987,False,False
RMDRIP.NS,2026-09-16,23.229999542236328,22.37833309173584,19.679722203148735,19.463000030517577,24.41175533294678,31.462749643325807,22.58209516464545,14.8100004196167,72.21666717529297,False,False,False,False,True,True,False,True,False,-48.93523477647192,red,151.13853910474927,False,False,False,False,,Industrial Products,Plastic Products - Industrial,8.932238193018481,False,False
RRKABEL.NS,2026-09-18,2450.800048828125,2436.0833333333335,2674.8944430881074,2604.213994140625,2055.283563639323,1901.5006018066406,2456.6782793185102,1175.2574703290545,2983.800048828125,True,True,True,True,False,True,True,False,False,97.10631906026497,noise,58.414808329021575,False,False,False,False,,Industrial Products,Cables - Electricals,95.99589322381931,True,False
RSSOFTWARE.NS,2026-09-16,29.920000076293945,29.50333325068156,30.579444408416748,31.320599937438963,32.86906674702962,36.55424999237061,29.739768672574975,21.93000030517578,82.0,False,False,False,False,False,True,False,True,False,-56.99913870519595,green,104.36776794278705,False,False,False,False,,IT - Software,Computers - Software & Consulting,5.133470225872689,False,False
RSYSTEMS.NS,2026-09-16,240.74000549316406,247.35500208536783,248.41194534301758,247.99460052490235,262.5508251953125,293.25536392211916,244.11337432520884,213.52000427246094,442.74500307791476,False,False,False,False,False,False,False,False,False,-44.53281936137604,noise,36.18983266425534,False,False,False,False,,IT - Services,IT Enabled Services,11.90965092402464,False,False
RNBDENIMS.NS,2026-09-17,9.380000114440918,10.042500098546347,9.269722249772814,9.381600036621094,18.4368443552653,25.1413165473938,9.607631510732686,7.71999979019165,67.66666412353516,False,False,False,False,False,False,False,False,False,-76.00409291935004,noise,26.635246411653885,False,False,False,False,,Textiles & Apparels,Other Textile Products,0.9240246406570842,False,False
RACE.NS,2026-09-16,96.86000061035156,98.55333391825359,102.59777810838487,104.7052001953125,112.4452003479004,117.2253500366211,97.98667763182291,84.11000061035156,250.0,False,False,False,False,False,False,False,False,False,-60.689933843487175,green,351.29524616996076,True,False,False,False,,Other Utilities,Waste Management,3.747433264887064,False,False
RILINFRA.NS,2026-09-16,32.75,33.820833365122475,36.252777894337974,37.01099994659424,36.0449999109904,35.816249990463255,33.43332191375642,27.600000381469727,47.5,False,True,False,True,False,False,False,False,False,-10.027476299098248,noise,33.175960188847775,False,False,False,False,,Construction,Civil Construction,53.747433264887064,False,False
RACLGEAR.NS,2026-09-18,1760.9000244140625,1681.816650390625,1521.0083312988281,1465.0419970703124,1365.5010123697916,1288.8238833618163,1720.680663593261,899.2103719531061,1927.699951171875,True,True,True,True,True,True,True,True,False,89.56198928947236,noise,63.226809208787586,False,False,False,False,,Auto Components,Auto Components & Equipments,95.48254620123203,True,True
RADAAN.NS,2026-09-16,2.8399999141693115,2.9225000143051147,3.020555555820465,2.9970000123977663,3.04,3.11549999833107,2.908875150398871,2.3499999046325684,3.990000009536743,False,False,False,False,False,False,False,False,False,-17.681163045894742,noise,24.341431508616306,False,False,False,False,,Entertainment,Media & Entertainment,44.30184804928131,False,False
RADHIKAJWE.NS,2026-09-18,71.23999786376953,80.07999992370605,72.81861114501953,70.91800025939942,63.92586669921875,66.28740001678467,75.86051156338918,50.0099983215332,99.6500015258789,True,False,False,True,True,True,False,False,False,-22.421870365597783,noise,26.800681544166338,False,False,False,False,,Consumer Durables,"Gems, Jewellery And Watches",38.60369609856263,False,False
RADIANTCMS.NS,2026-09-16,38.04999923706055,37.49278481801351,35.85674296485053,35.6725594329834,36.5319900004069,39.11265356063843,37.10015324650987,30.321927276694193,53.919194217783094,False,False,False,False,True,False,False,True,False,-27.592595738243332,green,231.34169609271584,False,False,False,False,,Commercial Services & Supplies,Diversified Commercial Services,30.852156057494867,False,False
RADICO.NS,2026-09-17,4380.0,4439.533365885417,4523.208333333333,4410.941176757812,3619.918958333333,3471.988017578125,4429.316238300099,2494.465428414862,4747.0,True,True,True,True,False,True,True,False,False,46.597592775040255,noise,46.057876647336904,False,False,False,False,,Beverages,Breweries & Distilleries,88.65503080082135,True,False
RADIOWALLA.NS,2026-09-16,24.0,27.541666984558105,26.79305542839898,26.964999923706056,32.07399997711182,38.67624997138977,26.079465427006514,22.200000762939453,72.0,False,False,False,False,False,False,False,False,False,-58.9041106627971,dry,0.0,False,False,False,False,,Entertainment,Media & Entertainment,4.312114989733059,False,False
RPEL.NS,2026-09-18,1652.4000244140625,1720.5833231608074,1570.0472208658855,1490.7359985351563,1071.7356905110678,1021.4551806640625,1685.3364844186112,560.8282002900473,1943.699951171875,True,True,True,True,True,True,True,False,False,141.83520874593262,noise,75.5570520726783,False,True,False,False,,Industrial Products,Electrodes & Refractories,98.35728952772074,True,True
RVNL.NS,2026-09-18,214.2899932861328,206.18583297729492,217.9243952433268,219.8007241821289,252.99158528645833,271.8809364318848,206.21105511970416,195.14999389648438,398.20450175980454,False,False,False,False,False,False,False,True,False,-40.51505020745616,green,214.75075964590582,False,False,False,False,,Construction,Civil Construction,16.427104722792606,False,False
RAILTEL.NS,2026-09-18,265.0,262.7999954223633,276.350828382704,281.18146240234375,298.43518707275393,308.9930226898193,262.09870778453075,243.9284560598348,398.26376666272404,False,False,False,False,False,False,False,True,False,-32.64116311653149,noise,82.54751147216012,False,False,False,False,,Telecom - Services,Other Telecom Services,24.48665297741273,False,False
RAIN.NS,2026-09-18,206.9199981689453,211.19250106811523,211.1802520751953,212.54535186767578,172.3074285888672,163.5905488586426,207.50233541727647,99.43315286007488,250.82236847510148,True,True,True,True,False,True,True,False,True,49.433235762352304,noise,45.88926452608946,False,False,False,False,,Chemicals & Petrochemicals,Petrochemicals,89.37371663244353,True,False
RAINBOW.NS,2026-09-16,1457.199951171875,1447.4083251953125,1477.6444329155815,1477.47078125,1344.9595231119793,1326.9425323486328,1452.1156824627528,1081.4576042961687,1610.0,True,True,True,True,False,True,True,True,False,-0.1418146638855311,noise,60.443571800252435,False,False,False,False,,Healthcare Services,Hospital,64.57905544147845,False,False
ROML.NS,2026-09-16,41.27000045776367,42.40499973297119,43.470277574327255,43.858199768066406,44.36086652119955,45.30404987335205,42.367515409353864,35.11000061035156,62.0,False,False,False,False,False,False,False,False,False,-17.045225210525285,noise,51.5908574179829,False,False,False,False,,Agricultural Food & other Products,Edible Oil,44.866529774127315,False,False
RAJRILTD.NS,2026-09-16,20.90999984741211,21.791666666666668,21.876666651831734,21.769799995422364,21.61040002187093,21.639850034713746,21.48684833304382,19.40999984741211,28.899999618530273,False,False,False,True,False,False,False,False,False,-18.922066284910986,dry,19.53330349391546,False,False,False,False,,Textiles & Apparels,Other Textile Products,42.659137577002056,False,False
ARENTERP.NS,2026-09-16,32.599998474121094,34.24666690826416,37.04055584801568,37.26560028076172,38.32833333333333,40.33629999160767,33.88317456120488,30.010000228881836,60.790000915527344,False,False,False,False,False,False,False,False,False,-31.353974895935245,dry,3.7041214829900033,False,False,False,False,,Metals & Minerals Trading,Trading - Minerals,26.026694045174537,False,False
RAJMET.NS,2026-09-17,3.119999885559082,3.175000011920929,3.236111104488373,3.2879999828338624,3.6254666725794475,3.7640500140190123,3.170974492931851,2.7200000286102295,5.28000020980835,False,False,False,False,False,False,False,False,False,-31.42857681825336,noise,31.125704547500348,False,False,False,False,,Industrial Products,"Aluminium, Copper & Zinc Products",25.82135523613963,False,False
RAJOOENG.NS,2026-09-17,53.29999923706055,52.684166272481285,51.41388871934679,51.57459991455078,55.905133438110354,58.47200006484985,53.06949380272405,46.0,101.82979208600591,False,False,False,False,True,False,False,True,False,-46.35866504348387,green,102.8785967539696,False,False,False,False,,Industrial Manufacturing,Industrial Products,10.472279260780287,False,False
RSL.NS,2026-09-18,,,,,,,,,,False,False,False,False,False,False,False,False,False,,noise,26.223920054408634,False,False,False,False,,Industrial Products,Iron & Steel Products,,False,False
RAJRATAN.NS,2026-09-18,452.6000061035156,487.0499979654948,502.0847210354275,498.8545916748047,445.38301310221357,449.54427291870115,476.5244778667695,304.31768608201764,563.9500122070312,True,False,True,True,False,True,True,False,False,30.042282953293565,noise,72.51143601716521,False,True,False,False,,Auto Components,Auto Components & Equipments,83.62422997946611,True,False
RAJSREESUG.NS,2026-09-18,31.8700008392334,33.84416723251343,34.121944745381676,33.207600135803226,31.98320006052653,32.21670002937317,33.16839858527727,24.649999618530273,43.20000076293945,False,False,False,True,False,False,False,False,False,-22.645630463431075,noise,26.050121323698406,False,True,False,False,,Agricultural Food & other Products,Sugar,38.29568788501027,False,False
RAMCOIND.NS,2026-09-17,320.8999938964844,321.2458318074544,335.89229159884985,339.41661743164065,303.98363891601565,305.855233001709,322.4774647894362,229.84711610231898,396.66439743304363,True,False,False,True,False,True,True,False,False,-14.786737324049747,dry,7.976754848373023,False,False,False,False,,Other Construction Materials,Other Construction Materials,47.74127310061601,False,False
RBS.NS,2026-09-16,83.5,87.49583307902019,89.13888888888889,85.63899993896484,87.42066652933757,89.31924997329712,86.83671079114126,58.79999923706055,132.0,False,False,False,False,False,True,False,False,False,-33.492634033965544,dry,0.0,False,True,False,False,,Agricultural Food & other Products,Edible Oil,23.45995893223819,False,False
RANASUG.NS,2026-09-16,14.699999809265137,14.860833168029785,14.015277783075968,13.417400016784669,12.796266663869222,12.610750002861023,14.806507875051379,10.210000038146973,16.450000762939453,True,True,True,True,True,True,True,False,False,2.7253625311835172,noise,59.104758018733385,False,False,False,False,,Agricultural Food & other Products,Sugar,66.6324435318275,False,False
RANEHOLDIN.NS,2026-09-18,1598.4000244140625,1661.4750061035156,1670.0621846516926,1679.26287109375,1404.4498978678384,1379.897062072754,1650.7771759526925,955.9554473507789,1846.1341245121132,True,True,True,True,False,True,True,False,False,8.742750396384192,red,230.15802223155416,False,False,False,False,,Finance,Holding Company,72.07392197125256,True,False
RATNAVEER.NS,2026-09-18,299.25,296.80416615804035,261.45004102918836,238.8836297607422,187.47754272460938,178.80535697937012,294.72098031450787,130.5,331.95001220703125,True,True,True,True,True,True,True,True,False,104.14080597302653,red,121.3485503420886,False,False,False,False,,Industrial Products,Iron & Steel Products,96.5605749486653,True,True
RTNPOWER.NS,2026-09-18,7.139999866485596,7.215833346048991,7.897222240765889,8.132600049972535,8.74080000559489,8.834799990653991,7.2122643385246,6.949999809265137,12.569999694824219,False,False,False,False,False,False,False,False,False,-41.95122149783466,green,115.37484515286727,False,True,False,False,,Power,Power Generation,14.579055441478438,False,False
RVHL.NS,2026-09-16,39.43000030517578,39.490833600362144,41.877500004238556,42.84679985046387,41.55333325703939,43.98964990615845,39.6676431713159,28.5,71.36000061035156,False,False,False,False,False,True,False,False,False,-24.289556607380646,noise,20.7047945319386,False,False,False,False,,Realty,"Residential, Commercial Projects",35.52361396303901,False,False
RAYMONDREL.NS,2026-09-18,588.2999877929688,570.3416646321615,587.6666649712456,613.4099975585938,544.7113376871745,527.3001043701172,575.4602613458571,347.8966973806635,734.9000244140625,True,True,False,True,False,True,True,True,False,-8.123969592198721,noise,80.35548352105428,False,True,False,False,,Realty,"Residential, Commercial Projects",56.1088295687885,False,False
RELCHEMQ.NS,2026-09-16,116.66000366210938,114.3916670481364,118.03249952528212,121.20519958496094,122.38046651204426,125.22005001068115,114.88707567452073,105.01000213623047,167.18432146908745,False,False,False,False,False,False,False,True,False,-27.8323501496368,red,585.1554431330532,False,True,False,False,,Textiles & Apparels,Other Textile Products,30.390143737166326,False,False
RELAXO.NS,2026-09-18,291.25,321.38515218098956,364.0132776896159,373.46095275878906,337.7172969563802,350.0677522277832,317.0365536922962,233.86133830038253,498.3273573949903,False,False,False,True,False,False,False,False,False,-40.98653855583703,red,156.95919990337364,False,False,False,False,,Consumer Durables,Footwear,16.119096509240247,False,False
RELIABLE.NS,2026-09-16,136.0500030517578,137.77916463216147,140.23555501302084,141.66399963378908,137.15033335367838,141.3738998413086,137.30745400519234,104.73999786376953,175.0,False,False,False,True,False,False,True,False,False,11.233755022014268,green,144.8859239197018,False,True,False,False,,Finance,Other Financial Services,74.12731006160165,True,False
RELIANCE.NS,2026-09-18,1226.4000244140625,1270.2083435058594,1296.625006781684,1295.3960009765624,1333.4632983398437,1370.754207763672,1256.777237828215,1226.4000244140625,1604.3820104615531,False,False,False,False,False,False,True,False,False,-12.92788359078969,red,136.56269913229173,False,False,False,True,,Petroleum Products,Refineries & Marketing,49.743326488706366,False,False
RELINFRA.NS,2026-09-17,51.0099983215332,54.85083325703939,61.64944447411431,62.35160018920899,74.15593353271484,92.20119983673095,54.16256176994851,50.5099983215332,274.45001220703125,False,False,False,False,False,False,False,False,False,-81.20832712189066,red,146.28462044973807,False,False,False,True,,Power,Integrated Power Utilities,0.5646817248459959,False,False
RPOWER.NS,2026-09-18,21.1299991607666,21.56333335240682,22.57055558098687,22.99599998474121,24.936199989318848,26.85674998283386,21.418558645792018,20.170000076293945,50.72999954223633,False,False,False,False,False,False,False,False,False,-55.459528304306716,green,114.67228230608006,False,True,False,False,,Power,Power Generation,5.698151950718685,False,False
RELIGARE.NS,2026-09-17,249.88999938964844,253.43583043416342,243.71416642930774,248.08420043945313,236.57699981689453,237.76449996948242,250.96484729111953,196.50999450683594,280.0,True,False,False,True,True,False,True,False,False,-2.808131295267169,noise,22.251151423743227,False,False,False,False,,Finance,Investment Company,61.85831622176592,False,False
RGL.NS,2026-09-16,149.5,146.65666707356772,131.7558330959744,128.2247998046875,114.24773310343424,115.94269981384278,148.45873690970546,85.0,163.4499969482422,True,False,False,True,True,True,True,True,False,25.55639571946562,noise,31.53855066758459,False,False,False,False,,Consumer Durables,"Gems, Jewellery And Watches",81.93018480492813,True,False
RESPONIND.NS,2026-09-16,161.57000732421875,159.3208325703939,162.0284389919705,168.76817321777344,169.82250569661457,175.46075660705566,162.31828173638385,117.18050072732538,240.7572086823752,False,False,False,False,False,True,False,False,False,-19.46105206536062,dry,17.079147041079512,False,False,False,False,,Consumer Durables,"Furniture, Home Furnishing",41.9917864476386,False,False
REXPIPES.NS,2026-09-16,160.64999389648438,160.64999389648438,165.3499984741211,167.25699890136718,182.00666595458983,173.30249938964843,160.88692760767282,130.1999969482422,208.0,False,True,True,False,False,False,True,False,False,2.3248368767416316,dry,0.0,False,False,False,False,,Industrial Products,Plastic Products - Industrial,66.47843942505133,False,False
RIR.NS,2026-09-18,,,,,,,,,,False,False,False,False,False,False,False,False,False,,ppv,,False,False,True,False,,Electrical Equipment,Other Electrical Equipment,,False,False
RITCO.NS,2026-09-16,294.75,305.18333435058594,305.4250022040473,296.8660015869141,253.22580067952475,255.47600021362305,303.49250219722137,167.10000610351562,331.1499938964844,True,False,True,True,False,True,True,False,False,7.7302607546296365,noise,53.59757861289507,False,False,False,False,,Transport Services,Logistics Solution Provider,70.99589322381931,True,False
RMC.NS,2026-09-17,,,,,,,,,,False,False,False,False,False,False,False,False,False,,ppv,203.2159133251168,False,False,False,False,,Electrical Equipment,Other Electrical Equipment,,False,False
ROCKINGDCE.NS,2026-09-16,230.0,227.83333333333334,203.1180542839898,196.27999908447265,191.63533253987632,197.81699928283692,225.0329020985638,123.9000015258789,283.8500061035156,True,False,False,False,True,True,True,True,False,22.015915119363406,ppv,276.7662053896577,False,False,False,False,,Commercial Services & Supplies,Trading & Distributors,80.54414784394251,True,False
ROLEXRINGS.NS,2026-09-16,168.52999877929688,173.7508316040039,167.77249908447266,161.70359954833984,145.61940038045248,140.08875030517578,172.38715678411137,99.79000091552734,189.39999389648438,True,True,True,True,True,True,True,False,False,20.318405059551424,noise,23.845145790215334,False,False,False,False,,Auto Components,Auto Components & Equipments,79.5687885010267,True,True
ROSSELLIND.NS,2026-09-18,52.63999938964844,56.22416623433431,56.76208644443088,57.297270965576175,53.33877833048503,52.16009656906128,55.62688705437858,39.715149491293374,73.0,False,True,False,True,False,True,False,False,False,-16.52093848805868,red,140.0088554015917,False,False,False,False,,Agricultural Food & other Products,Tea & Coffee,45.431211498973305,False,False
ROTO.NS,2026-09-17,63.349998474121094,64.20250002543132,65.57416682773166,66.19940002441406,62.03400006612142,62.34465015411377,63.89074855233984,47.5,85.27999877929688,True,False,False,True,False,True,False,False,False,-23.74819802851601,ppv,147.0385383079318,False,False,False,False,,Industrial Products,"Compressors, Pumps & Diesel Engines",36.70431211498973,False,False
ROHLTD.NS,2026-09-16,296.1000061035156,301.02916463216144,305.65841420491535,308.88556396484375,325.45938883463543,340.65783889770506,301.6197676041828,267.17832741026103,558.3075308743254,False,False,False,False,False,False,False,False,False,-40.63190102703099,noise,56.89901682170405,False,False,False,False,,Leisure Services,Hotels & Resorts,16.324435318275153,False,False
RPPINFRA.NS,2026-09-16,53.560001373291016,56.54583326975504,57.99972237481011,59.49140022277832,67.36240000406902,74.70619998931885,56.81084084651396,53.0,151.84277433174708,False,False,False,False,False,False,False,False,False,-63.43091750769489,noise,44.15380001652103,False,False,False,True,,Construction,Civil Construction,2.6694045174537986,False,False
RUBYMILLS.NS,2026-09-16,459.6000061035156,435.35686747233075,397.8497823079427,396.7767321777344,297.4793928019206,275.78526481628415,439.87520394426025,168.1055909008604,496.35008137501956,True,True,True,True,True,True,True,True,False,102.93355545274245,ppv,356.1786647637395,True,False,False,False,,Textiles & Apparels,Other Textile Products,96.45790554414785,True,True
RUCHINFRA.NS,2026-09-16,5.21999979019165,5.6274999777476,5.749444444974263,5.77979998588562,5.94039999961853,6.041549999713897,5.553304309793045,4.050000190734863,8.25,False,False,False,False,False,False,False,False,False,-30.120482773698633,red,102.88004679820155,False,False,False,False,,Commercial Services & Supplies,Diversified Commercial Services,27.51540041067762,False,False
RUDRA.NS,2026-09-18,,,,,,,,,,False,False,False,False,False,False,False,False,False,,noise,94.43418216841863,False,False,False,False,,Industrial Products,Iron & Steel Products,,False,False
SJLOGISTIC.NS,2026-09-16,311.29998779296875,318.0208333333333,322.5027787950304,323.6140008544922,317.92533426920573,326.6825004577637,318.06037500033756,225.35000610351562,459.0,False,False,False,False,False,True,False,False,False,-26.545541113832584,noise,54.74452554744526,False,False,False,False,,Transport Services,Logistics Solution Provider,32.28952772073922,False,False
SPIC.NS,2026-09-17,66.91999816894531,69.34583218892415,68.48499955071344,67.91919982910156,67.8158000946045,70.3246499824524,68.44741073827102,55.099998474121094,106.5999984741211,False,False,False,False,False,False,False,False,False,-36.21199520259384,noise,78.16260957803198,False,False,False,False,,Fertilizers & Agrochemicals,Fertilizers,20.68788501026694,False,False
SALSTEEL.NS,2026-09-16,74.62000274658203,78.70250066121419,70.88722218407526,66.76319984436036,56.839199956258135,52.652449989318846,76.3387962217297,26.100000381469727,86.25,True,True,True,True,True,True,True,False,False,146.92258253495982,green,123.77407462407106,False,False,False,False,,Ferrous Metals,Sponge Iron,98.51129363449692,True,True
SADHNANIQ.NS,2026-09-16,2.75,2.775833308696747,2.886666668785943,2.835400013923645,2.4030125149091086,3.415514592528343,2.803134470380273,1.2699999809265137,11.300000190734863,False,False,False,False,False,True,False,False,False,-74.65437877129835,noise,47.83843674477149,False,False,False,False,,Chemicals & Petrochemicals,Commodity Chemicals,0.9753593429158112,False,False
SAFARI.NS,2026-09-16,1520.5,1524.4666544596355,1515.7999911838108,1543.6660571289062,1576.2586417643229,1726.2726873779297,1524.5338455205813,1361.4252325150483,2504.019782423858,False,False,False,False,False,False,False,False,False,-31.096922058911545,noise,88.98712806328024,False,True,False,False,,Consumer Durables,Plastic Products - Consumer,26.386036960985628,False,False
SAURASHCEM.NS,2026-09-16,52.33000183105469,55.357500076293945,58.350000063578285,58.03140014648437,59.7774001566569,64.67425014495849,54.9103866219932,47.650001525878906,116.73999786376953,False,False,False,False,False,False,False,False,False,-54.34479098141954,noise,34.91556909383619,False,False,False,False,,Cement & Cement Products,Cement & Cement Products,6.365503080082135,False,False
SBIFUNDS.NS,2026-09-18,,,,,,,,,,False,False,False,False,False,False,False,False,False,,noise,,False,False,False,False,,Capital Markets,Asset Management Company,,False,False
SCHNEIDER.NS,2026-09-18,1213.5,1205.3416646321614,1259.5722283257378,1282.7960083007813,1178.6286694335938,1059.3922525024414,1208.2484605050117,571.8499755859375,1548.0,True,True,True,True,False,True,True,True,False,32.92802799286538,noise,89.84392024584184,False,False,False,False,,Electrical Equipment,Heavy Electrical Equipment,84.75359342915812,True,False
SEAMECLTD.NS,2026-09-16,1701.5999755859375,1750.3666687011719,1619.3544616699219,1559.9208740234376,1498.1900512695313,1394.2283801269532,1740.80490928011,770.8415212003184,1849.0,True,True,True,True,True,True,True,False,False,83.01610841606495,noise,89.85306711737731,False,False,False,False,,Transport Services,Shipping,94.81519507186859,True,True
SELMC.NS,2026-09-16,27.790000915527344,28.1191668510437,27.767777760823567,27.962400016784667,29.428666725158692,29.73225004196167,28.276921273429902,26.0,43.36000061035156,False,False,False,False,False,False,False,False,False,-8.071447779216479,dry,0.0,False,False,False,False,,Textiles & Apparels,Other Textile Products,56.262833675564686,False,False
SERVOTECH.NS,2026-09-18,72.80000305175781,77.19583320617676,81.0313892364502,85.51140060424805,86.66293347676596,84.10305017471313,76.05065954706626,57.5099983215332,141.5,False,True,False,False,False,False,False,False,False,-45.533031884555655,noise,60.5402350226248,False,True,False,False,,Electrical Equipment,Other Electrical Equipment,11.036960985626283,False,False
RENUKA.NS,2026-09-18,23.059999465942383,24.25500027338664,23.588611178927952,23.21620002746582,24.280133310953776,24.5853999710083,23.969019357642672,21.049999237060547,33.29999923706055,False,False,False,False,False,False,False,False,False,-26.16074350319668,noise,65.86125210420909,False,False,False,False,,Agricultural Food & other Products,Sugar,32.700205338809035,False,False
SHAH.NS,2026-09-16,3.3399999141693115,3.4933332999547324,3.7383333577050104,3.9650000095367433,4.605534308751424,4.658650739192963,3.468998219977905,2.559999942779541,5.880000114440918,False,False,False,False,False,True,False,False,False,-9.239134413589756,dry,9.50173449097473,False,True,False,False,,Industrial Products,Iron & Steel Products,54.7741273100616,False,False
BUILDPRO.NS,2026-09-17,,,,,,,,,,False,False,False,False,False,False,False,False,False,,dry,17.888078714216242,False,False,False,False,,Retailing,Speciality Retail,,False,False
SHINDL.NS,2026-09-17,,,,,,,,,,False,False,False,False,False,False,False,False,False,,noise,,False,True,False,False,,Food Products,Seafood,,False,False
SHARDUL.NS,2026-09-17,,,,,,,,,,False,False,False,False,False,False,False,False,False,,noise,24.410981839662625,False,False,False,False,,Capital Markets,Stockbroking & Allied,,False,False
SFL.NS,2026-09-16,663.0499877929688,666.7749989827474,686.5138871934679,709.0289990234374,629.3328255208334,614.6993716430665,671.7640618867838,456.183017738798,832.4500122070312,True,True,False,True,False,True,True,False,False,-4.837794128390794,noise,52.929037616232186,False,False,False,False,,Consumer Durables,"Furniture, Home Furnishing",59.65092402464066,False,False
SHEETAL.NS,2026-09-16,357.5,346.6125005086263,330.78333367241754,320.52600036621095,282.20100036621096,255.5462503051758,349.0200323362836,121.0,361.0,True,True,True,True,True,True,True,True,False,193.0857743418723,noise,86.07198748043818,False,False,True,False,,Agricultural Food & other Products,Other Agricultural Products,99.17864476386036,True,True
SHIGAN.NS,2026-09-16,64.5,69.34583282470703,66.39419025844998,65.2415818786621,65.60491152445475,62.650900249481204,67.29676780470935,40.91087714844722,87.38245391845703,False,True,False,False,False,True,False,False,False,-8.51291543183571,noise,54.94505494505495,False,False,False,False,,Auto Components,Auto Components & Equipments,55.64681724845995,False,False
SCILAL.NS,2026-09-18,36.83000183105469,38.4547971089681,39.48966587914361,40.03705551147461,42.630808690388996,43.38666313171387,38.102583110912875,33.828611936461684,54.244129857072295,False,False,False,False,False,False,False,False,False,-27.573287235160613,red,560.8495773832149,False,False,False,False,,Finance,Investment Company,31.006160164271044,False,False
SHIVAMAUTO.NS,2026-09-16,16.329999923706055,17.224166870117188,17.11000002755059,17.338999977111815,17.893333333333334,19.365600032806398,16.843844788972365,13.050000190734863,35.790000915527344,False,False,False,False,False,False,False,False,False,-44.417970081112955,noise,80.48996652106997,False,False,False,False,,Auto Components,Auto Components & Equipments,12.114989733059549,False,False
SHOPERSTOP.NS,2026-09-17,413.29998779296875,385.5333302815755,400.7458318074544,396.00599975585936,350.60499877929686,361.40374923706054,391.12056451794894,275.95001220703125,572.0,True,False,False,True,True,True,False,True,False,-24.970499026827987,ppv,369.978276181584,False,False,False,False,,Retailing,Diversified Retail,34.44558521560575,False,False
SHREEKARNI.NS,2026-09-16,366.20001220703125,386.38333384195965,380.768054538303,389.03099853515624,409.6556654866536,426.1377491760254,378.78067249497224,317.1000061035156,712.0,False,False,False,False,False,False,False,False,False,-31.38467231944224,ppv,329.47462154942116,False,True,False,False,,Textiles & Apparels,Other Textile Products,25.924024640657084,False,False
SRTL.NS,2026-09-17,,,,,,,,,,False,False,False,False,False,False,False,False,False,,noise,60.621202629197626,False,False,False,False,,Textiles & Apparels,Other Textile Products,,False,False
TIRUPATI.NS,2026-09-16,308.0,310.9166666666667,331.38194529215497,369.0140020751953,450.11966715494793,506.80175018310547,310.81926473576004,295.0,893.0,False,False,False,False,False,False,False,False,False,-40.390943928100654,dry,0.0,False,False,False,True,,Industrial Products,Plastic Products - Industrial,16.581108829568787,False,False
SICAGEN.NS,2026-09-16,,,,,,,,,,False,False,False,False,False,False,False,False,False,,dry,15.458310600523628,False,False,False,False,,Commercial Services & Supplies,Trading & Distributors,,False,False
SILGO.NS,2026-09-16,71.04000091552734,71.19916725158691,70.86805597941081,71.92779998779297,74.48713338216146,74.05003704071045,70.98764467032836,61.0,86.19999694824219,False,True,True,False,False,False,True,True,False,9.595805692667692,noise,24.062895019479228,False,False,False,False,,Consumer Durables,"Gems, Jewellery And Watches",72.74127310061603,True,False
SINCLAIR.NS,2026-09-16,77.91999816894531,81.68380991617839,77.15517086452908,76.3317887878418,75.95499160766602,77.19116878509521,80.32006391364486,68.16806206295949,112.92007095542363,True,False,False,False,True,False,False,False,False,-29.321476821158143,noise,72.90185966669517,False,False,False,False,,Leisure Services,Hotels & Resorts,28.49075975359343,False,False
SONAL.NS,2026-09-17,,,,,,,,,,False,False,False,False,False,False,False,False,False,,noise,,False,False,False,True,,Finance,Non Banking Financial Company (NBFC),,False,False
SPENCERS.NS,2026-09-18,28.3799991607666,28.56333303451538,30.36166657341851,31.498999938964843,33.33779992421468,34.74519994735718,28.57240528184721,24.3799991607666,61.400001525878906,False,False,False,False,False,False,False,False,False,-51.161592044948165,noise,62.62239184506332,False,False,False,False,,Retailing,Diversified Retail,7.7002053388090355,False,False
SREEL.NS,2026-09-16,300.7799987792969,292.3833300272624,254.04805374145508,243.46439880371094,210.61273915608723,212.37187294006347,304.2226208067556,165.25,400.0,True,False,True,True,True,True,True,False,False,30.09550892753785,noise,22.81430539388956,False,False,False,False,,Consumer Durables,Footwear,83.67556468172485,True,False
SRIKPRIND.NS,2026-09-17,,,,,,,,,,False,False,False,False,False,False,False,False,False,,noise,,False,False,False,False,,Industrial Products,Plastic Products - Industrial,,False,False
SIL.NS,2026-09-18,16.1299991607666,18.272500197092693,18.628366311391193,17.88183158874512,15.997168916066487,15.72391894340515,17.7180065614344,11.546052654867822,22.299999237060547,True,True,True,True,False,True,False,False,False,-12.207949922363593,noise,50.34303574273144,False,False,False,False,,Realty,Real Estate related services,50.92402464065708,False,False
STANLEY.NS,2026-09-17,137.6300048828125,136.62583541870117,140.92250061035156,145.24459991455078,149.37786692301432,161.74780029296875,136.6275570237452,123.0,320.45001220703125,False,False,False,False,False,False,False,True,False,-52.63936614172442,noise,45.12728141218888,False,False,False,False,,Consumer Durables,"Furniture, Home Furnishing",7.084188911704311,False,False
STARTECK.NS,2026-09-16,236.8000030517578,245.44374974568686,253.45329072740344,258.0782180786133,258.9464512125651,263.73437911987304,243.76691528961618,214.88069362018075,349.5932051439075,False,False,False,False,False,False,False,False,False,-23.75629152425661,dry,0.3650472475437535,False,False,False,False,,Finance,Non Banking Financial Company (NBFC),36.652977412731005,False,False
STEELCITY.NS,2026-09-16,85.25,84.85917536417644,82.23516930474176,80.413759765625,79.39718948364258,81.37435684204101,85.64674421590807,69.57128552354698,100.83828229653155,True,False,False,False,True,False,True,False,False,-13.416514442787763,noise,24.881422401229496,False,False,False,False,,Capital Markets,Stockbroking & Allied,49.07597535934292,False,False
SSWL.NS,2026-09-18,372.3999938964844,363.7124989827474,327.40277777777777,312.54940002441407,245.71540028889973,234.16510040283202,358.0655762267228,169.0,384.1499938964844,True,True,True,True,True,True,True,True,False,53.01034501048194,noise,90.60622782098154,False,False,False,False,,Auto Components,Auto Components & Equipments,90.34907597535934,True,True
STEELCAS.NS,2026-09-16,299.25,323.81666564941406,334.0880949232313,326.0372088623047,287.2763265991211,267.4949775695801,321.04246938054433,175.13959955663623,364.0,True,True,True,True,False,True,True,False,False,46.97033487085909,red,272.23924586778213,False,False,False,False,,Industrial Products,Castings & Forgings,88.80903490759754,True,False
STLTECH.NS,2026-09-18,818.7999877929688,825.4541727701823,707.3180592854818,659.0300030517578,463.5153332519531,374.1437997817993,822.5219595177155,84.5999984741211,912.0,True,True,True,True,True,True,True,False,False,564.6643165563866,noise,86.99147968698362,False,False,False,False,,Telecom -  Equipment & Accessories,Telecom -  Equipment & Accessories,99.94866529774127,True,True
SGL.NS,2026-09-16,9.640000343322754,10.006666660308838,9.939444435967339,9.961999988555908,10.822266680399578,11.230550017356872,9.887733605004172,8.399999618530273,20.790000915527344,False,False,False,False,False,False,False,False,False,-28.53965524920309,noise,56.649692892593606,False,False,False,False,,Textiles & Apparels,Other Textile Products,29.36344969199179,False,False
STAR.NS,2026-09-17,1200.199951171875,1153.4500020345051,1049.1499989827473,1049.1962280273438,1025.806658935547,991.1506723022461,1159.5820053028872,765.0675335548549,1225.262710817159,True,True,True,True,True,True,True,True,False,36.21236467394742,noise,55.974431701442626,False,False,False,False,,Pharmaceuticals & Biotechnology,Pharmaceuticals,85.6776180698152,True,True
SULA.NS,2026-09-18,134.49000549316406,141.17083485921225,149.3308334350586,149.9361999511719,157.33644388834637,168.39546577453612,138.84162375715647,132.05999755859375,289.08028915869943,False,False,False,False,False,False,False,False,False,-51.6824696563302,noise,44.01326411532791,False,True,False,False,,Beverages,Breweries & Distilleries,7.443531827515401,False,False
SUMEETINDS.NS,2026-09-16,9.729999542236328,11.03083332379659,14.406388918558756,19.213600044250487,25.210005683898927,26.10875428199768,10.92251773044981,9.729999542236328,40.5,False,False,False,False,False,False,False,False,False,-61.76216352677963,noise,34.16746694396856,False,False,False,True,,Textiles & Apparels,Other Textile Products,3.4394250513347027,False,False
SUMMITSEC.NS,2026-09-16,1391.699951171875,1416.5833231608074,1448.1194424099392,1465.4039990234376,1541.6460017903646,1626.0545025634765,1411.9312394772712,1312.0,2495.0,False,False,False,False,False,False,False,False,False,-36.18104359455795,noise,45.891505356628336,False,False,False,False,,Finance,Investment Company,20.739219712525667,False,False
SUNTV.NS,2026-09-18,451.70001220703125,461.5833333333333,473.94996558295355,478.43253540039063,529.7395139567058,535.2195509338379,462.21161176145944,447.70001220703125,653.9340000086492,False,False,False,False,False,False,False,False,False,-17.440817540448762,red,213.38344708610418,False,False,False,False,,Entertainment,TV Broadcasting & Software Production,44.455852156057496,False,False
SUNCLAY.NS,2026-09-18,1254.5999755859375,1283.4250081380208,1269.138892279731,1295.5500024414061,1333.571717936198,1310.7314581298829,1275.2703893932885,1108.7626995679627,1934.9541882791614,False,True,False,False,False,False,False,False,False,-27.19886330956044,noise,25.938788281208954,False,False,False,False,,Auto Components,Auto Components & Equipments,31.519507186858313,False,False
SUNDARAM.NS,2026-09-16,1.1699999570846558,1.209166685740153,1.2197222312291462,1.2334000015258788,1.3371999986966452,1.4334499967098235,1.1989206092450355,1.0299999713897705,2.200000047683716,False,False,False,False,False,False,False,False,False,-40.60914009681247,dry,18.1265800635072,False,False,False,False,,Household Products,Stationary,16.37577002053388,False,False
SUNFLAG.NS,2026-09-16,339.0,339.14659627278644,353.3912879096137,351.2606042480469,317.0779779052734,301.51809715270997,339.0613940396744,191.59368881133625,426.7608500985104,True,True,True,True,False,True,True,False,False,27.09693282531258,green,107.8649509021256,False,False,False,False,,Industrial Products,Iron & Steel Products,82.59753593429157,True,False
SUNREST.NS,2026-09-18,37.349998474121094,37.9916664759318,38.284516440497505,37.41285171508789,37.59713439941406,37.96310077667236,37.96847228934705,29.549999237060547,54.0,False,False,False,False,False,False,False,False,False,-15.688489577049957,red,116.21699165053552,False,True,False,False,,Pharmaceuticals & Biotechnology,Pharmaceuticals,46.71457905544148,False,False
SUPERSPIN.NS,2026-09-16,6.849999904632568,6.989166617393494,6.375555515289307,6.0593999576568605,5.609799982706706,6.249050006866455,6.999261393182089,3.7899999618530273,9.979999542236328,True,False,False,False,True,True,False,False,False,-26.344088557579937,noise,79.32513421570191,False,False,False,False,,Textiles & Apparels,Other Textile Products,32.4435318275154,False,False
SUPERHOUSE.NS,2026-09-16,167.47999572753906,170.83666610717773,166.4763887193468,164.80159973144532,156.25620025634765,154.71845039367676,170.53331856602915,128.5500030517578,201.9499969482422,True,True,False,True,True,True,True,False,False,16.402563111927805,noise,28.80999054526003,False,False,False,False,,Consumer Durables,Leather And Leather Products,77.6694045174538,True,False
SIEL.NS,2026-09-16,,,,,,,,,,False,False,False,False,False,False,False,False,False,,noise,,False,False,False,False,,Agricultural Food & other Products,Edible Oil,,False,False
SUPRAJIT.NS,2026-09-16,488.1499938964844,489.1708348592122,503.82019890679254,499.90855407714844,455.32994486490884,455.09274322509765,488.8404110633152,388.4010744012427,557.028538620579,True,True,True,True,False,False,True,False,False,10.554924839068235,ppv,230.5576819085208,False,False,False,False,,Auto Components,Auto Components & Equipments,73.4599589322382,True,False
SUPREMEENG.NS,2026-09-16,3.450000047683716,3.128333350022634,2.616111112965478,2.375,1.513799999554952,1.457449999153614,3.1940201194629845,0.6800000071525574,3.450000047683716,True,True,True,True,True,True,True,True,False,238.23530511735106,ppv,163.99448803441686,False,False,True,False,,Industrial Products,Iron & Steel Products,99.38398357289527,True,True
SUPREME.NS,2026-09-17,32.209999084472656,35.34833335876465,39.995555347866485,41.619399871826175,47.90219998677571,53.571000003814696,34.61231556213325,31.68000030517578,97.83999633789062,False,False,False,False,False,False,False,False,False,-58.24475066200871,green,102.96408035009325,False,True,False,False,,Realty,"Residential, Commercial Projects",4.671457905544147,False,False
SPLPETRO.NS,2026-09-18,865.7000122070312,797.9791615804037,737.6416676839193,734.5242626953125,711.9465783691406,683.621475982666,804.435867225674,457.2664603074991,965.127357372077,True,True,True,True,True,True,True,True,False,9.025199746400636,ppv,438.9911448243456,True,False,True,False,,Chemicals & Petrochemicals,Petrochemicals,72.27926078028747,True,True
SURAJLTD.NS,2026-09-17,201.89999389648438,201.24999872843424,210.57916598849826,214.9443994140625,227.5222664388021,231.78525375366212,200.9941409076888,192.0,346.38964358701236,False,False,False,False,False,False,False,True,False,-36.869375698676535,dry,7.076245372322977,False,True,False,False,,Industrial Products,Iron & Steel Products,20.17453798767967,False,False
SURAJEST.NS,2026-09-16,168.69000244140625,178.2133331298828,194.16611099243164,195.55200012207033,206.29313364664714,216.46785034179686,176.4292571923456,166.0,319.0,False,False,False,False,False,False,False,False,False,-42.7781514835498,noise,40.8632060104951,False,False,False,True,,Realty,"Residential, Commercial Projects",13.860369609856264,False,False
SURYALAXMI.NS,2026-09-16,55.88999938964844,58.80249913533529,58.52972178988986,58.30779960632324,57.51913309733073,57.55199981689453,57.524409079743336,43.0,69.69999694824219,False,False,False,True,False,False,True,False,False,-15.81563503017167,noise,45.42226328708939,False,True,False,False,,Textiles & Apparels,Other Textile Products,46.40657084188911,False,False
TEMPSENS.NS,2026-09-18,,,,,,,,,,False,False,False,False,False,False,False,False,False,,noise,,False,True,False,False,,Industrial Manufacturing,Industrial Products,,False,False
TENNIND.NS,2026-09-18,,,,,,,,,,False,False,False,False,False,False,False,False,False,,noise,50.75398344352754,False,False,False,False,,Auto Components,Auto Components & Equipments,,False,False
TERASOFT.NS,2026-09-16,234.25,266.79583231608075,329.35833316379126,347.40899963378905,361.3896673583984,378.7755003356934,260.4773853543807,230.0,598.0,False,False,False,False,False,False,False,False,False,-37.60310837303435,noise,89.24584344697077,False,False,False,True,,IT - Services,IT Enabled Services,19.455852156057496,False,False
TERAI.NS,2026-09-17,,,,,,,,,,False,False,False,False,False,False,False,False,False,,noise,,False,True,False,False,,Agricultural Food & other Products,Tea & Coffee,,False,False
TEXINFRA.NS,2026-09-16,116.25,115.33886082967122,112.58641560872395,112.86109436035156,103.06297368367512,102.4020970916748,115.1081088520175,82.39240445413874,121.80000305175781,True,True,True,True,True,True,True,True,False,22.54111452425276,green,107.45114249113712,False,False,False,False,,Commercial Services & Supplies,Diversified Commercial Services,80.85215605749487,True,True
TEXRAIL.NS,2026-09-18,114.66000366210938,114.7592035929362,109.76722272237141,110.58676361083984,106.12732432047527,111.00428951263427,113.35582520836604,77.55295586446476,152.0256459449325,True,False,False,False,True,True,True,True,False,-21.813893677163787,ppv,117.16503167253056,False,False,False,False,,Industrial Manufacturing,Railway Wagons,39.168377823408626,False,False
TEXMOPIPES.NS,2026-09-17,62.2400016784668,54.87750053405762,48.05138927035861,46.775200271606444,45.28340003967285,45.91295000076294,56.871354571318406,33.0,64.5,True,False,False,True,True,True,True,True,False,5.940428388879648,green,306.7886871463544,True,False,True,False,,Industrial Products,Plastic Products - Industrial,69.14784394250513,False,False
TGVSL.NS,2026-09-18,,,,,,,,,,False,False,False,False,False,False,False,False,False,,noise,,False,True,False,False,,Chemicals & Petrochemicals,Commodity Chemicals,,False,False
TCL.NS,2026-09-16,121.8499984741211,119.67916679382324,124.86388842264812,123.09699981689454,104.5603332010905,102.7039998626709,119.42542821534491,74.05000305175781,147.4499969482422,True,True,True,True,False,True,True,True,False,-3.408642885252522,noise,95.88179817667401,False,False,False,False,,Auto Components,Auto Components & Equipments,61.24229979466119,False,False
THAKDEV.NS,2026-09-17,,,,,,,,,,False,False,False,False,False,False,False,False,False,,noise,,False,False,False,True,,Realty,"Residential, Commercial Projects",,False,False
THANGAMAYL.NS,2026-09-16,4927.0,5192.291666666667,5318.541666666667,5682.72875,4746.268626302083,4414.693405761719,5130.494446137356,1934.089956974078,7430.0,True,True,True,True,False,True,False,False,False,130.10346507610427,noise,45.81451364015665,False,False,False,False,,Consumer Durables,"Gems, Jewellery And Watches",97.63860369609856,True,False
ANUP.NS,2026-09-18,1638.300048828125,1714.4750162760417,1839.533226860894,1920.5076196289062,1908.439463704427,1950.6666015625,1687.489038682834,1413.1287937902684,2559.3896551627895,False,False,False,False,False,False,False,False,False,-28.704055101579407,ppv,97.45789318877092,False,False,False,False,,Industrial Manufacturing,Industrial Products,29.158110882956876,False,False
BBTC.NS,2026-09-16,1416.699951171875,1468.5416666666667,1479.8027682834202,1484.159990234375,1527.2058984375,1597.2344055175781,1449.3047949403226,1314.5999755859375,2114.6666501437494,False,False,False,False,False,False,False,False,False,-27.072755219618305,dry,10.677195931366612,False,False,False,False,,Food Products,Packaged Foods,31.82751540041068,False,False
BYKE.NS,2026-09-16,29.770000457763672,31.540833473205566,32.26222244898478,32.519800148010255,35.86973341623942,40.00130000114441,31.12768397424572,26.25,73.4000015258789,False,False,False,False,False,False,False,False,False,-58.05860939726819,red,104.12770504942559,False,False,False,False,,Leisure Services,Hotels & Resorts,4.722792607802875,False,False
HITECHGEAR.NS,2026-09-16,527.5,565.8916676839193,559.3152770996094,576.8019982910156,598.9139990234376,622.3104995727539,559.4120889198142,521.25,897.4500122070312,False,False,False,False,False,False,False,False,False,-22.17321667816613,red,164.98422712933754,False,False,False,True,,Auto Components,Auto Components & Equipments,38.75770020533881,False,False
PKTEA.NS,2026-09-16,936.9500122070312,949.5000050862631,793.4347245958116,774.1120043945313,787.577334391276,778.7542504882813,983.2410642669458,605.0,1169.0,True,True,True,False,True,True,True,False,False,23.67344804656073,red,115.7815597020026,False,False,False,False,,Agricultural Food & other Products,Tea & Coffee,81.3141683778234,True,False
THEJO.NS,2026-09-16,2156.800048828125,2136.1166788736978,2097.589830186632,2038.4329443359375,1802.4212426757813,1780.079086303711,2149.30078381987,1440.1922305183673,2281.202323145146,True,True,True,True,True,True,True,True,False,13.170879996249084,noise,48.760703944801534,False,False,False,False,,Industrial Manufacturing,Industrial Products,75.92402464065708,True,True
THEMISMED.NS,2026-09-18,123.97000122070312,126.7716687520345,117.28666729397244,115.65260040283204,101.83513331095378,100.09574981689452,125.0808601189004,64.94999694824219,148.0,True,True,False,True,True,True,True,False,False,0.3074722016930709,noise,30.582284808758352,False,False,False,False,,Pharmaceuticals & Biotechnology,Pharmaceuticals,64.98973305954824,False,False
THERMAX.NS,2026-09-16,3536.800048828125,3669.4166666666665,3928.8555501302085,4121.99599609375,4040.052701822917,3758.653260498047,3659.2494998023894,2731.5439342301706,5256.332008959298,False,True,True,True,False,False,False,False,False,7.129774284564472,noise,99.06622960060308,False,False,False,False,,Electrical Equipment,Heavy Electrical Equipment,70.53388090349077,True,False
TIRUMALCHM.NS,2026-09-18,158.5399932861328,156.85416539510092,160.83305486043295,162.4925994873047,179.09533284505207,188.6993495941162,156.69309582127033,143.5,328.79998779296875,False,False,False,False,False,False,False,True,False,-50.92400579574221,green,109.08867359215732,False,False,False,False,,Chemicals & Petrochemicals,Commodity Chemicals,7.802874743326489,False,False
THOMASCOOK.NS,2026-09-16,102.01000213623047,107.6924991607666,106.44496387905545,105.04849227905274,101.8186280822754,109.93725646972656,106.7690403341991,85.96001645922374,174.20964205810907,False,False,False,False,False,False,False,False,False,-40.927651979917975,noise,38.07860075268625,False,False,False,False,,Leisure Services,"Tour, Travel Related Services",16.2217659137577,False,False
THOMASCOTT.NS,2026-09-17,234.89999389648438,248.49166615804037,283.6361100938585,290.95999938964843,283.86999969482423,296.25674980163575,245.10797763238736,221.8000030517578,459.79998779296875,False,False,False,False,False,False,False,False,False,-32.97189735644373,noise,65.95512879155156,False,False,False,False,,Textiles & Apparels,Garments & Apparels,23.97330595482546,False,False
THYROCARE.NS,2026-09-17,559.25,561.9250081380209,587.3388892279731,576.3629998779297,486.7736777750651,473.58299072265623,558.6867006492333,338.148639887055,662.0,True,True,True,True,False,True,True,True,False,41.43862550598132,dry,16.970804406812025,False,False,False,False,,Healthcare Services,Healthcare Service Provider,87.67967145790554,True,False
TIGERLOGS.NS,2026-09-17,,,,,,,,,,False,False,False,False,False,False,False,False,False,,dry,15.254682110020438,False,False,False,False,,Transport Services,Logistics Solution Provider,,False,False
TIJARIA.NS,2026-09-16,7.380000114440918,7.947499950726827,6.268611113230388,5.739600000381469,5.0035333188374835,5.012749987840652,7.705672918478269,3.549999952316284,9.800000190734863,True,False,False,True,True,True,True,False,False,9.33333502875433,noise,21.493155992408873,False,False,False,False,,Industrial Products,Plastic Products - Industrial,72.5359342915811,True,False
TIL.NS,2026-09-18,257.510009765625,248.65500259399414,242.57416831122504,236.02460144042968,212.49124542236328,223.90683395385742,248.91148182331173,161.25,371.95001220703125,True,False,False,True,True,True,False,True,False,-30.767575933754177,ppv,12.125381836434537,False,False,False,False,,"Agricultural, Commercial & Construction Vehicles",Construction Vehicles,26.642710472279262,False,False
TI.NS,2026-09-18,568.7000122070312,533.7064412434896,537.57654232449,511.95918640136716,465.21558146158856,458.97476989746093,538.8228278252179,380.8184953584051,593.4101250631628,True,True,True,True,True,True,True,True,False,21.936136642665048,ppv,183.00128249999682,False,False,False,False,,Beverages,Breweries & Distilleries,80.49281314168378,True,True
TIMETECHNO.NS,2026-09-18,179.24000549316406,181.96901321411133,190.8188010321723,193.12981903076172,182.40624928792317,182.63031410217286,180.25458797872284,152.72234380182346,247.08292733306988,False,False,False,True,False,False,False,False,False,-24.162587233690903,ppv,101.43436828126578,False,False,False,False,,Industrial Products,Plastic Products - Industrial,35.8829568788501,False,False
TIMESCAN.NS,2026-09-16,39.5,39.5,40.12638886769613,40.4839998626709,42.2390000406901,44.13325000762939,39.53463628412799,37.29999923706055,65.0,False,False,False,False,False,False,False,False,False,-39.23076923076923,dry,0.0,False,False,False,False,,Transport Services,Logistics Solution Provider,17.40246406570842,False,False
TIMEX.NS,2026-09-18,,,,,,,,,,False,False,False,False,False,False,False,False,False,,ppv,1368.0550899139632,True,False,True,False,,Consumer Durables,"Gems, Jewellery And Watches",,False,False
TIMKEN.NS,2026-09-18,3124.199951171875,3185.183308919271,3204.3277791341147,3180.0649267578124,3359.7841259765623,3284.004880371094,3190.0138939880035,2798.2399489351046,3921.832239688061,False,True,False,False,False,False,True,False,False,2.3980154663799658,red,293.02239524363813,False,False,False,False,,Industrial Products,Abrasives & Bearings,66.58110882956879,False,False
TINNARUBR.NS,2026-09-17,1000.75,1016.6273295084635,1049.014868842231,1048.6424145507813,853.0095096842448,824.8979196166993,1011.1416300923477,525.757597687682,1317.7581839116879,True,True,True,True,False,True,True,False,False,21.605063713229498,dry,16.02464123823972,False,True,False,False,,Industrial Products,Rubber,80.28747433264887,True,False
TIPSFILMS.NS,2026-09-16,315.20001220703125,328.1000010172526,351.46944512261285,348.1340008544922,351.97833333333335,364.65074996948243,326.6578570322104,276.75,479.25,False,False,False,False,False,False,False,False,False,-29.351111393231598,dry,7.475214975916787,False,False,False,False,,Entertainment,"Film Production, Distribution & Exhibition",28.439425051334705,False,False
TIPSMUSIC.NS,2026-09-16,654.5499877929688,650.9458363850912,657.4708336724175,666.88,623.0483321126302,601.2437603759765,654.5532624919281,478.56920878389656,741.0,True,True,True,True,False,True,True,False,False,11.36708597329803,noise,33.904842872500296,False,False,False,False,,Entertainment,Media & Entertainment,74.435318275154,True,False
TIRUPATIFL.NS,2026-09-16,65.91000366210938,68.7591667175293,69.07999992370605,69.69079971313477,52.85053316752116,48.17509984016419,68.58667253185274,30.110000610351562,83.9000015258789,True,True,True,True,False,True,True,False,False,70.61869489957313,noise,55.7627725506934,False,False,False,False,,Industrial Products,Castings & Forgings,93.63449691991786,True,False
TITAGARH.NS,2026-09-18,837.6500244140625,850.0291748046875,842.3791707356771,842.1990014648437,791.4616682942708,795.9372494506836,839.7246400582009,568.7000122070312,971.0,True,False,False,True,False,True,True,False,False,-11.096368758058961,noise,98.77807867460982,False,False,False,False,,Industrial Manufacturing,Railway Wagons,52.15605749486652,False,False
TITAN.NS,2026-09-18,4798.5,4956.5,5020.95556640625,4929.618017578125,4475.261137695313,4363.714205322266,4925.356723562601,3292.2971645749917,5186.7001953125,True,True,True,True,False,True,True,False,False,37.107201571064664,red,149.9133404272033,False,False,False,False,,Consumer Durables,"Gems, Jewellery And Watches",86.13963039014374,True,False
TOKYOPLAST.NS,2026-09-16,76.4000015258789,76.96583366394043,77.9249996609158,79.39399963378906,82.43140022277832,88.92440019607544,76.87486595804495,53.86000061035156,140.85000610351562,False,False,False,False,False,True,False,False,False,-37.51533195105282,green,178.33162808543292,False,False,False,False,,Consumer Durables,Plastic Products - Consumer,19.55852156057495,False,False
TOLINS.NS,2026-09-17,88.22000122070312,90.33833440144856,95.8633335961236,97.98860046386719,103.34073338826498,110.01364994049072,89.75315200213674,83.04000091552734,201.8000030517578,False,False,False,False,False,False,False,False,False,-55.01963033477999,noise,67.76292438080014,False,True,False,False,,Auto Components,Tyres & Rubber Products,5.95482546201232,False,False
TORNTPHARM.NS,2026-09-16,4812.5,4922.291666666667,4943.3444417317705,4949.542001953125,4547.841209309896,4377.610424804688,4909.138223173209,3450.040733610751,5250.0,True,True,True,True,False,True,True,False,False,37.32505806811537,red,116.33702599700788,False,False,False,False,,Pharmaceuticals & Biotechnology,Pharmaceuticals,86.39630390143738,True,False
TOTAL.NS,2026-09-16,74.0,72.67166582743327,66.23953829871283,62.03144592285156,57.091599706013994,60.63770578384399,73.77163242162092,44.205168835815904,86.33760994596305,True,False,False,True,True,True,True,True,False,6.174147956372766,dry,9.400445521746496,False,False,False,False,,Transport Services,Logistics Solution Provider,69.40451745379876,False,False
TOUCHWOOD.NS,2026-09-16,61.63999938964844,60.835000356038414,63.12361092037625,64.45240013122559,70.25439997355143,77.70825000762939,61.187419836696094,57.599998474121094,128.0,False,False,False,False,False,False,False,True,False,-40.38684866535402,noise,22.074914753931495,False,False,False,False,,Other Consumer Services,Other Consumer Services,16.632443531827516,False,False
TFCILTD.NS,2026-09-18,139.6199951171875,141.27249908447266,130.01128705342612,117.96989974975585,87.55402516682943,81.98177528381348,139.9736677368993,50.73462828916926,147.64999389648438,True,True,True,True,True,True,True,False,False,92.8948298208023,ppv,85.55459755175943,False,True,False,False,,Finance,Financial Institution,95.7905544147844,True,True
TOYAMSL.NS,2026-09-17,,,,,,,,,,False,False,False,False,False,False,False,False,False,,ppv,,False,False,True,False,,Finance,Other Financial Services,,False,False
TPLPLASTEH.NS,2026-09-17,64.48999786376953,67.27741686503093,73.19040404425726,74.67754684448242,68.64283569335937,67.59419183731079,66.88178056284643,49.06062665477636,88.61521057596687,False,True,False,True,False,True,False,False,False,-12.103301510141495,noise,95.33875653334718,False,False,False,False,,Industrial Products,Packaging,51.129363449691986,False,False
TRACXN.NS,2026-09-16,30.959999084472656,30.1974999109904,29.855000019073486,29.890000038146972,31.427066764831544,33.14605010032654,30.503515457107653,25.389999389648438,55.900001525878906,False,False,False,False,True,False,False,True,False,-39.222614999758484,noise,57.05577346101246,False,True,False,False,,Commercial Services & Supplies,Data Processing Services,17.453798767967147,False,False
TREL.NS,2026-09-17,29.770000457763672,27.1349999109904,26.46111101574368,25.95059989929199,25.631666653951008,25.815049991607665,27.326662818848778,21.469999313354492,33.5099983215332,True,False,False,True,True,True,True,True,False,-7.775707609825,ppv,559.8821175946468,True,False,False,False,,Transport Services,Logistics Solution Provider,57.13552361396304,False,False
TFL.NS,2026-09-16,12.170000076293945,12.0674999554952,11.659444438086616,11.494200038909913,12.153866659800212,12.78154998779297,12.01521392729897,10.210000038146973,18.5,False,False,False,False,True,False,False,True,False,-18.704075756777506,noise,58.2554882609142,False,True,False,False,,Finance,Non Banking Financial Company (NBFC),42.96714579055442,False,False
TRANSWORLD.NS,2026-09-16,161.0,167.75416692097983,166.8761109246148,164.84639953613282,158.89059982299804,164.59334972381592,166.58594508695623,111.55999755859375,270.989990234375,False,False,False,True,False,True,False,False,False,-37.82583803422258,noise,22.557326037372395,False,False,False,False,,Transport Services,Shipping,19.250513347022586,False,False
TRIDENT.NS,2026-09-18,23.219999313354492,23.56166664759318,24.238055388132732,24.50059989929199,24.651585998535158,25.034637718200685,23.436212840798294,21.533432302754022,30.31139406763905,False,False,False,False,False,False,True,False,False,-20.651016698267732,ppv,142.12517054797092,False,False,False,False,,Textiles & Apparels,Other Textile Products,40.503080082135526,False,False
TECHLABS.NS,2026-09-16,125.5999984741211,121.86666679382324,121.39722209506564,126.50300003051758,167.25699971516926,199.40624992370604,124.34631063596395,105.0,602.0,False,False,False,False,False,False,False,True,True,-78.09557148127656,noise,41.58712844286883,False,False,False,False,,IT - Software,Computers - Software & Consulting,0.8213552361396305,False,False
TRIDHYA.NS,2026-09-16,7.400000095367432,7.262499968210856,8.42361111111111,9.010999965667725,9.808333314259848,11.062999992370605,7.310110786466552,6.300000190734863,19.950000762939453,False,False,False,False,False,False,False,True,False,-54.320989216887426,green,258.62068965517244,False,False,False,False,,Commercial Services & Supplies,Diversified Commercial Services,6.4168377823408616,False,False
TRIGYN.NS,2026-09-16,53.95000076293945,57.44416650136312,56.27222198910184,55.86339973449707,54.65246655782064,57.20879997253418,56.154853843365046,37.54999923706055,102.4000015258789,False,False,False,False,False,True,False,False,False,-26.388320249687002,noise,87.87226787146693,False,False,False,False,,IT - Software,Computers - Software & Consulting,32.39219712525667,False,False
TRITONV.NS,2026-09-17,,,,,,,,,,False,False,False,False,False,False,False,False,False,,noise,,False,False,False,False,,Auto Components,Auto Components & Equipments,,False,False
TRITURBINE.NS,2026-09-18,567.7999877929688,565.3541666666666,584.3736996120876,592.6925622558593,576.8703049723307,560.9133836364746,562.9072275565092,426.8691302829629,784.8771245029434,False,True,True,True,False,True,False,True,False,5.957821364678484,noise,71.095191623243,False,False,False,False,,Electrical Equipment,Heavy Electrical Equipment,69.19917864476386,False,False
TRUALT.NS,2026-09-17,,,,,,,,,,False,False,False,False,False,False,False,False,False,,ppv,113.00298808567366,False,False,False,False,,Agricultural Food & other Products,Other Agricultural Products,,False,False
TSFINV.NS,2026-09-16,438.5,421.90833282470703,425.20555792914496,435.45400085449216,409.22944681803386,416.08880264282226,429.4237598776169,328.50158671142503,684.5682054144123,True,False,False,True,True,True,False,True,False,-28.28254766624777,noise,95.7218927009334,False,False,False,False,,Finance,Investment Company,29.671457905544145,False,False
TIINDIA.NS,2026-09-17,2598.800048828125,2642.3333536783853,2757.5198838975693,2791.1611669921876,2838.509752604167,2751.680927734375,2628.7764704989663,2161.889399515081,3409.552370561359,False,True,False,False,False,False,True,False,False,-23.164488224618395,noise,60.83080657269886,False,False,False,False,,Auto Components,Auto Components & Equipments,37.57700205338809,False,False
TVVISION.NS,2026-09-16,2.509999990463257,3.118333379427592,3.7544444600741067,4.0724000024795535,4.963666666348775,5.575449997186661,2.965458800680349,2.5,12.399999618530273,False,False,False,False,False,False,False,False,False,-60.9034274044402,red,435.31367975298093,False,False,False,True,,Entertainment,TV Broadcasting & Software Production,3.5934291581108826,False,False
TVSHLTD.NS,2026-09-16,12769.0,13143.75,13914.0,14006.38,14001.812884114583,14091.932749023437,13076.410180174431,12376.0,16198.418191454739,False,False,False,False,False,False,True,False,False,-1.338519841169239,noise,77.93009817231864,False,False,False,False,,Finance,Investment Company,63.244353182751546,False,False
TVSSRICHAK.NS,2026-09-17,4886.0,5128.415852864583,4710.536180284288,4520.05892578125,4064.40765625,4090.2445910644533,5026.671365797186,2870.1565096316426,5717.877906976744,True,False,True,True,True,True,True,False,False,65.41179801947759,noise,29.328464600883603,False,True,False,False,,Auto Components,Tyres & Rubber Products,92.45379876796714,True,False
TVSSCS.NS,2026-09-18,133.85000610351562,128.52166875203451,129.04500007629395,131.1493995666504,122.23080006917317,118.0100500869751,129.09131672620717,90.31999969482422,146.5,True,True,False,True,True,True,True,True,False,-0.6015130971080418,ppv,149.16207540384238,False,False,False,False,,Transport Services,Logistics Solution Provider,64.11704312114989,False,False
UYFINCORP.NS,2026-09-17,19.280000686645508,19.554999828338623,19.870000044504803,19.16219997406006,15.805133349100748,15.341950006484986,19.500477600483055,11.5,22.34000015258789,True,True,True,True,True,True,True,False,False,46.615979056586184,dry,4.652796164323466,False,True,False,False,,Finance,Non Banking Financial Company (NBFC),88.7063655030801,True,True
UCAL.NS,2026-09-16,136.9499969482422,145.5108324686686,135.88305494520398,130.7147994995117,111.96619995117187,112.15989990234375,143.34702988126165,77.0,163.8000030517578,True,False,True,True,True,True,True,False,False,-1.7293367189683884,noise,25.951547480135577,False,False,False,False,,Auto Components,Auto Components & Equipments,62.83367556468173,False,False
UDAYJEW.NS,2026-09-17,,,,,,,,,,False,False,False,False,False,False,False,False,False,,noise,,False,False,False,False,,Consumer Durables,"Gems, Jewellery And Watches",,False,False
UFLEX.NS,2026-09-18,659.4500122070312,665.4458363850912,597.6347198486328,559.3099993896484,466.8834541829427,468.82916732788084,655.6209299020479,327.7149659167901,723.5,True,False,True,True,True,True,True,True,False,20.113618702651003,dry,9.986900275407953,False,False,False,False,,Industrial Products,Packaging,79.46611909650923,True,False
UFO.NS,2026-09-18,60.95000076293945,63.30416711171468,65.57611179351807,66.29840003967286,69.31820025126139,71.79940023422242,62.609263294888756,53.75,92.97000122070312,False,False,False,False,False,False,False,False,False,-20.52418982577643,noise,37.942232652753795,False,True,False,False,,Entertainment,"Film Production, Distribution & Exhibition",41.067761806981515,False,False
VMARCIND.NS,2026-09-16,331.79998779296875,334.63333384195965,339.9958335028754,322.86400024414064,727.8021126302083,709.2170840454102,339.00298301964443,248.0,1708.0,False,True,False,False,True,True,False,False,False,-26.916302248244772,noise,48.76308277830638,False,False,False,False,,Industrial Products,Cables - Electricals,31.981519507186857,False,False
WABAG.NS,2026-09-18,2132.60009765625,2108.1583251953125,2030.633324517144,2031.5872021484374,1677.6781819661458,1564.8940313720702,2113.8669050888884,1030.4859602847353,2319.0,True,True,True,True,True,True,True,True,False,39.41587135498159,noise,77.54524892937765,False,False,False,False,,Other Utilities,Water Supply & Management,86.85831622176592,True,True
MADHAVBAUG.NS,2026-09-16,159.35000610351562,158.84166844685873,174.431943681505,180.67799926757812,195.93933288574217,212.32024955749512,159.77241267903918,147.0,335.0,False,False,False,False,False,False,False,False,False,-45.24054773075065,dry,0.0,False,False,False,False,,Healthcare Equipment & Supplies,Medical Equipment & Supplies,11.39630390143737,False,False
VAKRANGEE.NS,2026-09-16,5.25,5.59416667620341,5.83222222328186,5.869199981689453,6.209599987665812,6.536049993038177,5.502589597367848,4.610000133514404,9.770000457763672,False,False,False,False,False,False,False,False,False,-43.120257200706405,red,124.32237170554497,False,False,False,False,,IT - Services,IT Enabled Services,13.655030800821354,False,False
VALIANTORG.NS,2026-09-16,389.0,341.17083231608075,311.3708318074544,299.9919989013672,276.9207344563802,272.5947004699707,358.953948261417,195.0,414.0,True,True,False,True,True,True,True,True,False,6.57534246575342,green,147.50963085676952,False,False,False,False,,Chemicals & Petrochemicals,Specialty Chemicals,70.07186858316223,True,False
DBREALTY.NS,2026-09-18,95.68000030517578,99.44750022888184,106.21555540296767,108.86779968261719,110.23839986165365,111.50419982910157,98.53730918649603,83.5,183.89999389648438,False,False,False,False,False,False,False,False,False,-43.60485780978192,green,160.78439240094175,False,True,False,False,,Realty,"Residential, Commercial Projects",13.03901437371663,False,False
VARDHACRLC.NS,2026-09-16,43.470001220703125,43.51750055948893,43.4479849073622,43.03891746520996,39.51115561167399,38.73191475868225,43.59336459877551,26.116023297073088,46.94309142970078,True,True,True,True,True,True,True,False,False,0.9838736320023411,green,154.74797771373412,False,False,False,False,,Textiles & Apparels,Other Textile Products,65.60574948665298,False,False
VGL.NS,2026-09-16,66.19999694824219,59.11583296457926,59.43333307902018,60.14419967651367,62.32229993184408,64.32222505569457,61.72900436979182,43.70000076293945,92.5,True,False,False,False,True,True,False,True,False,-25.913497329519906,red,943.5431518919178,False,False,False,False,,Textiles & Apparels,Other Textile Products,33.110882956878854,False,False
VASWANI.NS,2026-09-16,44.97999954223633,46.61916637420654,49.02805519104004,50.22919967651367,54.247733205159506,54.80414987564087,46.110745992103524,43.349998474121094,69.98999786376953,False,False,False,False,False,False,False,False,False,-24.39065679415262,noise,78.36414262996789,False,False,False,False,,Ferrous Metals,Sponge Iron,35.369609856262834,False,False
VAML.NS,2026-09-18,,,,,,,,,,False,False,False,False,False,False,False,False,False,,green,117.70252211224417,False,False,False,False,,Non - Ferrous Metals,Aluminium,,False,False
VISL.NS,2026-09-18,,,,,,,,,,False,False,False,False,False,False,False,False,False,,noise,69.32761044676761,False,False,False,False,,Ferrous Metals,Iron & Steel,,False,False
VEEDOL.NS,2026-09-16,1375.300048828125,1445.5833435058594,1465.70556640625,1450.1131591796875,1408.9668546549478,1438.2912127685547,1429.9398778989867,1219.399181583164,1960.9166162350316,False,False,False,True,False,False,False,False,False,-27.143493740680313,noise,46.60292170613328,False,False,False,False,,Petroleum Products,Lubricants,31.673511293634498,False,False
VENTIVE.NS,2026-09-17,561.75,575.1833343505859,590.8194461398655,598.6219995117187,629.2116691080729,656.8317514038085,571.3736396786973,542.5999755859375,793.9500122070312,False,False,False,False,False,False,False,False,False,-27.36147698532173,noise,93.9861815913099,False,True,False,False,,Leisure Services,Hotels & Resorts,31.365503080082135,False,False
VGCL.NS,2026-09-17,,,,,,,,,,False,False,False,False,False,False,False,False,False,,noise,,False,False,False,True,,Finance,Non Banking Financial Company (NBFC),,False,False
VIVIANA.NS,2026-09-17,724.7000122070312,751.5583445231119,725.9486151801216,730.4480029296875,763.726337890625,755.0755035400391,736.3858021875944,565.0,1860.0,False,True,False,False,False,False,False,False,False,-46.02264074295416,green,115.86476773167466,False,False,False,False,,Construction,Civil Construction,10.677618069815194,False,False
VIVIMEDLAB.NS,2026-09-16,5.800000190734863,6.371666669845581,5.8269444306691485,5.664799995422364,6.294866666793824,7.327549996376038,6.174000312277235,4.75,29.399999618530273,False,False,True,False,True,False,False,False,False,17.1717255398423,dry,6.4644317194240175,False,False,False,False,,Pharmaceuticals & Biotechnology,Pharmaceuticals,77.8747433264887,True,False
VIVOBIOT.NS,2026-09-17,,,,,,,,,,False,False,False,False,False,False,False,False,False,,noise,,False,False,False,False,,Pharmaceuticals & Biotechnology,Biotechnology,,False,False
VIVO.NS,2026-09-16,151.0500030517578,152.0416692097982,138.6625001695421,121.57199966430665,91.34566650390624,87.62949981689454,151.6307439558329,64.0,164.0,True,True,True,True,True,True,True,False,False,136.01562976837158,dry,0.0,False,False,False,False,,Telecom - Services,Other Telecom Services,97.94661190965093,True,True
VLEGOV.NS,2026-09-16,10.210000038146973,10.340833266576132,10.385833263397217,10.608599948883057,12.543333314259847,14.043349947929382,10.320951662788115,8.420000076293945,37.900001525878906,False,False,False,False,False,False,False,False,False,-71.93512991099004,noise,75.96608367339658,False,False,False,False,,IT - Services,IT Enabled Services,1.2833675564681724,False,False
VLSFINANCE.NS,2026-09-16,241.8800048828125,243.8566665649414,251.25500064425998,252.2556005859375,243.61206634521486,255.54830009460449,243.35518800910032,198.80999755859375,339.0,False,False,False,False,False,False,False,False,False,9.910481588916431,noise,59.902452428384976,False,True,False,False,,Finance,Investment Company,73.04928131416838,True,False
VMSTMT.NS,2026-09-17,,,,,,,,,,False,False,False,False,False,False,False,False,False,,red,132.2580728118575,False,False,False,False,,Industrial Products,Iron & Steel Products,,False,False
IDEA.NS,2026-09-18,13.920000076293945,14.81083345413208,14.120833343929714,13.92480001449585,12.487400029500325,12.150550045967101,14.52334182594209,7.71999979019165,15.789999961853027,True,True,True,True,False,True,True,False,False,77.55101792567083,noise,92.24217811669128,False,False,False,False,,Telecom - Services,Telecom - Cellular & Fixed line services,94.35318275154005,True,False
VOITHPAPR.NS,2026-09-16,,,,,,,,,,False,False,False,False,False,False,False,False,False,,noise,,False,True,False,False,,Textiles & Apparels,Other Textile Products,,False,False
VOLTAMP.NS,2026-09-16,10513.0,10976.958333333334,10463.583333333334,10143.83234375,9614.761494140625,9098.410437011718,10891.53747765254,6594.353209382375,12724.746990128295,True,True,True,True,True,True,True,False,False,46.57227222985243,noise,59.471744301342554,False,False,False,False,,Electrical Equipment,Heavy Electrical Equipment,88.60369609856262,True,True
VOLTAS.NS,2026-09-17,1135.0,1153.9500020345051,1227.4083353678386,1257.6260034179688,1323.967236328125,1340.6038641357422,1154.0866280964651,1125.0999755859375,1577.544205432766,False,False,False,False,False,False,False,False,False,-19.35933746768448,noise,49.66813126911889,False,False,False,False,,Consumer Durables,Household Appliances,42.09445585215606,False,False
VRAJ.NS,2026-09-17,123.98999786376953,123.57666651407878,123.43361133999295,125.26299987792969,122.81359985351563,124.20119991302491,123.88475784377427,93.0,159.99000549316406,False,False,False,True,False,True,True,True,False,-19.329863158343052,noise,44.490292784749556,False,False,False,False,,Ferrous Metals,Sponge Iron,42.14579055441479,False,False
VSTTILLERS.NS,2026-09-18,4240.0,4086.7010701497397,4308.39456515842,4355.889936523437,4774.190932617187,5015.082340087891,4104.256957333733,3950.0,6334.462184822329,False,False,False,False,False,False,False,True,False,-18.664289654310686,green,196.7638121133908,False,False,False,False,,"Agricultural, Commercial & Construction Vehicles",Tractors,43.121149897330596,False,False
VTMLTD.NS,2026-09-16,,,,,,,,,,False,False,False,False,False,False,False,False,False,,ppv,,False,False,False,False,,Textiles & Apparels,Other Textile Products,,False,False
WHBRADY.NS,2026-09-17,,,,,,,,,,False,False,False,False,False,False,False,False,False,,noise,,False,False,False,False,,Industrial Products,Other Industrial Products,,False,False
WIPL.NS,2026-09-16,168.0,166.29333623250326,167.0300004747179,167.52540069580078,158.68820068359375,156.92850036621093,167.3044898877444,133.10000610351562,193.1999969482422,True,True,False,True,True,False,True,True,False,0.5049874355620654,noise,36.80901028952817,False,False,False,False,,Consumer Durables,Plywood Boards/ Laminates,65.19507186858317,False,False
WAAREEENER.NS,2026-09-18,2560.699951171875,2568.5364379882812,2632.4029473198784,2667.7273681640627,2919.610852864583,2902.864920654297,2557.9346840857493,2401.1138768158653,3713.7978498601774,False,True,False,False,False,False,False,True,False,-26.746967807468348,ppv,181.83676933408023,False,False,False,False,,Electrical Equipment,Other Electrical Equipment,32.03285420944558,False,False
WAAREERTL.NS,2026-09-17,811.0499877929688,833.9874979654948,872.8652784559462,902.6810034179688,929.5946651204428,931.7597491455078,827.7408200176253,779.5,1358.0,False,False,False,False,False,False,False,False,False,-27.81683825063982,noise,70.47201819654312,False,False,False,False,,Electrical Equipment,Other Electrical Equipment,30.44147843942505,False,False
WAKEFIT.NS,2026-09-18,,,,,,,,,,False,False,False,False,False,False,False,False,False,,dry,4.386597696556278,False,False,False,False,,Consumer Durables,"Furniture, Home Furnishing",,False,False
WALCHANNAG.NS,2026-09-17,199.83999633789062,208.42833455403647,220.17305628458658,226.8256005859375,217.61013356526692,206.79800033569336,206.60355652578846,131.14999389648438,315.79998779296875,False,True,True,True,False,True,False,False,False,-8.380707495191231,noise,45.6073008668424,False,False,False,False,,Industrial Manufacturing,Industrial Products,55.74948665297741,False,False
WALPAR.NS,2026-09-16,22.399999618530273,23.625,30.11944384045071,31.37799938201904,35.411333096822105,37.70850001335144,23.66494716599865,21.25,50.599998474121094,False,False,False,False,False,False,False,False,False,-44.00000095367431,dry,0.0,False,False,False,False,,Pharmaceuticals & Biotechnology,Pharmaceuticals,12.833675564681723,False,False
WANBURY.NS,2026-09-17,223.64999389648438,238.92083485921225,256.34027735392254,276.00899993896485,265.53086741129556,255.8654006958008,235.44326892226175,161.5,358.8500061035156,False,True,False,True,False,True,False,False,False,-12.259709983630174,dry,19.468361966141025,False,False,False,False,,Pharmaceuticals & Biotechnology,Pharmaceuticals,50.7700205338809,False,False
WARDINMOBI.NS,2026-09-17,,,,,,,,,,False,False,False,False,False,False,False,False,False,,noise,,False,True,False,False,,Automobiles,2/3 Wheelers,,False,False
CORDELIA.NS,2026-09-17,,,,,,,,,,False,False,False,False,False,False,False,False,False,,noise,32.20264504076797,False,True,False,False,,Leisure Services,"Tour, Travel Related Services",,False,False
WEWIN.NS,2026-09-16,41.869998931884766,42.44999980926514,44.71722231970893,45.225000076293945,48.56486676534017,47.71785005569458,42.46151998402306,35.380001068115234,78.0,False,True,False,False,False,False,False,False,False,-16.092189075043727,noise,37.1586461646707,False,True,False,False,,Commercial Services & Supplies,Business Process Outsourcing (BPO)/ Knowledge Process Outsourcing (KPO),45.73921971252567,False,False
WEALTH.NS,2026-09-18,841.5499877929688,840.1835276285807,875.1719173855251,897.7278491210938,922.1772025553386,917.0390930175781,840.8193817986476,770.4106344815805,1255.6026718754983,False,True,False,False,False,False,False,True,False,-30.65751853891475,green,133.23572474377744,False,False,False,False,,Finance,Other Financial Services,26.796714579055443,False,False
WEBELSOLAR.NS,2026-09-18,72.94000244140625,74.58728154500325,81.74817615085178,86.68306228637695,89.07584693908692,87.71069925308228,74.0905687282619,50.23386215331976,137.44541921249123,False,True,False,False,False,True,False,False,False,-43.177853870368565,noise,82.00596236597539,False,False,False,False,,Electrical Equipment,Other Electrical Equipment,13.501026694045173,False,False
WEIZMANIND.NS,2026-09-16,72.52999877929688,73.09583346048991,75.75194528367784,76.49652862548828,80.12291915893555,83.58481941223144,72.70866430221363,64.7975946309332,117.15436931035802,False,False,False,False,False,False,False,False,False,-34.513244831475134,green,171.54173468568524,False,False,False,False,,Textiles & Apparels,Other Textile Products,22.12525667351129,False,False
WELCORP.NS,2026-09-18,2660.10009765625,2593.86669921875,2232.938900417752,2065.916013183594,1455.6376009114583,1287.966594848633,2549.311070490939,707.6502693631002,2784.800048828125,True,True,True,True,True,True,True,True,False,198.05493575345773,green,232.28877991751725,False,False,False,False,,Industrial Products,Iron & Steel Products,99.28131416837782,True,True
WELENT.NS,2026-09-16,768.0,763.0833282470703,656.2874976264106,644.3049975585938,550.5177252197266,536.0418727111817,758.7225761274294,409.9812045484441,825.0,True,True,True,True,True,True,True,True,False,57.3298820461505,noise,93.14571259096441,False,False,False,False,,Construction,Civil Construction,91.06776180698152,True,True
WELINV.NS,2026-09-16,2230.5,2254.6250203450522,2052.416676839193,1990.8400073242187,1682.6646704101563,1587.4300018310546,2261.941631829226,980.3499755859375,2367.10009765625,True,True,True,True,True,True,True,False,False,123.05000000000001,dry,2.3192934699682013,False,False,False,False,,Finance,Investment Company,97.1252566735113,True,True
WELSPUNLIV.NS,2026-09-18,214.66000366210938,207.01666514078775,185.18472162882486,179.48099945068358,150.1488607788086,145.48404350280762,206.02253654980356,107.03568289025932,216.0,True,True,True,True,True,True,True,True,False,67.72528166915053,noise,60.388092155062566,False,False,True,False,,Textiles & Apparels,Other Textile Products,92.86447638603697,True,True
WSTCSTPAPR.NS,2026-09-17,716.4500122070312,687.5791625976562,631.6107347276476,606.0403796386719,514.2789190673828,488.36654525756836,695.11155801833,373.1221844471916,743.0,True,True,True,True,True,True,True,True,False,47.265709193583305,noise,92.47904995612532,False,False,True,False,,"Paper, Forest & Jute Products",Paper & Paper Products,88.9630390143737,True,True
WCIL.NS,2026-09-17,95.20999908447266,86.44666608174641,87.12833319769965,88.67599975585938,96.21206654866536,101.54119983673095,88.59695543741759,77.0199966430664,147.2899932861328,False,False,False,False,True,False,False,True,False,-33.660816436624195,ppv,550.5770803803307,True,False,False,False,,Transport Services,Logistics Solution Provider,23.203285420944557,False,False
WEWORK.NS,2026-09-17,,,,,,,,,,False,False,False,False,False,False,False,False,False,,noise,43.036301941880495,False,False,False,False,,Commercial Services & Supplies,Diversified Commercial Services,,False,False
WHIRLPOOL.NS,2026-09-17,727.4000244140625,780.6125030517578,787.1187862820095,783.4515454101562,830.2215844726562,839.0842999267578,764.100996081471,723.2000122070312,1428.4580610250364,False,False,False,False,False,False,False,False,False,-45.4569344580994,noise,50.41543836350721,False,False,False,True,,Consumer Durables,Household Appliances,11.139630390143736,False,False
WILLAMAGOR.NS,2026-09-16,24.59000015258789,24.28249994913737,24.92555544111464,25.196999969482423,26.319799919128418,27.15354995727539,24.362102209178502,21.110000610351562,37.5,False,False,False,False,False,False,False,True,False,-25.281068773625247,dry,5.727031589100555,False,False,False,False,,Finance,Investment Company,33.983572895277206,False,False
WIPRO.NS,2026-09-18,166.8300018310547,169.55333201090494,178.21444363064236,177.74214660644532,187.21047871907552,201.67403282165526,169.12547391528622,163.3000030517578,263.22052886625846,False,False,False,False,False,False,False,False,False,-32.630808593264035,ppv,202.8806831884521,False,False,False,False,,IT - Software,Computers - Software & Consulting,24.53798767967146,False,False
WOMANCART.NS,2026-09-16,101.5,104.99166679382324,105.89861085679796,104.66099975585938,130.40433319091798,162.4329995727539,104.44229228961684,88.0,358.0,False,False,False,False,False,False,False,False,False,-60.0315017839174,noise,39.611551239458215,False,False,False,False,,Retailing,E-Retail/ E-Commerce,4.1067761806981515,False,False
WORTHPERI.NS,2026-09-16,148.07000732421875,151.50875854492188,151.83854463365344,148.5069415283203,137.80180414835613,137.9622928237915,149.80662846458185,108.30123544694452,168.71146737453856,True,False,False,True,False,True,True,False,False,-4.439401362419959,noise,51.2583098771336,False,False,False,False,,Industrial Products,Packaging,60.16427104722793,False,False
XELPMOC.NS,2026-09-16,73.80999755859375,77.85333315531413,79.86944410536024,80.47759994506836,95.48666676839193,104.22860004425048,76.8202204998173,72.0999984741211,155.5,False,False,False,False,False,False,False,False,False,-25.9679038938074,red,103.68362887147562,False,False,False,True,,IT - Software,Software Products,32.90554414784394,False,False
XTGLOBAL.NS,2026-09-18,29.540000915527344,30.320000489552815,30.710277875264484,30.238600006103514,30.56546677907308,31.094150056838988,29.826706485717256,25.200000762939453,46.18905079242032,False,False,False,False,False,False,False,False,False,-31.11555273706329,noise,27.733713308588648,False,True,False,False,,IT - Software,Computers - Software & Consulting,26.3347022587269,False,False
YASHOPTICS.NS,2026-09-16,130.60000610351562,121.35833358764648,117.04583337571886,116.66100006103515,118.17600011189779,118.93575019836426,122.18156669328546,97.5,153.5,True,False,False,False,True,True,True,True,False,-8.028164715834063,ppv,187.71331058020476,False,True,False,False,,Consumer Durables,Diversified consumer products,56.365503080082135,False,False
YOGI.NS,2026-09-17,,,,,,,,,,False,False,False,False,False,False,False,False,False,,noise,,False,False,False,False,,Finance,Non Banking Financial Company (NBFC),,False,False
ZAGGLE.NS,2026-09-16,177.80999755859375,182.33000055948892,191.46861097547742,195.87739959716797,216.72840026855468,243.6147998046875,182.5362979683812,154.36000061035156,405.3999938964844,False,False,False,False,False,False,False,False,False,-49.204398297606424,noise,26.61847216022466,False,False,False,False,,IT - Services,IT Enabled Services,8.829568788501026,False,False
ZEAL.NS,2026-09-16,77.5,73.33409372965495,66.17098310258653,65.5728839111328,68.67099515279133,73.48513261795044,76.1564596186969,54.859031379558424,122.42690988020463,True,False,False,False,True,True,False,True,False,-29.83510896954158,noise,90.36144578313254,False,False,False,False,,Transport Services,Logistics Solution Provider,27.720739219712527,False,False
ZEELEARN.NS,2026-09-17,6.849999904632568,6.8541667858759565,7.561944511201647,7.834400043487549,6.797400007247925,6.818400003910065,6.899577233355207,4.170000076293945,10.449999809265137,True,False,False,True,False,True,False,False,False,-22.598874470387496,red,168.4149714735225,False,False,False,False,,Other Consumer Services,Education,38.44969199178645,False,False
ZEEMEDIA.NS,2026-09-18,7.320000171661377,7.71916659673055,8.09305551317003,8.081399984359741,8.168400004704793,8.307000005245209,7.6285957802731,6.650000095367432,13.260000228881836,False,False,False,False,False,False,False,False,False,-41.439998626708984,noise,33.63275900144533,False,True,False,False,,Entertainment,TV Broadcasting & Software Production,15.451745379876797,False,False
ZENTEC.NS,2026-09-16,1662.800048828125,1758.3500061035156,1782.987077501085,1783.7086694335937,1648.6411376953124,1572.3363360595704,1733.100083153664,1222.3593609523095,2042.629425992547,True,True,True,True,False,True,True,False,False,13.12875466796557,noise,95.07838266299348,False,False,False,False,,Aerospace & Defense,Aerospace & Defense,75.82135523613964,True,False
ZENSARTECH.NS,2026-09-17,441.8500061035156,444.9166666666667,474.7638905843099,485.4812408447266,499.01271362304686,544.8612020874024,443.9145446541568,412.9712066051201,845.3898333433813,False,False,False,False,False,False,False,False,False,-45.68716782555722,noise,56.327959393501004,False,False,False,False,,IT - Software,Computers - Software & Consulting,10.831622176591376,False,False
ZODIAC.NS,2026-09-18,222.25,230.23324966430664,243.3755056593153,247.27271911621094,266.5758228556315,272.1727982330322,227.52991849164695,204.85434414905038,413.59550365919745,False,False,False,False,False,False,False,False,False,-43.9122939537589,noise,42.04183162246436,False,True,False,False,,Construction,Civil Construction,12.885010266940453,False,False
ZOTA.NS,2026-09-17,1118.800048828125,1104.0499877929688,1143.5055541992188,1195.8359985351562,1230.6106640625,1287.2329962158203,1104.8239286226187,1022.0,1740.0,False,False,False,False,False,False,False,True,False,-23.79698652048218,ppv,179.03226041586186,False,False,False,False,,Pharmaceuticals & Biotechnology,Pharmaceuticals,36.55030800821355,False,False
ZYDUSLIFE.NS,2026-09-18,1160.0,1129.2000020345051,1136.3916659884983,1134.1279125976562,1033.8036861165365,1001.6326705932618,1131.5280047330723,834.749872350541,1205.0,True,True,True,True,True,True,True,True,False,10.802352535131776,ppv,204.0662145951535,False,False,False,False,,Pharmaceuticals & Biotechnology,Pharmaceuticals,73.71663244353182,True,True
ZYDUSWELL.NS,2026-09-18,522.25,548.1708374023438,531.1055552164713,543.656435546875,501.3389756266276,483.2412548828125,543.4936622379126,366.8171926721902,611.8499755859375,True,True,True,True,False,True,True,False,False,0.4594471254234511,red,155.35552057647988,False,False,False,False,,Food Products,Packaged Foods,65.09240246406571,False,False
RAMRAT.NS,2026-09-16,527.2999877929688,540.7875061035156,496.9361122979058,474.25506469726565,405.4556368001302,379.38631454467776,531.3253898115695,267.5020158929635,602.0,True,True,True,True,True,True,True,False,False,40.899107132736745,noise,36.0053592119084,False,False,False,False,BSE,Electrical Equipment,Other Electrical Equipment,87.42299794661191,True,True
RAMAPHO.NS,2026-09-16,116.0,122.5749994913737,123.6261526743571,123.98246978759765,126.32724014282226,135.30199306488038,121.57902429902536,102.79612412050545,215.57244850077052,False,False,False,False,False,False,False,False,False,-19.877405361196775,red,291.0310815460489,False,False,False,False,BSE,Fertilizers & Agrochemicals,Fertilizers,41.68377823408625,False,False
RIIL.NS,2026-09-16,693.5,729.1958312988281,742.5361107720269,750.4250012207032,750.4359639485677,758.492190246582,719.8016342957732,617.6831841482157,959.2754753737281,False,False,False,False,False,False,False,False,False,-24.888135102017717,red,109.19130359612723,False,False,False,False,BSE,Transport Services,Logistics Solution Provider,34.65092402464066,False,False
RCOM.NS,2026-09-16,1.0099999904632568,0.8950000007947286,0.8461111072036955,0.8493999969959259,0.9079333321253459,0.9607499998807907,0.9405326372725575,0.7599999904632568,1.5099999904632568,True,False,False,False,True,True,False,True,False,-25.735295600028994,red,144.61059674208278,False,False,False,False,BSE,Telecom - Services,Telecom - Cellular & Fixed line services,33.2135523613963,False,False
RRIL.NS,2026-09-16,15.699999809265137,16.347499926884968,17.010277774598862,17.063200016021728,17.542666676839193,17.77355002403259,16.227639989459966,13.630000114440918,22.989999771118164,False,False,False,False,False,False,False,False,False,-14.441419711798066,red,264.26542878976244,False,False,False,False,BSE,Textiles & Apparels,Other Textile Products,48.04928131416838,False,False
SCI.NS,2026-09-16,267.20001220703125,285.3095219930013,289.5491875542535,286.7274365234375,283.30728841145833,266.9828514862061,281.2429209864841,192.25113865997503,367.25171105857197,False,True,True,True,False,True,False,False,False,29.38294839723723,noise,50.00621293617462,False,False,False,False,BSE,Transport Services,Shipping,83.41889117043121,True,False
SPAL.NS,2026-09-16,978.2000122070312,1032.279556274414,998.3143581814236,1015.7644409179687,872.3318379720052,829.482201538086,1009.5006130306592,583.3482416694675,1216.655036812477,True,True,True,True,False,True,True,False,False,32.16164480867694,ppv,147.45941520099512,False,False,False,False,BSE,Textiles & Apparels,Garments & Apparels,84.24024640657083,True,False
SALONA.NS,2026-09-16,302.0,270.8797912597656,262.00101301405164,259.91038116455076,266.4384480794271,264.0866638183594,273.8233913852201,208.3840841675992,330.2615936279297,True,True,False,False,True,True,True,True,False,24.557706205162443,ppv,646.1275139067179,True,False,False,False,BSE,Textiles & Apparels,Other Textile Products,81.72484599589322,True,False
SANOFICONR.NS,2026-09-17,4002.949951171875,4101.9833577473955,4296.2180582682295,4378.56701171875,4443.857737630208,4418.284541015625,4077.1921984676574,3890.618714454537,5312.238285158013,False,True,False,False,False,False,True,False,False,-21.7639095248761,noise,42.70342972427707,False,False,False,False,BSE,Pharmaceuticals & Biotechnology,Pharmaceuticals,39.21971252566735,False,False
SBICARD.NS,2026-09-16,618.9500122070312,649.8583272298177,650.1777767605251,643.7869995117187,657.2576424153646,701.6466473388672,645.2950336139515,566.5999755859375,961.5781449205226,False,False,False,False,False,False,False,False,False,-27.137026658859842,noise,38.754121291912455,False,False,False,False,BSE,Finance,Non Banking Financial Company (NBFC),31.724845995893226,False,False
STERTOOLS.NS,2026-09-18,,,,,,,,,,False,False,False,False,False,False,False,False,False,,noise,,False,False,True,True,BSE,Auto Components,Auto Components & Equipments,,False,False
SUNTECK.NS,2026-09-16,279.6499938964844,291.4160614013672,297.52634090847437,301.33369873046877,319.58646016438803,340.8087106323242,288.1597400248842,268.8578689921803,469.5315041599584,False,False,False,False,False,False,False,False,False,-36.37807826418163,noise,76.21197326874548,False,False,False,False,BSE,Realty,"Residential, Commercial Projects",20.533880903490758,False,False
SUTLEJTEX.NS,2026-09-18,,,,,,,,,,False,False,False,False,False,False,False,False,False,,noise,,False,False,True,True,BSE,Textiles & Apparels,Other Textile Products,,False,False
SUVEN.NS,2026-09-18,,,,,,,,,,False,False,False,False,False,False,False,False,False,,noise,,False,False,True,True,BSE,Healthcare Services,"Healthcare Research, Analytics & Technology",,False,False
SWANDEF.NS,2026-09-16,2698.199951171875,2549.050008138021,2486.862501356337,2430.927998046875,2107.6380013020835,1974.4850036621094,2590.6642060783215,549.8499755859375,2770.0,True,True,True,True,True,True,True,True,False,390.71566263080905,noise,70.15219714874976,False,False,False,False,BSE,Industrial Manufacturing,Ship Building & Allied Services,99.7946611909651,True,True
SWARAJENG.NS,2026-09-18,,,,,,,,,,False,False,False,False,False,False,False,False,False,,noise,,False,False,True,True,BSE,Industrial Products,"Compressors, Pumps & Diesel Engines",,False,False
SYMBIOTEC.NS,2026-09-17,,,,,,,,,,False,False,False,False,False,False,False,False,False,,noise,,False,False,False,False,BSE,Pharmaceuticals & Biotechnology,Pharmaceuticals,,False,False
SYMPHONY.NS,2026-09-18,,,,,,,,,,False,False,False,False,False,False,False,False,False,,noise,,False,False,True,True,BSE,Consumer Durables,Household Appliances,,False,False
SGIL.NS,2026-09-16,585.9000244140625,597.3041636149088,587.2847205268013,589.9919982910156,552.4766654459636,545.5712489318847,592.4245948242524,422.04998779296875,660.0,True,True,True,True,False,True,True,False,False,0.21822871116439213,noise,24.1119551170927,False,False,False,False,BSE,Industrial Products,Castings & Forgings,64.8870636550308,False,False
SYNGENE.NS,2026-09-16,380.1499938964844,390.48333231608075,399.25833299424914,403.5470001220703,423.66282572428383,468.3661227416992,387.27011748544294,374.3500061035156,676.0867201046444,False,False,False,False,False,False,False,False,False,-42.60376151115099,dry,14.834729268637084,False,False,False,False,BSE,Healthcare Services,"Healthcare Research, Analytics & Technology",14.014373716632445,False,False
TBZ.NS,2026-09-16,546.9000244140625,472.1930389404297,337.99619589911566,313.1002572631836,205.56835388183595,195.18486305236817,487.4640771495841,110.1931743402339,572.9500122070312,True,True,True,True,True,True,True,True,False,194.46854966743996,noise,46.28209204181416,False,False,True,False,BSE,Consumer Durables,"Gems, Jewellery And Watches",99.2299794661191,True,True
TNTELE.NS,2026-09-16,8.75,8.926666657129923,9.051666683620876,9.071000003814698,9.209866669972739,9.347199993133545,8.91648494774818,7.510000228881836,15.829999923706055,False,False,False,False,False,False,False,False,False,-30.334397231914835,red,183.18394077155554,False,False,False,False,BSE,Telecom -  Equipment & Accessories,Telecom -  Equipment & Accessories,27.361396303901437,False,False
TVTODAY.NS,2026-09-16,103.5999984741211,110.1125005086263,112.97361140780978,115.14300033569336,114.61959991455078,119.21920009613036,108.9363279353405,94.0999984741211,157.9499969482422,False,False,False,False,False,False,False,False,False,-31.50413324025052,noise,57.11099562600147,False,False,False,False,BSE,Entertainment,TV Broadcasting & Software Production,25.667351129363446,False,False
TAALTECH.NS,2026-09-16,5133.10009765625,4736.42919921875,4395.1514078776045,4261.898017578125,3456.1290022786457,3327.0327526855467,4878.5225662133735,2610.0,5554.9501953125,True,True,True,True,True,True,True,True,False,68.58578610545756,green,140.11344719156546,False,False,False,False,BSE,Transport Services,Airline,93.01848049281314,True,True
TAKE.NS,2026-09-16,17.790000915527344,15.71500007311503,19.55333341492547,20.04660005569458,31.13446672439575,32.960950064659116,16.935297624638743,10.100000381469727,49.900001525878906,False,False,False,False,False,True,False,True,False,62.912095157832226,red,177.9577494740081,False,False,False,False,BSE,Healthcare Services,"Healthcare Research, Analytics & Technology",92.04312114989733,True,False
TALBROAUTO.NS,2026-09-16,418.75,416.8871256510417,415.8991978963216,411.73816284179685,342.24754486083987,324.5049700164795,418.50430773751333,219.71186943973441,450.4093168423085,True,True,True,True,True,True,True,True,False,41.135937762606176,red,108.94735319920177,False,False,False,False,BSE,Auto Components,Auto Components & Equipments,87.52566735112937,True,True
TAMBOLIIN.NS,2026-09-16,283.25,275.8624979654948,246.83957799275717,238.84332946777343,191.0110469563802,180.91137260437011,282.34782560352915,127.00327548220845,319.5,True,True,True,True,True,True,True,True,False,83.54134044280129,dry,2.0846164779457057,False,False,False,False,BSE,Finance,Holding Company,95.02053388090349,True,True
TANAA.NS,2026-09-16,261.3500061035156,275.28333282470703,295.2027757432726,294.71099853515625,282.72641825358073,283.3301525878906,271.5517664368674,190.0,411.21486759185865,False,False,False,True,False,True,False,False,False,-31.75791451313016,dry,11.330569195984861,False,False,False,False,BSE,Aerospace & Defense,Aerospace & Defense,25.256673511293638,False,False
TCS.NS,2026-09-16,2191.5,2274.0249837239585,2331.7513834635415,2291.45873046875,2335.795897623698,2534.7039251708984,2246.1283949357653,1965.226430397196,3274.146216414538,False,False,False,False,False,False,False,False,False,-28.24151835602724,noise,61.2423413698888,False,False,False,False,BSE,IT - Software,Computers - Software & Consulting,29.774127310061605,False,False
TURTLEMINT.NS,2026-09-17,,,,,,,,,,False,False,False,False,False,False,False,False,False,,noise,78.54206724583084,False,False,False,False,BSE,Financial Technology (Fintech),Financial Technology (Fintech),,False,False
UNIVCABLES.NS,2026-09-16,1411.0999755859375,1544.8291625976562,1552.0305514865452,1447.6112939453126,1091.765946858724,1027.687890625,1508.8727362541763,574.9951313089266,1770.0,True,True,True,True,False,True,True,False,False,96.43072312572734,red,132.23733909752505,False,False,False,False,BSE,Industrial Products,Cables - Electricals,95.94455852156058,True,False
XCHANGING.NS,2026-09-16,63.040000915527344,62.38333320617676,63.221253077189125,62.9968994140625,62.13831769307455,65.68453149795532,62.89837128118211,46.054912780953366,100.3221448771499,False,False,False,False,True,True,False,True,False,-27.109820465530444,noise,46.630233200489286,False,True,False,False,BSE,IT - Software,Computers - Software & Consulting,31.77618069815195,False,False
YUKEN.NS,2026-09-16,1131.800048828125,1036.9833221435547,902.4574381510416,856.0020385742188,759.1409419759115,777.4064413452148,1056.780105706579,586.049959642143,1148.550048828125,True,False,False,True,True,True,True,True,False,13.448565834098858,ppv,148.25976151943001,False,False,True,False,BSE,Industrial Products,"Compressors, Pumps & Diesel Engines",76.18069815195072,True,False
ZENITHEXPO.NS,2026-09-17,,,,,,,,,,False,False,False,False,False,False,False,False,False,,noise,,False,False,True,True,BSE,Consumer Durables,Leather And Leather Products,,False,False
ZFCVINDIA.NS,2026-09-16,2459.35009765625,2522.433349609375,2552.197218153212,2492.295048828125,2459.2081103515625,2452.487821044922,2518.376717674049,2049.789720304734,3036.438343670444,True,True,True,True,False,False,True,False,False,8.320770193249416,noise,45.47392111228985,False,False,False,False,BSE,Auto Components,Auto Components & Equipments,71.61190965092402,True,False
ZODIACLOTH.NS,2026-09-18,,,,,,,,,,False,False,False,False,False,False,False,False,False,,noise,,False,False,True,True,BSE,Textiles & Apparels,Garments & Apparels,,False,False
