symbol,date,close,MA12,MA36,MA50,MA150,MA200,EMA10,52w_low,52w_high,cond1_price_above_150_200,cond2_ma150_above_ma200,cond3_ma200_trending_up_1m,cond4_ma50_above_150_200,cond5_price_above_ma50,cond6_30pct_above_52w_low,cond7_within_25pct_52w_high,cond9_price_above_ema10,fresh_ma12_cross_today,12m_return_pct,volume_signal,relative_volume,bull_snort,inside_bar,is_52w_high,is_52w_low,data_source,industry_group,industry,rs_percentile,cond8_rs_at_least_70,all_conditions_met,total_market_cap_cr,traded_value_cr,traded_volume,traded_val_pct_mc,price_band
ABSMARINE.NS,2026-09-17,304.6000061035156,312.25000254313153,264.22222306993274,253.12100006103515,226.27400014241536,218.0794999694824,306.0715874143059,143.0500030517578,347.75,True,True,True,True,True,True,True,False,False,65.4535556789962,green,122.4520839671433,False,False,False,False,,Transport Services,Shipping,92.50513347022587,True,True,,,,,20
ACCENTMIC.NS,2026-09-16,660.0999755859375,647.4791666666666,586.8263863457573,564.7439739990234,462.4477510579427,431.1229080200195,661.8759963421575,237.53315895751183,731.7000122070312,True,True,True,True,True,True,True,False,False,149.14046583287183,noise,90.97744360902256,False,False,False,False,,Pharmaceuticals & Biotechnology,Pharmaceuticals,98.56262833675564,True,True,,,,,20
ACMESOLAR.NS,2026-09-18,435.25,411.1708297729492,392.65277777777777,387.29399963378904,325.74339965820315,300.4224989318848,413.46629594125403,195.72747422084996,440.70001220703125,True,True,True,True,True,True,True,True,False,43.37127576791184,ppv,534.3338495069636,True,False,True,False,,Power,Power Generation,88.14168377823408,True,True,,,,,20
ACE.NS,2026-09-18,1229.199951171875,1144.0083109537761,1128.4666375054253,1096.9056079101563,962.990048421224,948.4695297241211,1159.725423432402,743.7339869667156,1241.5,True,True,True,True,True,True,True,True,False,7.541495607233273,ppv,162.94903171882765,False,False,True,False,,"Agricultural, Commercial & Construction Vehicles",Construction Vehicles,70.84188911704312,True,True,,,,,20
ACUTAAS.NS,2026-09-18,3440.300048828125,3294.6316935221353,3244.8631998697915,3308.01265625,2903.139471028646,2617.5348455810545,3325.361381729911,1301.0268289605388,3737.2044731885353,True,True,True,True,True,True,True,True,False,134.04985705595473,ppv,163.94720752536972,False,False,False,False,,Pharmaceuticals & Biotechnology,Pharmaceuticals,97.8952772073922,True,True,,,,,20
ADANIPORTS.NS,2026-09-18,1824.0,1740.8500162760417,1702.986111111111,1728.3640014648438,1665.8825740559896,1616.088091430664,1747.188367085856,1286.5777387006826,1891.0999755859375,True,True,True,True,True,True,True,True,False,29.649427344837175,green,189.9493567947113,False,False,False,False,,Transport Infrastructure,Port & Port services,83.52156057494867,True,True,,,,,No Band
ABSLAMC.NS,2026-09-18,1060.4000244140625,1067.4000142415364,1035.527784559462,1040.3401940917968,1012.6438724772136,953.2968762207031,1066.9068972631103,690.6919781874805,1194.9557175378152,True,True,True,True,True,True,True,False,False,32.66279557753877,red,139.70282991790245,False,False,False,False,,Capital Markets,Asset Management Company,84.44558521560575,True,True,,,,,20
AVL.NS,2026-09-17,633.25,611.5624949137369,610.8213060167101,615.9044653320312,557.8357529703776,542.1593321228028,615.4252259616071,435.6227250181752,703.5025243881884,True,True,True,True,True,True,True,True,True,25.06857413948036,noise,33.91812323497681,False,False,False,False,,Retailing,Speciality Retail,81.82751540041068,True,True,,,,,20
ADOR.NS,2026-09-16,1536.199951171875,1644.6083170572917,1569.7166646321614,1519.5807543945311,1205.050086669922,1160.3343508911132,1604.0509138433506,833.6830524113437,1766.4000244140625,True,True,True,True,True,True,True,False,False,58.38043699461337,noise,40.50773661275847,False,False,False,False,,Industrial Products,Other Industrial Products,91.22176591375771,True,True,,,,,20
AEGISLOG.NS,2026-09-18,1415.4000244140625,1325.941650390625,1322.0611063639324,1318.7759985351563,958.7734895833333,897.9082388305665,1346.6445995089605,573.0465115667306,1497.800048828125,True,True,True,True,True,True,True,True,True,77.65677732475173,green,112.31600981530265,False,False,False,False,,Gas,Trading - Gas,94.45585215605749,True,True,,,,,10
AEROFLEX.NS,2026-09-18,510.8999938964844,542.0708440144857,495.9138904147678,474.46815185546876,381.8726169840495,332.2269376373291,529.043527252473,157.8500633749001,584.1500244140625,True,True,True,True,True,True,True,False,False,175.13063682535258,noise,60.317832502920496,False,False,False,False,,Industrial Products,Iron & Steel Products,98.870636550308,True,True,,,,,10
AETHER.NS,2026-09-16,1603.0999755859375,1638.2999877929688,1617.9444410536025,1574.957998046875,1278.646670328776,1191.4455029296876,1632.3133422348742,726.4500122070312,1717.0,True,True,True,True,True,True,True,False,False,118.1385116790672,noise,49.39438032617548,False,False,False,False,,Chemicals & Petrochemicals,Specialty Chemicals,96.97125256673512,True,True,,,,,20
AIMTRON.NS,2026-09-17,1616.449951171875,1660.0208129882812,1638.6138712565105,1558.8419897460938,1204.1263317871094,1108.1959985351561,1663.223611443259,675.0,1800.0,True,True,True,True,True,True,True,False,False,130.01778031616863,ppv,274.65105808194505,False,False,False,False,,Industrial Manufacturing,Industrial Products,97.58726899383984,True,True,,,,,20
AJANTPHARM.NS,2026-09-18,3563.60009765625,3522.0499877929688,3545.3375108506943,3502.794775390625,3152.839012044271,3042.434466552734,3532.837498787296,2283.1397649802702,3796.0,True,True,True,True,True,True,True,True,False,42.287538954445104,ppv,220.41655380630817,False,False,False,False,,Pharmaceuticals & Biotechnology,Pharmaceuticals,87.93634496919918,True,True,,,,,20
AKIKO.NS,2026-09-17,421.04998779296875,416.75,381.13055589463977,363.3939990234375,281.61933298746743,273.0887498474121,420.6454517287754,190.25,438.95001220703125,True,True,True,True,True,True,True,True,False,77.62074767872336,dry,19.10828025477707,False,False,False,False,,Finance,Other Financial Services,94.40451745379876,True,True,,,,,10
AKSHARCHEM.NS,2026-09-16,381.95001220703125,415.46666717529297,333.1916669209798,305.6152001953125,237.68539967854818,237.55199981689452,405.51509959534224,141.3000030517578,472.0,True,True,True,True,True,True,True,False,False,40.914971189288266,noise,97.08492464442146,False,False,False,False,,Chemicals & Petrochemicals,Dyes And Pigments,87.47433264887063,True,True,,,,,5
AKUMS.NS,2026-09-17,766.7000122070312,762.9666646321615,741.2249959309896,725.00599609375,596.0729461669922,556.0070265197754,764.7716930474312,407.37371334346585,796.5499877929688,True,True,True,True,True,True,True,True,False,63.777050871407596,noise,60.969335384854716,False,False,False,False,,Pharmaceuticals & Biotechnology,Pharmaceuticals,92.14579055441479,True,True,,,,,10
ALIVUS.NS,2026-09-16,1370.5999755859375,1391.9833374023438,1337.9109598795574,1281.6136010742186,1106.2771411132812,1054.2595321655274,1378.259886353129,816.0868402393627,1488.4866814641196,True,True,True,True,True,True,True,False,False,46.81316224240091,noise,91.67455234725604,False,False,False,False,,Pharmaceuticals & Biotechnology,Pharmaceuticals,88.75770020533881,True,True,,,,,20
ALPHAGEO.NS,2026-09-17,294.95001220703125,308.9624888102214,292.1338971455892,265.83232147216796,225.34774149576822,223.2765870666504,304.4643128892148,162.23939856576865,362.2821402259545,True,True,True,True,True,True,True,False,False,11.276479899897573,dry,8.157957961425339,False,False,False,False,,Oil,Offshore Support Solution Drilling,74.2299794661191,True,True,,,,,5
AMANTA.NS,2026-09-17,189.9499969482422,194.96916580200195,181.20722156100803,177.65199951171874,143.18726618448892,133.86064956665038,193.9050309279225,92.0,209.9499969482422,True,True,True,True,True,True,True,False,False,38.6496328089359,green,108.13479888503912,False,False,False,False,,Pharmaceuticals & Biotechnology,Pharmaceuticals,86.60164271047228,True,True,,,,,2
ANANDRATHI.NS,2026-09-18,2229.39990234375,2208.1333211263022,2166.505537245009,2140.867990722656,1866.3623917643229,1774.9085974121094,2206.885685696307,1351.1991966764108,2268.39990234375,True,True,True,True,True,True,True,True,False,46.36721161804975,ppv,346.6235956042696,False,False,False,False,,Capital Markets,Financial Products Distributor,88.55236139630391,True,True,,,,,20
ANDHRSUGAR.NS,2026-09-17,92.3899917602539,95.98990567525227,94.72933472527399,91.63599044799804,84.75713556925456,81.65759403228759,94.70235340262113,65.64734140930214,105.85510736650535,True,True,True,True,True,True,True,False,False,20.65293664668726,dry,18.94483807638912,False,False,False,False,,Chemicals & Petrochemicals,Commodity Chemicals,79.7741273100616,True,True,,,,,20
ANLON.NS,2026-09-16,675.0,662.3666687011719,645.0611114501953,642.0090014648438,550.3793336995443,510.58524993896486,668.3700212180134,335.0,748.0,True,True,True,True,True,True,True,True,False,39.31888544891642,noise,20.920502092050206,False,True,False,False,,Commercial Services & Supplies,Diversified Commercial Services,86.75564681724846,True,True,,,,,10
ANTELOPUS.NS,2026-09-18,1104.8499755859375,1090.9624938964844,907.0791659884983,890.5519982910156,754.4429974365235,679.4222477722168,1086.4710436193222,357.0,1218.300048828125,True,True,True,True,True,True,True,True,False,90.55708845244928,noise,34.09191949948999,False,False,False,False,,Oil,Oil Exploration & Production,95.58521560574948,True,True,,,,,20
ANTHEM.NS,2026-09-17,927.4000244140625,938.0250040690104,892.2111138237847,858.6570031738281,772.8202844238281,740.114010925293,930.6047854191627,577.6439689831894,977.5499877929688,True,True,True,True,True,True,True,False,False,7.555572481216299,noise,55.721720145909195,False,True,False,False,,Pharmaceuticals & Biotechnology,Biotechnology,70.89322381930184,True,True,,,,,20
APARINDS.NS,2026-09-17,17801.0,17341.215657552082,16780.381808810766,15942.6509375,13440.307975260417,12178.423923339844,17322.567922113245,6777.469795325622,18401.11382486979,True,True,True,True,True,True,True,True,False,99.74060777028315,ppv,134.1346205275774,False,False,False,False,,Electrical Equipment,Other Electrical Equipment,96.30390143737166,True,True,,,,,20
APLAPOLLO.NS,2026-09-18,2270.10009765625,2180.3915405273438,2098.3580356174043,2019.7691845703125,1969.1343473307293,1959.5059503173827,2177.2224649765144,1646.9555379628491,2292.568366695916,True,True,True,True,True,True,True,True,False,34.90677392085484,green,175.6102471591849,False,False,False,False,,Industrial Products,Iron & Steel Products,85.21560574948666,True,True,,,,,No Band
ARFIN.NS,2026-09-17,87.87999725341797,87.7424996693929,86.18111101786296,86.74759963989258,86.38426651000977,82.69454999923705,86.39680796787064,41.710687996462454,106.19999694824219,True,True,True,True,True,True,True,True,False,103.95437810384126,noise,78.7891907317587,False,False,False,False,,Non - Ferrous Metals,Aluminium,96.50924024640656,True,True,,,,,20
ARIES.NS,2026-09-16,480.70001220703125,481.56667073567706,425.89027913411456,402.61400024414064,366.8749989827474,355.4264990234375,477.71914011014394,285.3500061035156,524.75,True,True,True,True,True,True,True,True,False,15.267818985452086,dry,17.273471635853088,False,False,False,False,,Fertilizers & Agrochemicals,Fertilizers,77.15605749486653,True,True,,,,,5
ARROWGREEN.NS,2026-09-16,907.4500122070312,801.7473958333334,754.1610565185547,736.0841064453125,580.3590283203125,556.3306286621093,814.2831684133203,339.84701118518905,952.75,True,True,True,True,True,True,True,True,False,60.896158359713496,ppv,936.5814969285017,False,False,True,False,,Industrial Products,Packaging,91.6324435318275,True,True,,,,,20
ARTEMISMED.NS,2026-09-18,338.5,335.9833297729492,322.50833299424914,309.59600036621094,268.512350769043,266.2594458770752,334.7682531728615,203.00855548512436,362.0,True,True,True,True,True,True,True,True,False,41.15537252870807,noise,81.614308389693,False,False,False,False,,Healthcare Services,Hospital,87.57700205338809,True,True,,,,,20
ARVIND.NS,2026-09-17,541.5999755859375,563.4869893391927,547.2274051242405,540.8380535888672,464.3716035970052,428.00265853881837,557.2088737600685,275.6944407527197,607.1500244140625,True,True,True,True,True,True,True,False,False,62.867777832840524,red,122.63843642406214,False,True,False,False,,Textiles & Apparels,Garments & Apparels,91.9917864476386,True,True,,,,,20
ASAHISONG.NS,2026-09-16,347.95001220703125,372.5958302815755,367.2347234090169,344.8210009765625,270.8765340169271,265.6740005493164,367.0657990550583,179.63999938964844,413.95001220703125,True,True,True,True,True,True,True,False,False,21.2158254673001,dry,16.027039539103747,False,False,False,False,,Chemicals & Petrochemicals,Dyes And Pigments,79.97946611909651,True,True,,,,,5
ASIANENE.NS,2026-09-18,492.25,515.8360036214193,465.09903632269965,436.5364544677734,356.8826564534505,335.18249198913577,503.13855212612503,229.41812828743812,564.2688840142267,True,True,True,True,True,True,True,False,False,39.90034406882417,noise,39.0374357949173,False,False,False,False,,Oil,Oil Equipment & Services,87.16632443531827,True,True,,,,,20
ASKAUTOLTD.NS,2026-09-18,656.25,622.8458353678385,622.4138904147678,584.9449676513672,485.88306722005206,479.92335205078126,626.3456397773889,373.9332517882958,687.7000122070312,True,True,True,True,True,True,True,True,False,23.261660361620272,noise,57.337921597850624,False,False,False,False,,Auto Components,Auto Components & Equipments,81.21149897330595,True,True,,,,,20
ATHERENERG.NS,2026-09-18,1640.0,1606.3750101725261,1533.147223578559,1452.4899975585938,1079.0046655273438,977.4992489624024,1602.118849982447,534.5,1744.0,True,True,True,True,True,True,True,True,False,191.55555555555557,green,100.36459403021884,False,False,False,False,,Automobiles,2/3 Wheelers,99.12731006160165,True,True,,,,,No Band
AUROPHARMA.NS,2026-09-16,1643.0,1666.9833475748699,1638.4583401150173,1613.9520043945313,1462.390000813802,1393.579497680664,1664.1501220935756,1066.800048828125,1717.0,True,True,True,True,True,True,True,False,False,49.35006240000159,noise,60.40325723729102,False,False,False,False,,Pharmaceuticals & Biotechnology,Pharmaceuticals,89.3223819301848,True,True,,,,,No Band
AUSOMENT.NS,2026-09-16,148.89999389648438,153.23505020141602,146.1401981777615,140.36869277954102,124.05154454549154,122.49165405273438,151.6536931195124,92.37958340712095,176.81253472005758,True,True,True,True,True,True,True,False,False,47.31483537659875,noise,93.98452372617464,False,False,False,False,,Consumer Durables,"Gems, Jewellery And Watches",89.01437371663245,True,True,,,,,5
AVADHSUGAR.NS,2026-09-16,726.2000122070312,804.3416646321615,716.7888887193468,663.5991680908203,512.8974580891927,471.92459732055664,780.608773093054,300.3047281830496,884.7999877929688,True,True,True,True,True,True,True,False,False,66.07052056797558,noise,31.363032582993068,False,False,False,False,,Agricultural Food & other Products,Sugar,92.65913757700204,True,True,,,,,10
AVALON.NS,2026-09-16,2216.10009765625,2251.8833821614585,2092.6416897243926,1990.5180151367188,1505.817674560547,1353.9927560424806,2234.817150059038,777.2999877929688,2424.0,True,True,True,True,True,True,True,False,False,129.93360922642844,ppv,194.56663294380598,False,False,False,False,,Electrical Equipment,Other Electrical Equipment,97.5359342915811,True,True,,,,,20
AVTNPL.NS,2026-09-16,85.72000122070312,89.65416590372722,81.80953682793512,78.41053634643555,69.94530494689941,68.89281311035157,88.51055315688126,53.16497337905437,97.0,True,True,True,True,True,True,True,False,False,13.299212284787565,noise,43.755334427015306,False,False,False,False,,Agricultural Food & other Products,Other Agricultural Products,76.02669404517454,True,True,,,,,20
AYMSYNTEX.NS,2026-09-16,270.79998779296875,298.0291697184245,269.3472243414985,260.07800140380857,226.57753356933594,210.58085014343263,287.2292405102387,141.52999877929688,330.0,True,True,True,True,True,True,True,False,False,44.9601152679375,ppv,276.0011823743012,False,False,False,False,,Textiles & Apparels,Other Textile Products,88.39835728952772,True,True,,,,,20
AZAD.NS,2026-09-18,2790.300048828125,2766.1000162760415,2700.147230360243,2608.026015625,2147.5713419596354,2003.0920080566407,2741.1106850110564,1360.0,2986.60009765625,True,True,True,True,True,True,True,True,False,69.62310327222644,ppv,130.41186356410057,False,False,False,False,,Electrical Equipment,Heavy Electrical Equipment,93.42915811088297,True,True,,,,,20
BHEL.NS,2026-09-18,439.8999938964844,427.02083587646484,421.2902789645725,419.06884033203124,364.7781227620443,341.48505531311037,427.05024047412735,228.8019259330385,446.5,True,True,True,True,True,True,True,True,False,88.20376437741331,ppv,78.73120420607349,False,False,False,False,,Electrical Equipment,Heavy Electrical Equipment,95.27720739219713,True,True,,,,,No Band
BAFNAPH.NS,2026-09-16,309.0,304.91666920979816,277.9497235616048,262.5276010131836,179.88953348795573,169.35254997253418,302.0401619008602,94.7699966430664,318.5,True,True,True,True,True,True,True,True,False,177.03065937216115,noise,30.848724651883824,False,False,False,False,,Pharmaceuticals & Biotechnology,Pharmaceuticals,98.92197125256673,True,True,,,,,2
BALPHARMA.NS,2026-09-16,100.1300048828125,95.23038673400879,89.09145779079861,87.82111557006836,80.68819910685221,78.28005939483643,98.76589281048633,59.289451054818755,123.12442569317751,True,True,True,True,True,True,True,True,False,13.711389931700758,red,155.86461942231128,False,False,False,False,,Pharmaceuticals & Biotechnology,Pharmaceuticals,76.38603696098562,True,True,,,,,20
BALRAMCHIN.NS,2026-09-17,675.7000122070312,692.5916646321615,666.4166615804037,648.4029956054687,558.6553330485026,527.409249420166,686.6171794353752,393.54998779296875,780.9500122070312,True,True,True,True,True,True,True,False,False,31.98002965973563,dry,19.817647476183943,False,False,False,False,,Agricultural Food & other Products,Sugar,84.13757700205339,True,True,,,,,20
MAHABANK.NS,2026-09-18,83.54000091552734,83.62333234151204,81.76472155253093,81.33639938354492,77.76273208618164,73.45991979598999,82.61847044117997,52.24685139086835,94.5,True,True,True,True,True,True,True,True,False,50.372606249721485,green,126.63051013440503,False,False,False,False,,Banks,Public Sector Bank,89.83572895277207,True,True,,,,,No Band
BELRISE.NS,2026-09-18,240.17999267578125,230.53987248738608,236.0743751525879,234.76148620605468,217.97683359781902,206.31490272521972,231.14308157095553,142.2460279440868,267.55305639788776,True,True,True,True,True,True,True,True,False,55.9533389437991,ppv,259.3415654861694,False,False,False,False,,Auto Components,Auto Components & Equipments,90.70841889117042,True,True,,,,,20
BHAGYANGR.NS,2026-09-18,446.70001220703125,404.6374994913737,390.3249986436632,390.4129998779297,298.5947333780924,262.98979999542235,415.1000885068536,90.0,467.8999938964844,True,True,True,True,True,True,True,True,False,383.12785705191317,green,228.55527968647857,False,False,True,False,,Non - Ferrous Metals,Copper,99.74332648870636,True,True,,,,,5
BEPL.NS,2026-09-16,124.91999816894531,128.16583315531412,124.14249971177843,120.89096496582032,100.85285547892252,96.75659336090088,126.79842821817071,72.86855369334994,137.34641029083173,True,True,True,True,True,True,True,False,False,22.924242365092383,noise,22.29223190212675,False,False,False,False,,Chemicals & Petrochemicals,Petrochemicals,80.95482546201232,True,True,,,,,20
BIRLACABLE.NS,2026-09-16,382.54998779296875,357.8341649373372,291.4527774386936,262.53371154785157,195.22132197062174,179.9933162689209,361.3458673932148,103.34114160024168,411.95001220703125,True,True,True,True,True,True,True,True,False,133.7942331032611,green,327.12904611699656,True,False,False,False,,Telecom -  Equipment & Accessories,Telecom -  Equipment & Accessories,97.84394250513347,True,True,,,,,5
BLISSGVS.NS,2026-09-18,681.8499755859375,687.9291636149088,583.0361082288954,555.041997680664,395.90240010579424,339.2161752319336,681.9818769175753,117.5147500933485,728.0,True,True,True,True,True,True,True,False,False,348.0795161120019,noise,48.57371333245262,False,False,False,False,,Pharmaceuticals & Biotechnology,Pharmaceuticals,99.69199178644764,True,True,,,,,5
BLSE.NS,2026-09-16,313.54998779296875,318.3061828613281,314.4876013861762,302.2540075683594,227.00388010660808,217.50196487426757,315.7285721650055,124.10545376214952,330.7814213322901,True,True,True,True,True,True,True,False,False,69.50331255842221,noise,65.3347021694514,False,False,False,False,,IT - Services,IT Enabled Services,93.37782340862422,True,True,,,,,20
BLUESTONE.NS,2026-09-17,831.2000122070312,852.1458384195963,834.1152835422092,792.3650048828125,595.5473362223307,567.4857516479492,850.114884907948,399.79998779296875,926.0,True,True,True,True,True,True,True,False,False,33.56902274013234,dry,12.689869769137504,False,True,False,False,,Consumer Durables,"Gems, Jewellery And Watches",84.85626283367557,True,True,,,,,20
BLUSPRING.NS,2026-09-18,123.33999633789062,130.14416631062826,123.34611087375217,119.98959991455078,88.35393351236979,82.30795009613037,127.27866787039659,43.97999954223633,139.8000030517578,True,True,True,True,True,True,True,False,False,41.60734615229305,noise,27.050302475188747,False,True,False,False,,Commercial Services & Supplies,Diversified Commercial Services,87.782340862423,True,True,,,,,10
BODALCHEM.NS,2026-09-18,191.22999572753906,169.51416524251303,109.54055616590712,96.95300048828125,73.34253336588542,67.79985013961792,168.38694140157213,42.810001373291016,191.22999572753906,True,True,True,True,True,True,True,True,False,186.658669392861,noise,78.7229490871271,False,False,True,False,,Chemicals & Petrochemicals,Dyes And Pigments,99.02464065708418,True,True,,,,,5
BOSCHLTD.NS,2026-09-16,47555.0,48109.583333333336,46238.089952256945,44832.478046875,38865.97328125,38255.18416015625,47991.999755190714,28422.960694251175,50000.0,True,True,True,True,True,True,True,False,False,20.01488987173259,noise,94.59591676994324,False,False,False,False,,Auto Components,Auto Components & Equipments,79.36344969199179,True,True,,,,,No Band
CHENNPETRO.NS,2026-09-18,1416.5999755859375,1492.941670735677,1394.3626946343315,1328.421162109375,1108.2112609863282,1037.2087145996093,1469.345088127118,681.4494121069772,1677.5,True,True,True,True,True,True,True,False,False,100.05195757579469,noise,45.317358170622754,False,False,False,False,,Petroleum Products,Refineries & Marketing,96.35523613963038,True,True,,,,,20
CALSOFT.NS,2026-09-16,35.970001220703125,38.51250076293945,29.644166893429226,27.511800155639648,20.605200112660725,19.267100105285646,37.06893679157996,10.899999618530273,43.130001068115234,True,True,True,True,True,True,True,False,False,137.73959648798248,noise,27.58565268838829,False,False,False,False,,IT - Software,Computers - Software & Consulting,98.15195071868584,True,True,,,,,5
CGCL.NS,2026-09-18,270.6499938964844,267.7759272257487,245.83274502224393,246.2347738647461,208.23285837809246,200.9323225402832,263.9167640690956,150.98878430750037,287.45001220703125,True,True,True,True,True,True,True,True,False,42.94351829615219,green,118.78192384052753,False,False,False,False,,Finance,Non Banking Financial Company (NBFC),88.09034907597535,True,True,,,,,20
CEIGALL.NS,2026-09-18,373.75,374.55774943033856,343.8300501505534,343.4579821777344,331.23007934570313,314.2536682128906,375.3380765626407,222.3163870325336,405.164930099543,True,True,True,True,True,True,True,False,False,34.843119180801274,noise,65.9248809828997,False,False,False,False,,Construction,Civil Construction,85.16427104722793,True,True,,,,,10
CENTUM.NS,2026-09-18,4333.2998046875,4167.999979654948,3762.597222222222,3720.356904296875,3274.261953125,3028.4429370117186,4159.8697531371245,2041.2345828168375,4450.0,True,True,True,True,True,True,True,True,False,61.14949921546147,noise,62.7378268181375,False,True,False,False,,Aerospace & Defense,Aerospace & Defense,91.68377823408625,True,True,,,,,20
CGPOWER.NS,2026-09-18,892.0,894.3958333333334,884.9458329942491,886.172998046875,838.8766658528646,787.525150756836,887.4460732923283,524.3427016609982,980.9000244140625,True,True,True,True,True,True,True,True,False,13.946691186073279,green,102.22186450476964,False,False,False,False,,Electrical Equipment,Heavy Electrical Equipment,76.48870636550308,True,True,,,,,No Band
CHEMBONDCH.NS,2026-09-17,274.0,261.8958346048991,257.3622233072917,254.69652587890624,196.7930820719401,184.99155838012695,264.39714655440565,104.32122655798874,290.0,True,True,True,True,True,True,True,True,False,45.6929583448207,noise,81.62832608926111,False,False,False,False,,Chemicals & Petrochemicals,Specialty Chemicals,88.44969199178645,True,True,,,,,5
COMSYN.NS,2026-09-16,294.75,299.0,269.26972156100805,246.81439971923828,189.57646626790364,179.48674964904785,295.7762301942922,136.44000244140625,314.8500061035156,True,True,True,True,True,True,True,False,False,91.13313009638418,noise,86.78081940187072,False,False,False,False,,Industrial Products,Packaging,95.63655030800821,True,True,,,,,10
CONFIPET.NS,2026-09-18,91.94999694824219,86.29583358764648,80.40944480895996,79.21580032348633,62.60980018615723,55.51595016479492,86.92041841504695,28.059999465942383,92.61000061035156,True,True,True,True,True,True,True,True,False,88.59243060540682,ppv,151.81419396137244,False,False,True,False,,Gas,LPG/CNG/PNG/LNG Supplier,95.37987679671458,True,True,,,,,20
CONSOFINVT.NS,2026-09-16,303.1499938964844,290.0269826253255,284.291136847602,281.17774810791013,244.16989888509116,225.20279151916503,295.90674428082866,151.2637974296401,318.4500850081756,True,True,True,True,True,True,True,True,False,56.93444125862648,dry,9.719116531306364,False,True,False,False,,Finance,Non Banking Financial Company (NBFC),91.0164271047228,True,True,,,,,5
CORDSCABLE.NS,2026-09-17,355.29998779296875,345.9874979654948,271.6669438680013,252.82620025634765,209.16193298339843,201.2792997741699,345.8347995045881,127.01000213623047,394.8999938964844,True,True,True,True,True,True,True,True,False,98.16098304440561,noise,55.86891896280394,False,False,False,False,,Industrial Products,Cables - Electricals,96.20123203285421,True,True,,,,,20
CRAFTSMAN.NS,2026-09-18,11138.0,11382.666666666666,10823.763888888889,10403.2275390625,8896.248199869791,8526.448425292969,11298.974402313432,6316.2925601072975,11999.0,True,True,True,True,True,True,True,False,False,69.21989832098541,ppv,346.19135316203835,False,True,False,False,,Auto Components,Auto Components & Equipments,93.27515400410678,True,True,,,,,20
CLSL.NS,2026-09-16,78.80000305175781,83.40000025431316,78.71805593702528,72.61000030517579,54.09266682942708,52.949750118255615,82.2182707357775,39.04999923706055,92.25,True,True,True,True,True,True,True,False,False,31.44287247527653,dry,19.047619047619047,False,False,False,False,,Fertilizers & Agrochemicals,Pesticides & Agrochemicals,84.03490759753593,True,True,,,,,5
CUPID.NS,2026-09-18,265.0,278.7125015258789,274.6999982198079,258.4717990112305,167.49446599324546,146.96164958953858,277.3058186826821,41.13999938964844,299.0,True,True,True,True,True,True,True,False,False,539.7875705332214,red,101.66077634143022,False,False,False,False,,Personal Products,Personal Care,99.89733059548254,True,True,,,,,20
CYIENTDLM.NS,2026-09-18,940.7000122070312,899.7625071207682,790.6013912624783,743.6720031738281,506.22466756184895,478.7340007019043,895.5190664542085,265.20001220703125,1009.0,True,True,True,True,True,True,True,True,False,96.36781884515442,noise,48.259839426389824,False,False,False,False,,Aerospace & Defense,Aerospace & Defense,95.89322381930184,True,True,,,,,20
DSKULKARNI.NS,2026-09-16,21.84000015258789,19.990833441416424,15.791666666666666,15.164000053405761,14.088000144958496,13.953500156402589,20.27776918395508,8.600000381469727,21.84000015258789,True,True,True,True,True,True,True,True,False,61.18081066538665,ppv,105.42168674698796,False,False,True,False,,Realty,"Residential, Commercial Projects",91.73511293634496,True,True,,,,,2
DCBBANK.NS,2026-09-18,218.35000610351562,223.3716672261556,205.92972140842014,201.39679962158203,187.3758629353841,185.5294982910156,221.06254251935582,121.38222908441647,234.8000030517578,True,True,True,True,True,True,True,False,False,68.95398680108411,noise,65.1395279388315,False,False,False,False,,Banks,Private Sector Bank,93.17248459958932,True,True,,,,,20
DCMNVL.NS,2026-09-16,174.0500030517578,180.16500091552734,172.43361070421008,165.2247998046875,146.7687998453776,142.82980010986327,177.97516958613423,95.5999984741211,198.5800018310547,True,True,True,True,True,True,True,False,False,8.584447153268071,noise,44.83840635598145,False,False,False,False,,Textiles & Apparels,Other Textile Products,71.86858316221766,True,True,,,,,5
DEEDEV.NS,2026-09-18,668.75,652.3117828369141,643.4458601209852,652.5958264160156,523.550634358724,444.7791329956055,645.3538852426831,182.69871604200983,758.7487929742209,True,True,True,True,True,True,True,True,False,128.57970180621314,green,153.12316860523097,False,False,False,False,,Industrial Manufacturing,Industrial Products,97.43326488706366,True,True,,,,,5
DEEPINDS.NS,2026-09-17,734.7000122070312,762.7833455403646,692.2914767795139,632.4292309570312,506.08768676757813,482.0369682312012,748.5254953805788,328.747065369566,825.0,True,True,True,True,True,True,True,False,False,35.02382062339231,noise,33.04273956653675,False,False,False,False,,Oil,Oil Equipment & Services,85.31827515400411,True,True,,,,,20
DIACABS.NS,2026-09-18,366.79998779296875,352.32499440511066,349.8630532158746,325.3643994140625,220.12546615600587,198.81484970092774,363.8578832950461,115.56999969482422,404.0,True,True,True,True,True,True,True,True,False,139.4568516329236,noise,20.020427314957125,False,False,False,False,,Electrical Equipment,Other Electrical Equipment,98.20328542094457,True,True,,,,,5
DICIND.NS,2026-09-16,610.2999877929688,598.5124867757162,566.9208280775282,552.0689965820312,530.1564388020834,522.8653622436524,602.4779831151399,447.9634122961736,638.9500122070312,True,True,True,True,True,True,True,True,False,8.485344995191513,noise,32.50730405493869,False,True,False,False,,Chemicals & Petrochemicals,Printing Inks,71.7659137577002,True,True,,,,,20
DIFFNKG.NS,2026-09-17,435.8500061035156,452.9249979654948,419.71888732910156,411.96313232421875,343.33166056315105,330.4788231658936,440.3848142675197,215.99034037428646,519.9000244140625,True,True,True,True,True,True,True,False,False,11.702752278940022,dry,16.852941458012797,False,False,False,False,,Industrial Products,Other Industrial Products,74.7946611909651,True,True,,,,,20
DIVGIITTS.NS,2026-09-16,1119.699951171875,1186.9791361490886,1142.0527920193142,1086.613974609375,862.5284505208333,796.4337725830078,1164.6460358239135,572.068130803166,1326.0175300078042,True,True,True,True,True,True,True,False,False,69.98092376138803,noise,80.60959384090913,False,False,False,False,,Auto Components,Auto Components & Equipments,93.48049281314168,True,True,,,,,20
DIVISLAB.NS,2026-09-17,9323.0,9309.125,8834.0,8394.774853515624,7082.361946614584,6883.233728027344,9268.04627355497,5613.352076705792,9615.0,True,True,True,True,True,True,True,True,False,53.478898514727135,noise,98.25850520739239,False,False,False,False,,Pharmaceuticals & Biotechnology,Pharmaceuticals,90.40041067761807,True,True,,,,,No Band
DPEL.NS,2026-09-17,642.6500244140625,612.4833374023438,579.2569478352865,578.9730029296875,482.7409999593099,432.6214998626709,620.9438561965371,227.8000030517578,655.0,True,True,True,True,True,True,True,True,False,157.67844432297778,noise,72.93161166905787,False,False,True,False,,Industrial Products,Cables - Electricals,98.61396303901438,True,True,,,,,10
DOLPHIN.NS,2026-09-16,635.0999755859375,645.4916636149088,550.018052842882,503.41199768066406,436.37999837239585,432.5634989929199,647.5967509553647,322.0,741.4000244140625,True,True,True,True,True,True,True,False,False,60.72377208547084,noise,40.44988949934166,False,False,False,False,,Oil,Offshore Support Solution Drilling,91.58110882956879,True,True,,,,,10
LALPATHLAB.NS,2026-09-18,1896.9000244140625,1907.2166544596355,1912.2166680230034,1862.6920043945313,1615.5866137695311,1567.1123388671874,1905.7889280523207,1266.16157090969,2038.5999755859375,True,True,True,True,True,True,True,False,False,17.475568077354797,green,136.4448973596458,False,True,False,False,,Healthcare Services,Healthcare Service Provider,78.02874743326488,True,True,,,,,20
DYNAMATECH.NS,2026-09-18,12061.0,11810.75,11453.480224609375,11140.06326171875,10686.424114583333,10263.91962890625,11885.967343973785,6707.758197256808,12865.829460466755,True,True,True,True,True,True,True,True,False,71.98348129391331,noise,74.67454100705257,False,False,False,False,,Industrial Manufacturing,Industrial Products,93.8911704312115,True,True,,,,,20
E2E.NS,2026-09-18,607.6500244140625,605.3999989827474,610.2958357069227,567.6500030517578,399.26966756184896,353.3871506500244,604.9955089283465,183.36000061035156,698.0,True,True,True,True,True,True,True,True,False,105.53713783861566,noise,42.4983082596747,False,False,False,False,,IT - Services,IT Enabled Services,96.61190965092402,True,True,,,,,5
EDELWEISS.NS,2026-09-18,136.25,131.98836962381998,124.60951042175293,122.55287292480469,116.84791422526041,114.32986343383789,131.24731904513345,96.92496747850444,139.35435997550803,True,True,True,True,True,True,True,True,False,19.750694623444232,green,161.89198440615775,False,False,False,False,,Finance,Holding Company,79.15811088295688,True,True,,,,,20
EMIL.NS,2026-09-18,196.27999877929688,184.39416885375977,177.81000137329102,164.48740112304688,127.61313374837239,120.89845024108887,186.23596949871637,84.9000015258789,202.86000061035156,True,True,True,True,True,True,True,True,False,28.1619370562721,ppv,217.75720602170995,False,False,True,False,,Retailing,Diversified Retail,83.0082135523614,True,True,,,,,20
EMAMIPAP.NS,2026-09-17,111.97000122070312,114.44666544596355,111.65901883443196,107.53726730346679,87.29035275777181,86.3312167930603,114.15224073603206,53.53796318085757,130.1459177836226,True,True,True,True,True,True,True,False,False,11.309972960778447,dry,9.05285021579903,False,True,False,False,,"Paper, Forest & Jute Products",Paper & Paper Products,74.28131416837782,True,True,,,,,5
EMCURE.NS,2026-09-18,2003.800048828125,1942.0666910807292,1922.1374884711372,1903.6602319335936,1729.923798014323,1663.5069262695313,1947.5156272087174,1257.554251234414,2100.699951171875,True,True,True,True,True,True,True,True,False,49.72756457617082,ppv,985.5814801600742,False,False,False,False,,Pharmaceuticals & Biotechnology,Pharmaceuticals,89.47638603696099,True,True,,,,,10
ENGINERSIN.NS,2026-09-18,266.3500061035156,271.15833791097003,254.0108354356554,246.5728012084961,233.95427388509114,222.63885246276857,266.6525978461903,162.352472800208,289.6499938964844,True,True,True,True,True,True,True,False,False,29.994640997471535,noise,49.32156051769196,False,False,False,False,,Construction,Civil Construction,83.5728952772074,True,True,,,,,20
ENTERO.NS,2026-09-16,1731.800048828125,1817.3833516438801,1538.6277804904514,1448.8100024414061,1258.1660042317708,1215.201003112793,1784.157505028223,944.0,1920.0,True,True,True,True,True,True,True,False,False,50.04333062653528,noise,90.72524472552011,False,False,False,False,,Retailing,Pharmacy Retail,89.57905544147845,True,True,,,,,20
FILATEX.NS,2026-09-18,93.83000183105469,82.14364624023438,80.73884518941243,77.85863128662109,56.6154111735026,54.50752321243286,85.16213127392056,36.135550735753014,94.5,True,True,True,True,True,True,True,True,False,64.55051841132205,green,106.70470875142024,False,False,True,False,,Textiles & Apparels,Other Textile Products,92.24845995893224,True,True,,,,,20
FINEORG.NS,2026-09-16,5193.0,5179.649983723958,5104.9078369140625,5058.058310546875,4785.3451171875,4652.2946813964845,5172.130785481566,3847.3028827011017,5394.804360638102,True,True,True,True,True,True,True,True,False,8.175153348586317,green,136.0209511893392,False,False,False,False,,Chemicals & Petrochemicals,Specialty Chemicals,71.40657084188912,True,True,,,,,20
FCL.NS,2026-09-17,52.9900016784668,54.71909968058268,47.66122553083632,45.22540313720703,34.728148511250815,31.96983684539795,54.34920831109384,19.080274212500033,62.400001525878906,True,True,True,True,True,True,True,False,False,123.18957264797965,noise,86.5198485664262,False,True,False,False,,Chemicals & Petrochemicals,Specialty Chemicals,97.17659137577002,True,True,,,,,10
FINCABLES.NS,2026-09-18,1411.199951171875,1345.2250061035156,1240.3482394748264,1173.7916235351563,1040.230028889974,968.5843737792969,1363.1892774185358,695.8450204922062,1498.0,True,True,True,True,True,True,True,True,False,68.3445470320055,noise,80.23597947246908,False,False,False,False,,Industrial Products,Cables - Electricals,92.96714579055441,True,True,,,,,20
NYKAA.NS,2026-09-18,332.1499938964844,336.00417073567706,334.2722227308485,332.13800048828125,290.29366597493487,281.45459976196287,334.17817946653446,227.89999389648438,349.54998779296875,True,True,True,True,True,True,True,False,False,35.05875809721597,noise,83.5206158889926,False,False,False,False,,Retailing,E-Retail/ E-Commerce,85.36960985626283,True,True,,,,,No Band
GNFC.NS,2026-09-17,584.8499755859375,564.8550669352213,550.2975429958767,532.8099224853515,484.76014587402346,479.61738037109376,562.4525805714452,351.9886096859767,599.0,True,True,True,True,True,True,True,True,False,19.44247773490906,ppv,1185.3916211314197,True,False,False,False,,Chemicals & Petrochemicals,Commodity Chemicals,78.95277207392198,True,True,,,,,20
GANDHAR.NS,2026-09-17,269.3999938964844,266.7666702270508,252.3819457160102,245.3213198852539,180.79666112263996,171.97785400390626,265.4158539717528,113.93974378848462,300.3749196686875,True,True,True,True,True,True,True,True,False,82.75661146344117,dry,19.249080668175246,False,False,False,False,,Petroleum Products,Lubricants,94.76386036960986,True,True,,,,,20
GANESHBE.NS,2026-09-16,119.23999786376953,124.57583491007487,120.63222291734483,116.02820053100587,100.29393341064453,94.8268501663208,125.31744047536858,68.4000015258789,135.85000610351562,True,True,True,True,True,True,True,False,False,25.46295950665176,dry,14.622365427024675,False,False,False,False,,Oil,Oil Storage & Transportation,81.8788501026694,True,True,,,,,5
GAYAPROJ.NS,2026-09-18,24.719999313354492,24.101666768391926,21.95138888888889,21.6742000579834,19.01079999287923,17.238250007629393,24.323869572191118,10.470000267028809,27.329999923706055,True,True,True,True,True,True,True,True,False,136.10313928262744,ppv,208.4879323514217,False,False,False,False,,Construction,Civil Construction,97.99794661190965,True,True,,,,,5
GRCL.NS,2026-09-16,580.0,572.7999979654948,549.0944451226128,566.4430017089844,495.21466756184896,463.5170008850098,571.0005920723218,306.6499938964844,629.2000122070312,True,True,True,True,True,True,True,True,False,48.71794871794872,dry,17.73049645390071,False,False,False,False,,Industrial Products,Rubber,89.16837782340863,True,True,,,,,5
GVT&D.NS,2026-09-18,4385.0,4444.9666748046875,4342.084092881944,4347.715307617187,4344.536066080729,4019.550076904297,4398.37764821192,2516.9699521199827,5636.049839022599,True,True,True,True,True,True,True,False,False,47.22039231153907,noise,83.43458990418912,False,False,False,False,,Electrical Equipment,Heavy Electrical Equipment,88.91170431211499,True,True,,,,,No Band
GLAND.NS,2026-09-18,2961.89990234375,2931.949991861979,2834.9327935112847,2724.9297705078125,2217.8935473632814,2093.4711895751952,2916.25052052196,1561.8007505195303,3042.0,True,True,True,True,True,True,True,True,False,50.19762434802784,noise,71.00710549768822,False,False,False,False,,Pharmaceuticals & Biotechnology,Pharmaceuticals,89.73305954825463,True,True,,,,,20
GLENMARK.NS,2026-09-17,2416.0,2430.7249755859375,2359.634026421441,2326.911650390625,2247.8283658854166,2183.825301513672,2418.138451001781,1790.8181412412814,2535.0776323504288,True,True,True,True,True,True,True,False,False,18.561187900690236,noise,45.150231490829206,False,True,False,False,,Pharmaceuticals & Biotechnology,Pharmaceuticals,78.38809034907598,True,True,,,,,No Band
GLOBAL.NS,2026-09-16,128.88999938964844,122.44833374023438,110.89500024583604,108.39371963500976,104.01973805745443,99.63542877197266,123.67123915770358,54.66141601481325,131.97999572753906,True,True,True,True,True,True,True,True,False,100.97990054666144,green,206.35751155895443,False,False,True,False,,Other Consumer Services,Education,96.40657084188912,True,True,,,,,20
EBGNG.NS,2026-09-18,703.0499877929688,658.5291697184244,604.4541710747612,593.7450024414062,486.4743334960938,438.4630002593994,664.604829491264,239.0,712.0,True,True,True,True,True,True,True,True,False,88.94113847377503,green,154.3186312199208,False,False,True,False,,IT - Hardware,Computers Hardware & Equipments,95.4312114989733,True,True,,,,,10
GOCLCORP.NS,2026-09-17,456.1499938964844,431.8208363850911,415.07222239176434,410.2620007324219,351.99333414713544,334.37000076293947,433.9605652652656,223.35000610351562,459.8999938964844,True,True,True,True,True,True,True,True,False,22.489259230031,ppv,445.2954898016717,True,False,True,False,,Chemicals & Petrochemicals,Explosives,80.80082135523614,True,True,,,,,20
GOODLUCK.NS,2026-09-16,510.29998779296875,496.8499984741211,479.29444376627606,490.2273327636719,440.2461525472005,420.9127606201172,503.5728825938743,305.0,557.3666381835938,True,True,True,True,True,True,True,True,False,41.308801906752905,noise,68.90866323823495,False,False,False,False,,Industrial Products,Iron & Steel Products,87.62833675564681,True,True,,,,,20
GULFPETRO.NS,2026-09-16,61.099998474121094,65.07583332061768,61.916288481818306,55.69929992675781,41.18731506347656,39.42763111114502,64.00703489388981,23.06491811108752,71.4000015258789,True,True,True,True,True,True,True,False,False,47.45101743240032,noise,68.00942869569934,False,False,False,False,,Petroleum Products,Lubricants,89.06570841889116,True,True,,,,,5
GPTHEALTH.NS,2026-09-16,163.3000030517578,157.9533322652181,157.84580103556314,156.74463073730467,142.4249698893229,140.54098846435548,159.2993761176612,113.9682423977474,175.0,True,True,True,True,True,True,True,True,True,7.758500382721878,noise,82.77401622130344,False,False,False,False,,Healthcare Services,Hospital,71.04722792607802,True,True,,,,,20
GFSTEELS.NS,2026-09-16,23.079999923706055,17.552499930063885,15.67333330048455,15.245199947357177,13.501333179473876,12.915949907302856,19.080495622188245,9.729999542236328,23.079999923706055,True,True,True,True,True,True,True,True,False,137.20453247217094,ppv,135.95811246135708,False,False,True,False,,Industrial Products,Iron & Steel Products,98.1006160164271,True,True,,,,,5
GRANULES.NS,2026-09-18,875.5,876.7958221435547,856.0861104329427,858.5233361816406,749.9147599283854,707.4914035034179,872.3528571724805,509.48866067465497,923.6500244140625,True,True,True,True,True,True,True,True,False,60.66730250221637,green,110.88404354262369,False,False,False,False,,Pharmaceuticals & Biotechnology,Pharmaceuticals,91.52977412731006,True,True,,,,,20
GRAPHITE.NS,2026-09-18,830.8499755859375,788.2333221435547,736.8402726915148,710.8130517578124,681.5722408040365,661.414924621582,797.6596523783685,510.5948183076055,874.3499755859375,True,True,True,True,True,True,True,True,False,48.54910143080304,noise,93.84460883379195,False,False,False,False,,Industrial Products,Electrodes & Refractories,89.11704312114989,True,True,,,,,20
GCSL.NS,2026-09-17,594.3499755859375,593.7291666666666,541.86388736301,534.1566223144531,430.9105067952474,406.37709884643556,591.3432786709011,212.85925329857284,616.9000244140625,True,True,True,True,True,True,True,True,False,112.25456955796092,noise,90.62516903920525,False,False,False,False,,Capital Markets,Other Capital Market related Services,96.81724845995893,True,True,,,,,20
GUFICBIO.NS,2026-09-16,419.8500061035156,430.85833231608075,417.3932529025608,409.31274353027345,345.5671691894531,341.43541702270505,427.01758642205516,267.9349768924993,467.79998779296875,True,True,True,True,True,True,True,False,False,14.396893792240961,noise,96.75554331760986,False,False,False,False,,Pharmaceuticals & Biotechnology,Pharmaceuticals,76.79671457905543,True,True,,,,,20
HALEOSLABS.NS,2026-09-16,1507.9000244140625,1470.8750101725261,1482.29445054796,1506.3240063476562,1433.3840047200522,1398.009503173828,1476.750390152402,1091.0999755859375,1774.0,True,True,True,True,True,True,True,True,False,25.826306011330846,green,259.7847358121331,False,False,False,False,,Pharmaceuticals & Biotechnology,Pharmaceuticals,82.03285420944559,True,True,,,,,20
HAPPYFORGE.NS,2026-09-16,2155.89990234375,2234.9332885742188,2099.2527669270835,1959.562705078125,1551.3618375651042,1435.3331274414063,2191.5861861911285,886.5215390100362,2470.0,True,True,True,True,True,True,True,False,False,128.0233444271329,ppv,163.82027370489268,False,True,False,False,,Industrial Products,Castings & Forgings,97.38193018480493,True,True,,,,,5
HATSUN.NS,2026-09-18,1139.0999755859375,1192.7083435058594,1067.4652811686199,1021.4680017089844,954.4723942057292,951.8453610229492,1187.4366658386264,846.1695010496207,1349.699951171875,True,True,True,True,True,True,True,False,False,26.791250316502335,noise,88.33523969283463,False,False,False,False,,Food Products,Dairy Products,82.4435318275154,True,True,,,,,20
HNDFDS.NS,2026-09-16,606.4500122070312,623.1625061035156,610.5569474962023,597.4510034179688,541.1903344726562,531.7630003356934,616.7740271177754,442.0,677.75,True,True,True,True,True,True,True,False,False,11.336515259068847,noise,85.65928777670837,False,False,False,False,,Diversified FMCG,Diversified FMCG,74.33264887063655,True,True,,,,,20
HITECHCORP.NS,2026-09-16,330.5,334.14637756347656,328.8280215793186,326.2897064208984,234.7739377339681,217.65058322906495,332.7202102321554,111.66765926887025,343.9762701616608,True,True,True,True,True,True,True,False,False,62.65942722824882,noise,59.992443504988316,False,True,False,False,,Industrial Products,Packaging,91.94045174537987,True,True,,,,,5
HOACFOODS.NS,2026-09-17,859.5999755859375,933.3583323160807,836.8875020345052,800.6090026855469,588.2833349609375,525.0187509155273,904.6909480652254,219.85000610351562,1010.0,True,True,True,True,True,True,True,False,False,254.4742167364691,red,101.21457489878543,False,False,False,False,,Food Products,Other Food Products,99.53798767967146,True,True,,,,,2
HONASA.NS,2026-09-16,469.29998779296875,471.81666056315106,469.7787780761719,466.99608642578124,388.8979174804688,360.6703616333008,470.3165442875642,246.8630140577539,506.64561650495574,True,True,True,True,True,True,True,False,False,57.61743214737096,noise,54.08025998967582,False,False,False,False,,Personal Products,Personal Care,91.11909650924025,True,True,,,,,20
IGPL.NS,2026-09-18,550.1500244140625,551.625,511.93055301242407,491.1148486328125,432.49245381673177,418.60963790893555,543.7432343994875,311.6019343179066,590.0,True,True,True,True,True,True,True,True,False,26.815531200878496,noise,58.72940272727129,False,False,False,False,,Chemicals & Petrochemicals,Commodity Chemicals,82.49486652977413,True,True,,,,,20
IL&FSENGG.NS,2026-09-16,39.93000030517578,36.99499988555908,36.08194425370958,34.026399841308596,29.267600008646646,28.46910002708435,37.88932169652588,21.0,40.04999923706055,True,True,True,True,True,True,True,True,False,27.612653042016767,noise,90.14181645337706,False,False,True,False,,Construction,Civil Construction,82.90554414784394,True,True,,,,,5
IMPEXFERRO.NS,2026-09-16,5.380000114440918,4.862499992052714,3.8780555526415506,3.4400000095367433,2.385600005785624,2.2377000045776367,4.963680099064373,1.2999999523162842,5.380000114440918,True,True,True,True,True,True,True,True,False,166.3366418435941,ppv,136.81927606127795,False,False,True,False,,Ferrous Metals,Ferro & Silica Manganese,98.76796714579056,True,True,,,,,2
INDSWFTLAB.NS,2026-09-16,363.8999938964844,375.0041681925456,319.0169457329644,295.2146017456055,199.37113362630208,174.94125015258788,373.2019347353963,87.1500015258789,404.0,True,True,True,True,True,True,True,False,False,244.40656945290468,red,129.47788163799373,False,False,False,False,,Pharmaceuticals & Biotechnology,Pharmaceuticals,99.435318275154,True,True,,,,,20
INDNIPPON.NS,2026-09-16,1240.5,1214.5250142415364,1153.0722215440537,1165.1439990234376,940.3954838053386,898.4152249145508,1247.2866304604993,675.0,1564.0,True,True,True,True,True,True,True,False,False,36.15271670341957,red,127.08598278470167,False,False,False,False,,Auto Components,Auto Components & Equipments,85.62628336755647,True,True,,,,,20
IBULLSLTD.NS,2026-09-17,29.649999618530273,26.43583329518636,26.978333314259846,27.807399940490722,20.93666660308838,19.312899975776674,27.163908330135634,8.899999618530273,32.5,True,True,True,True,True,True,True,True,False,66.01343004067586,green,249.71027917457155,False,False,False,False,,Commercial Services & Supplies,Diversified Commercial Services,92.60780287474333,True,True,,,,,5
INDOBORAX.NS,2026-09-18,472.6000061035156,493.00416564941406,464.2041659884983,450.03276794433594,330.10791015625,306.19785636901855,483.320319520878,206.5751418858148,542.7999877929688,True,True,True,True,True,True,True,False,False,115.45110748690574,dry,6.081387178776229,False,False,False,False,,Chemicals & Petrochemicals,Commodity Chemicals,96.91991786447639,True,True,,,,,20
ICIL.NS,2026-09-18,447.3500061035156,443.06250254313153,428.0447057088216,420.2659216308594,342.2608234659831,324.37652770996095,440.22025300445756,216.04358355223812,474.6499938964844,True,True,True,True,True,True,True,True,False,50.1482044613138,noise,27.36635633370737,False,False,False,False,,Textiles & Apparels,Other Textile Products,89.68172484599589,True,True,,,,,20
INNOVACAP.NS,2026-09-18,1179.800048828125,1157.5250040690105,1067.977776421441,1042.3589990234375,881.7643314615885,836.5480941772461,1148.0162203264692,622.0,1236.0999755859375,True,True,True,True,True,True,True,True,False,36.971188979746316,noise,41.06991770651731,False,False,False,False,,Pharmaceuticals & Biotechnology,Pharmaceuticals,86.0369609856263,True,True,,,,,20
INOXINDIA.NS,2026-09-18,2098.800048828125,2167.9750061035156,2035.3666585286458,2017.03599609375,1647.7336482747396,1517.351142578125,2124.8959607549896,1066.9168905614442,2339.5,True,True,True,True,True,True,True,False,False,74.92084068852196,noise,66.91191148606417,False,False,False,False,,Industrial Products,Other Industrial Products,94.25051334702259,True,True,,,,,20
IOLCP.NS,2026-09-18,203.14999389648438,200.37249755859375,179.67194408840604,172.61279968261718,126.47066650390624,114.20072925567626,196.9071149406658,67.07081715721031,219.0399932861328,True,True,True,True,True,True,True,True,False,73.24679953489894,green,111.79795672082157,False,False,False,False,,Pharmaceuticals & Biotechnology,Pharmaceuticals,94.04517453798768,True,True,,,,,20
IPCALAB.NS,2026-09-17,1970.300048828125,1960.7583312988281,1876.161882188585,1857.50748046875,1654.828868001302,1603.350055541992,1957.4154361478538,1247.2697331943216,2014.0,True,True,True,True,True,True,True,True,False,50.75414910901988,ppv,130.7134707737911,False,False,False,False,,Pharmaceuticals & Biotechnology,Pharmaceuticals,90.09240246406571,True,True,,,,,20
IRISDOREME.NS,2026-09-16,58.18000030517578,60.28166675567627,57.16527769300673,54.0042000579834,41.35940003712972,39.586749982833865,59.94018469381268,26.350000381469727,65.0,True,True,True,True,True,True,True,False,False,83.41740720240595,noise,66.13067254926672,False,False,False,False,,Textiles & Apparels,Garments & Apparels,94.91786447638604,True,True,1229.16,6.55,1014241.0,0.5329,20
IVP.NS,2026-09-17,214.7100067138672,212.6616668701172,188.69027667575412,179.53579803466798,157.96878641764323,154.62212684631348,211.2194694867919,108.90937920381369,222.0,True,True,True,True,True,True,True,True,False,30.748892169971654,green,130.70215373839957,False,False,False,False,,Chemicals & Petrochemicals,Specialty Chemicals,83.88090349075975,True,True,222.06,0.56,25850.0,0.2503,5
JGCHEM.NS,2026-09-16,582.9000244140625,601.4541676839193,585.6902779473198,552.1940014648437,443.5553344726562,419.4625006103516,593.9068676989264,298.3999938964844,675.0,True,True,True,True,True,True,True,False,False,23.613623052405064,noise,37.917947078616706,False,False,False,False,,Chemicals & Petrochemicals,Commodity Chemicals,81.26283367556468,True,True,2399.75,34.99,571387.0,1.4581,20
JINDALSAW.NS,2026-09-18,289.5,304.6083348592122,286.8055551317003,279.9310003662109,240.08801696777343,222.5470755004883,298.94128634680874,151.60325107352764,320.0,True,True,True,True,True,True,True,False,False,38.67161652911215,noise,89.2661311781055,False,False,False,False,,Industrial Products,Iron & Steel Products,86.70431211498973,True,True,18459.13,61.42,2121648.0,0.3327,20
JSWINFRA.NS,2026-09-18,348.25,335.53333282470703,335.6125013563368,334.90200073242187,295.2512163289388,288.68010780334475,335.9057023565518,232.71809982894663,356.95001220703125,True,True,True,True,True,True,True,True,False,6.591492356702466,ppv,742.3973920407932,True,False,False,False,,Transport Infrastructure,Port & Port services,70.17453798767967,True,True,80625.51,145.71,4183930.0,0.1807,20
JTLIND.NS,2026-09-18,87.66999816894531,88.03914260864258,82.11765649583604,80.00673889160156,71.77010416666667,69.9602398109436,86.97049626270892,40.19384819281051,93.86886160930845,True,True,True,True,True,True,True,True,False,12.352805040675419,noise,97.22923329090337,False,False,False,False,,Industrial Products,Iron & Steel Products,75.15400410677618,True,True,3446.15,28.92,3298421.0,0.8391,20
KPRMILL.NS,2026-09-16,1121.4000244140625,1147.7666727701824,1113.9805535210503,1109.6227954101562,1005.8167976888021,984.845419921875,1133.1124317263484,794.3546009216013,1331.0754095910231,True,True,True,True,True,True,True,False,False,7.6410985767227935,noise,57.25852248854589,False,False,False,False,,Textiles & Apparels,Other Textile Products,70.94455852156058,True,True,39095.52,62.79,550132.0,0.1606,20
KABRAEXTRU.NS,2026-09-18,681.5999755859375,653.75,565.3194452921549,506.1829992675781,328.216799621582,301.39909957885743,654.4755092897933,180.0,741.9000244140625,True,True,True,True,True,True,True,True,False,144.73966807394524,noise,58.874327628460335,False,False,False,False,,Industrial Manufacturing,Industrial Products,98.40862422997947,True,True,2383.75,22.87,335497.0,0.9593,10
KPIL.NS,2026-09-18,1445.5,1415.4333190917969,1375.5499911838108,1357.8179931640625,1266.8783463541668,1234.915220336914,1414.3047204465615,999.0966928066694,1468.0,True,True,True,True,True,True,True,True,False,13.479685889874382,green,102.82593592847063,False,False,True,False,,Construction,Civil Construction,76.33470225872689,True,True,24685.17,32.77,226714.0,0.1328,20
KSL.NS,2026-09-18,955.0499877929688,941.4875030517578,893.3597242567274,896.0770849609376,809.1191044108073,786.3725042724609,942.1794513726022,567.4828239516848,992.5999755859375,True,True,True,True,True,True,True,True,False,17.78553804201819,noise,79.86465126306345,False,False,False,False,,Industrial Products,Iron & Steel Products,78.08008213552361,True,True,4179.24,7.81,81778.0,0.1869,20
KAMDHENU.NS,2026-09-16,38.83000183105469,38.625834147135414,36.03416665395101,35.28239994049072,27.87200002034505,26.78305004119873,38.60497110839371,16.149999618530273,40.95000076293945,True,True,True,True,True,True,True,True,False,32.80334904355398,green,131.657891042992,False,False,False,False,,Industrial Products,Iron & Steel Products,84.5482546201232,True,True,1157.13,3.3,804715.0,0.2855,5
KANORICHEM.NS,2026-09-16,186.97000122070312,165.2324981689453,156.72111002604166,153.42039916992186,109.60426653544108,100.57184999465943,170.34960572557347,56.0,187.02000427246094,True,True,True,True,True,True,True,True,False,126.54792679774718,ppv,473.01269340895686,True,False,True,False,,Industrial Manufacturing,Industrial Products,97.27926078028747,True,True,804.44,0.94,50973.0,0.1167,5
KANPRPLA.NS,2026-09-16,265.8500061035156,254.0416692097982,244.64475038316516,233.11762420654296,205.05246602376303,199.87241401672364,256.59806567884715,150.37373809003816,283.1400146484375,True,True,True,True,True,True,True,True,False,15.442369776252685,noise,42.52767066739621,False,False,False,False,,Industrial Products,Packaging,77.25872689938397,True,True,602.43,1.26,51398.0,0.21,20
KAPSTON.NS,2026-09-16,577.1500244140625,576.3708343505859,541.6152818467882,509.22800415039063,391.3098899332682,376.39941696166994,571.237483227512,238.91000366210938,600.0,True,True,True,True,True,True,True,True,False,140.25893825710355,noise,54.29515247087784,False,False,False,False,,Commercial Services & Supplies,Diversified Commercial Services,98.25462012320328,True,True,1778.15,4.02,68750.0,0.2259,20
KTKBANK.NS,2026-09-16,318.20001220703125,325.5437545776367,313.74196963840063,302.2169805908203,261.858915608724,245.00787872314453,322.5205663563687,167.3874286313754,340.5841746417806,True,True,True,True,True,True,True,False,False,83.19054374419612,noise,74.25820787641777,False,False,False,False,,Banks,Private Sector Bank,94.8665297741273,True,True,11867.33,77.72,2476666.0,0.6549,20
KARURVYSYA.NS,2026-09-16,334.79998779296875,339.8874994913737,339.4611112806532,333.1381201171875,305.8889914957682,296.37815460205076,336.3839281281971,203.21947309421242,358.6499938964844,True,True,True,True,True,True,True,False,False,59.46117028613755,ppv,60.53128948367137,False,True,False,False,,Banks,Private Sector Bank,91.32443531827515,True,True,32107.85,116.57,3509626.0,0.3631,20
KDDL.NS,2026-09-16,3819.0,3883.1556599934897,3794.733683268229,3622.6042333984374,2906.421853841146,2763.709870605469,3868.323686321561,1986.0118447969367,4147.172141618966,True,True,True,True,True,True,True,False,False,64.00982467942191,noise,64.005863743767,False,False,False,False,,Consumer Durables,"Gems, Jewellery And Watches",92.1971252566735,True,True,4745.55,17.82,46174.0,0.3754,20
KESORAMIND.NS,2026-09-18,11.9399995803833,11.65916665395101,11.878611167271933,11.720000038146972,10.895133352279663,10.648950002193452,11.886494486165546,4.550000190734863,14.260000228881836,True,True,True,True,True,True,True,True,False,108.37695533400611,noise,97.74795054366177,False,False,False,False,,Cement & Cement Products,Cement & Cement Products,96.71457905544148,True,True,370.93,0.44,371167.0,0.1195,5
KHAITANLTD.NS,2026-09-16,149.3699951171875,157.4941660563151,149.03500048319498,143.55420028686524,126.24259999593099,119.40375003814697,156.81242954785353,85.0,178.0,True,True,True,True,True,True,True,False,False,24.433517142589658,noise,51.88550906023834,False,False,False,False,,Consumer Durables,Consumer Electronics,81.62217659137578,True,True,76.38,0.09,6013.0,0.1198,20
KINGFA.NS,2026-09-17,5855.5,6010.291666666667,5813.430555555556,5608.42,5029.8906656901045,4819.359508056641,5978.532254808249,3649.89990234375,6347.0,True,True,True,True,True,True,True,False,False,30.656459130797064,noise,58.70059850620765,False,True,False,False,,Industrial Products,Plastic Products - Industrial,83.77823408624229,True,True,7897.74,8.11,13924.0,0.1027,20
KMEW.NS,2026-09-17,2828.10009765625,2913.9916788736978,2764.427781846788,2674.0680029296873,2129.659328613281,2033.208745727539,2849.251024002651,1084.5999755859375,3175.0,True,True,True,True,True,True,True,False,False,132.3542735841213,noise,60.30322844099102,False,False,False,False,,Engineering Services,Dredging,97.79260780287474,True,True,7319.13,34.03,117937.0,0.465,20
KODYTECH.NS,2026-09-16,1420.0,1501.4791564941406,1437.2666592068142,1378.7889916992187,1020.8076631673177,988.7399975585937,1469.2991675648077,556.0499877929688,1596.0,True,True,True,True,True,True,True,False,False,97.96459280156138,noise,36.378015025701856,False,False,False,False,,IT - Software,Computers - Software & Consulting,96.14989733059548,True,True,5074.18,7.92,22306.0,0.1561,5
KOPRAN.NS,2026-09-17,268.5899963378906,240.75249608357748,208.36421076456705,205.4547802734375,171.70824422200522,163.06945735931396,244.05323109498937,105.19368133041839,274.7799987792969,True,True,True,True,True,True,True,True,False,54.815001923499416,ppv,335.3324390687484,True,True,True,False,,Pharmaceuticals & Biotechnology,Pharmaceuticals,90.55441478439425,True,True,1341.53,21.37,769941.0,1.5932,20
KRISHANA.NS,2026-09-16,183.6699981689453,183.52333196004233,186.48138851589627,175.34059936523437,139.30961720784506,129.7109154510498,182.92432410136246,86.13667447448749,206.38999938964844,True,True,True,True,True,True,True,True,False,65.24770103900701,noise,99.68589750799607,False,False,False,False,,Fertilizers & Agrochemicals,Fertilizers,92.35112936344969,True,True,5561.08,25.11,1395966.0,0.4516,20
KIMS.NS,2026-09-17,791.8499755859375,767.6874949137369,784.1888868543837,788.1379992675782,744.7030008951823,717.0277499389648,771.7407472071934,575.7999877929688,858.0,True,True,True,True,True,True,True,True,False,6.581864536705839,ppv,196.8837534479022,False,False,False,False,,Healthcare Services,Hospital,70.12320328542094,True,True,33029.01,45.89,566595.0,0.1389,20
KRN.NS,2026-09-18,1446.199951171875,1544.2166646321614,1452.6361083984375,1392.6239990234376,1192.0243322753906,1071.9907485961915,1504.2787133623774,589.7999877929688,1687.0,True,True,True,True,True,True,True,False,False,65.89618023193289,green,127.65203085115073,False,False,False,False,,Industrial Products,Other Industrial Products,92.5564681724846,True,True,9466.61,24.14,166893.0,0.255,5
LAURUSLABS.NS,2026-09-18,1954.0,1916.875,1867.3027784559463,1793.49400390625,1406.476114095052,1313.3704565429687,1926.92351613692,821.6033975811163,1982.0,True,True,True,True,True,True,True,True,False,118.978613044214,green,101.23563003770926,False,False,False,False,,Pharmaceuticals & Biotechnology,Pharmaceuticals,97.07392197125256,True,True,105577.01,517.55,2648652.0,0.4902,No Band
THELEELA.NS,2026-09-17,530.0,546.3250020345052,529.2805582682291,517.6070025634766,461.376001180013,451.23400100708005,538.2537162585594,384.5,582.8499755859375,True,True,True,True,True,True,True,False,False,26.2957244628808,dry,14.826213291773763,False,False,False,False,,Leisure Services,Hotels & Resorts,82.23819301848049,True,True,18052.09,28.75,531921.0,0.1593,10
LMW.NS,2026-09-16,17617.0,18315.25,18099.25,17519.55134765625,15719.989537760417,15499.584340820313,18033.983830258272,11893.875786654997,20151.0,True,True,True,True,True,True,True,False,False,23.08766370782336,green,122.80900329862234,False,False,False,False,,Industrial Manufacturing,Industrial Products,81.00616016427105,True,True,18971.94,9.52,5363.0,0.0502,20
LOKESHMACH.NS,2026-09-16,348.25,350.76666768391925,338.375001695421,336.82900085449216,271.205200398763,245.3742003631592,345.95192448379566,138.9600067138672,385.79998779296875,True,True,True,True,True,True,True,True,False,78.17856507422782,ppv,148.8183563503566,False,False,False,False,,Industrial Manufacturing,Industrial Products,94.50718685831622,True,True,751.55,1.2,34913.0,0.1602,20
LUMAXTECH.NS,2026-09-16,1941.800048828125,1977.4083353678386,1900.8912048339844,1779.2931298828125,1678.9495776367187,1636.0081732177734,1972.5595224853255,1078.495096947302,2148.699951171875,True,True,True,True,True,True,True,False,False,76.50725869824333,noise,39.9154957459449,False,False,False,False,,Auto Components,Auto Components & Equipments,94.30184804928132,True,True,14331.52,51.06,242818.0,0.3563,20
LUMAXIND.NS,2026-09-16,5760.5,6109.916666666667,5853.3129475911455,5670.5101953125,5469.000091145834,5430.916318359375,5968.636845590194,4022.4774288239955,6868.719019600016,True,True,True,True,True,True,True,False,False,38.663054709329536,noise,56.89058403972717,False,False,False,False,,Auto Components,Auto Components & Equipments,86.652977412731,True,True,5469.36,10.51,17955.0,0.1921,20
MBAPL.NS,2026-09-18,159.82000732421875,161.25666681925455,162.87972259521484,157.1774005126953,121.96895721435547,112.25573432922363,160.6356131624909,74.56403046577304,174.94000244140625,True,True,True,True,True,True,True,False,False,85.69932951922077,noise,65.74753140530471,False,False,False,False,,Fertilizers & Agrochemicals,Fertilizers,95.12320328542094,True,True,7002.27,20.55,1285709.0,0.2935,20
MMFL.NS,2026-09-16,606.9500122070312,629.5791575113932,617.2930501302084,593.2379956054688,499.8614284261068,471.60315353393554,621.7466319113148,285.5132388663281,687.9500122070312,True,True,True,True,True,True,True,False,False,86.26794342170614,noise,62.28392434139485,False,False,False,False,,Auto Components,Auto Components & Equipments,95.17453798767967,True,True,3034.74,10.53,167474.0,0.3469,20
MACPOWER.NS,2026-09-18,2104.5,1891.8399454752605,1811.543694390191,1678.7288427734375,1261.6290254720052,1181.3704760742187,1915.2654252289417,760.3935313115157,2149.0,True,True,True,True,True,True,True,True,False,130.78878266263268,ppv,454.5828217645177,True,False,True,False,,Industrial Manufacturing,Industrial Products,97.68993839835728,True,True,2105.38,12.68,60261.0,0.6024,20
MADHUSUDAN.NS,2026-09-16,239.5,234.09999974568686,229.551389058431,232.84200012207032,182.21500010172525,169.00024990081786,235.17459291539564,108.5999984741211,260.0,True,True,True,True,True,True,True,True,False,62.15301621429745,noise,41.695621959694236,False,True,False,False,,Food Products,Other Food Products,91.83778234086243,True,True,209.04,1.1,67606.0,0.5241,5
MAHSEAMLES.NS,2026-09-17,720.2000122070312,695.2875061035156,634.4844801161024,617.2252722167968,602.0590970865885,584.9563821411133,698.4385271071661,493.1502386104819,738.5999755859375,True,True,True,True,True,True,True,True,False,15.837740575644933,green,168.5043865430164,False,False,False,False,,Industrial Products,Iron & Steel Products,77.51540041067761,True,True,9615.12,18.31,255217.0,0.1905,20
MAHASTEEL.NS,2026-09-16,1265.0999755859375,1309.2416585286458,1157.7874925401475,1063.4859924316406,925.0453316243489,900.522748413086,1287.2293419403013,381.25,1421.0,True,True,True,True,True,True,True,False,False,225.67896404433122,noise,46.360665994647015,False,True,False,False,,Industrial Products,Iron & Steel Products,99.33264887063655,True,True,1876.64,1.5,13134.0,0.0799,5
MAHICKRA.NS,2026-09-16,305.95001220703125,297.43750254313153,282.45694563123914,273.80900146484373,239.12906677246093,218.19700263977052,299.5932677135692,130.91812553661782,308.79998779296875,True,True,True,True,True,True,True,True,False,97.51055263383162,dry,0.0,False,False,True,False,,Chemicals & Petrochemicals,Dyes And Pigments,96.04722792607802,True,True,106.41,0.12,10602.0,0.1085,20
MANINDS.NS,2026-09-18,851.5499877929688,824.7749989827474,702.330556233724,655.5439990234376,547.4036653645834,505.65999908447264,820.2064887768748,302.04998779296875,944.0,True,True,True,True,True,True,True,True,False,97.69007261589525,green,110.22889167071908,False,False,False,False,,Industrial Products,Iron & Steel Products,96.09856262833677,True,True,6387.44,74.1,870127.0,1.16,20
MANAKSTEEL.NS,2026-09-16,106.41999816894531,108.64750099182129,91.0233334435357,86.62080017089843,71.45713350931804,69.44605007171631,108.08574538052095,45.11000061035156,120.76000213623047,True,True,True,True,True,True,True,False,False,73.0969404055306,noise,58.582395863700384,False,False,False,False,,Ferrous Metals,Iron & Steel,93.99383983572895,True,True,705.02,1.15,106455.0,0.1624,5
MANALIPETC.NS,2026-09-16,82.37000274658203,85.44750150044759,74.9336117638482,71.93480041503906,61.353733393351234,60.953500003814696,83.52328829712845,39.130001068115234,93.0,True,True,True,True,True,True,True,False,False,19.584793889483866,noise,53.82805323138491,False,True,False,False,,Chemicals & Petrochemicals,Petrochemicals,79.10677618069816,True,True,1426.22,31.27,3771674.0,2.1928,20
MANGLMCEM.NS,2026-09-16,988.7999877929688,1056.437484741211,988.864734225803,983.7732983398438,903.7062259928385,867.0596740722656,1030.655250341975,678.2213010338754,1120.0,True,True,True,True,True,True,True,False,False,36.37804209422741,noise,37.32208987702711,False,False,False,False,,Cement & Cement Products,Cement & Cement Products,85.83162217659137,True,True,2834.42,12.92,125380.0,0.456,20
MWL.NS,2026-09-18,42.52000045776367,39.56666692097982,40.09583314259847,39.05647964477539,34.38125996907552,32.60665043830872,40.21743240430122,19.98028894668577,48.0,True,True,True,True,True,True,True,True,False,74.26520123566982,ppv,188.57487659692364,False,False,False,False,,Metals & Minerals Trading,Trading - Metals,94.14784394250513,True,True,1262.87,5.64,1326759.0,0.4467,20
MANORAMA.NS,2026-09-16,1916.4000244140625,1994.1992594401042,1839.4766337076824,1772.8410620117188,1540.4352482096353,1485.3692596435546,1995.0333888501082,1060.1930872125888,2148.6752714346185,True,True,True,True,True,True,True,False,False,36.98718315088472,noise,51.33562359143139,False,False,False,False,,Food Products,Other Food Products,86.08829568788501,True,True,12415.54,85.41,434230.0,0.6879,20
MARALOVER.NS,2026-09-16,59.41999816894531,59.960000356038414,56.822777854071724,56.37680015563965,51.2895999399821,49.256799964904786,60.52869564845964,34.11000061035156,68.88999938964844,True,True,True,True,True,True,True,False,False,21.563005054239646,red,118.54723086930434,False,False,False,False,,Textiles & Apparels,Other Textile Products,80.23613963039014,True,True,246.39,0.13,22049.0,0.0531,20
MARINE.NS,2026-09-16,373.29998779296875,414.9008534749349,369.107184516059,337.44153381347655,258.46197926839193,243.74154525756836,401.4308985954806,150.74930410802895,449.66979114957604,True,True,True,True,True,True,True,False,False,88.27442677686838,red,117.56112303891042,False,False,False,False,,Industrial Manufacturing,Industrial Products,95.32854209445586,True,True,5306.69,38.64,1018954.0,0.7281,20
MARKSANS.NS,2026-09-18,320.1499938964844,326.53333282470703,312.29305945502387,297.7956848144531,236.7513803100586,222.153321685791,322.99936414118196,154.57339337516265,349.95001220703125,True,True,True,True,True,True,True,False,False,79.98181940303924,noise,28.039716062879773,False,False,False,False,,Pharmaceuticals & Biotechnology,Pharmaceuticals,94.60985626283367,True,True,14508.04,102.29,3195149.0,0.7051,20
MAWANASUG.NS,2026-09-16,125.16000366210938,139.0341657002767,129.92972140842014,125.03679962158203,104.20522201538085,98.17895771026612,135.17203564881785,72.43959449258234,164.0,True,True,True,True,True,True,True,False,False,39.47109206944168,noise,81.55658622861372,False,False,False,False,,Agricultural Food & other Products,Sugar,86.96098562628337,True,True,501.52,3.75,292252.0,0.7471,20
MENONBE.NS,2026-09-16,297.1499938964844,301.31749725341797,264.13499959309894,244.34778259277343,170.5978705851237,156.16315647125245,298.1782602153059,100.57782056732867,324.0,True,True,True,True,True,True,True,False,False,126.59401331241233,noise,56.72420993716696,False,True,False,False,,Auto Components,Auto Components & Equipments,97.3305954825462,True,True,1775.63,2.96,93439.0,0.1667,5
METROPOLIS.NS,2026-09-17,586.2999877929688,585.9291687011719,574.0375027126736,573.1480017089843,522.9790248616537,511.72618194580076,583.5780056492986,411.4375158286193,609.0499877929688,True,True,True,True,True,True,True,True,False,14.840956638655832,noise,49.64613845257732,False,False,False,False,,Healthcare Services,Healthcare Service Provider,76.95071868583162,True,True,12394.33,16.54,276815.0,0.1334,20
MITCON.NS,2026-09-16,80.26000213623047,79.84583346048991,78.16305541992188,77.09239974975586,73.30579999287923,71.2109999847412,80.00766093502489,49.560001373291016,91.69999694824219,True,True,True,True,True,True,True,True,False,23.68624270481028,noise,86.90241578075702,False,False,False,False,,Commercial Services & Supplies,Consulting Services,81.36550308008214,True,True,139.36,0.03,3871.0,0.0222,20
MMP.NS,2026-09-16,456.3500061035156,430.7113901774089,373.9854210747613,348.22466430664065,284.6822370402018,276.4919409942627,442.2389085999376,184.26453135354302,498.0,True,True,True,True,True,True,True,True,False,65.34491812131652,noise,59.188552692835216,False,False,False,False,,Non - Ferrous Metals,Aluminium,92.40246406570843,True,True,1185.92,4.26,91325.0,0.3595,20
MODISONLTD.NS,2026-09-16,455.04998779296875,487.92083231608075,384.6277779473199,358.09165954589844,248.6372895304362,223.25654930114746,476.47510312375346,112.84731995786822,546.0,True,True,True,True,True,True,True,False,False,190.19923432643319,noise,49.97448969082654,False,False,False,False,,Electrical Equipment,Other Electrical Equipment,99.07597535934292,True,True,1484.91,6.47,141297.0,0.4354,5
MOREPENLAB.NS,2026-09-18,120.9000015258789,115.90913836161296,96.48497708638509,85.573423538208,58.10339075724284,53.36847368240356,114.94090841102144,32.995170514607494,123.44999694824219,True,True,True,True,True,True,True,True,False,124.30245392746441,noise,72.98300891982326,False,False,True,False,,Pharmaceuticals & Biotechnology,Pharmaceuticals,97.22792607802874,True,True,6624.76,254.37,21039480.0,3.8396,10
MPSLTD.NS,2026-09-16,2610.199951171875,2645.883341471354,2737.5583224826387,2604.7439965820313,1995.4146614583333,1981.080494995117,2638.8237718567634,1336.0999755859375,2979.0,True,True,True,True,True,True,True,False,False,19.755910911302223,dry,17.987122622934532,False,False,False,False,,Printing & Publication,Printing & Publication,79.2094455852156,True,True,4527.88,18.21,68277.0,0.4022,20
MSTCLTD.NS,2026-09-16,695.449951171875,731.4803314208984,669.0656246609158,655.7889282226563,538.1176373291015,520.5310536193848,721.5126565789451,357.9805560549056,795.731978165477,True,True,True,True,True,True,True,False,False,32.707785758885045,noise,65.5426879249904,False,False,False,False,,Commercial Services & Supplies,Trading & Distributors,84.49691991786447,True,True,5097.31,34.38,474804.0,0.6744,10
MTARTECH.NS,2026-09-18,7202.0,7227.625,6991.736111111111,6693.69,6055.6300016276045,5207.931500244141,7142.258776511799,1752.5999755859375,8714.0,True,True,True,True,True,True,True,True,False,306.3645997618792,noise,57.43991223631066,False,False,False,False,,Electrical Equipment,Other Electrical Equipment,99.64065708418892,True,True,22153.06,171.39,237978.0,0.7737,5
MCX.NS,2026-09-18,3260.0,3270.8749796549478,3073.2520412868926,2990.6633642578126,2843.630126953125,2695.528076171875,3255.513932475631,1532.8441284104038,3471.4939344339746,True,True,True,True,True,True,True,True,False,106.35144957575586,green,100.82892216386936,False,False,False,False,,Capital Markets,Exchange and Data Platform,96.66324435318275,True,True,82971.59,801.06,2457239.0,0.9655,No Band
NAHARINDUS.NS,2026-09-16,127.30000305175781,134.24833488464355,127.51111221313477,124.50040084838867,112.99480010986328,111.14770015716553,132.18973453829858,83.05000305175781,154.0,True,True,True,True,True,True,True,False,False,12.505524821086823,noise,79.8770444031061,False,False,False,False,,Textiles & Apparels,Other Textile Products,75.30800821355236,True,True,567.25,0.48,36772.0,0.0851,20
NAVINFLUOR.NS,2026-09-18,8590.0,8529.208333333334,8330.680555555555,8138.1,7226.94318359375,6918.317546386719,8449.95682221082,4488.291781017636,8949.5,True,True,True,True,True,True,True,True,False,73.26498591262707,ppv,137.73175428683447,False,False,False,False,,Chemicals & Petrochemicals,Specialty Chemicals,94.0965092402464,True,True,44073.67,166.25,193534.0,0.3772,20
NAZARA.NS,2026-09-17,362.54998779296875,366.6583251953125,357.4944424099392,342.9779974365234,294.4977321370443,286.14479888916014,363.871649239464,215.6999969482422,380.0,True,True,True,True,True,True,True,False,False,32.305445075541385,noise,52.59091944318591,False,False,False,False,,Entertainment,Digital Entertainment,84.34291581108829,True,True,14208.75,85.67,2319375.0,0.6029,20
NELCO.NS,2026-09-17,965.25,941.5749969482422,959.6374952528212,945.5699975585937,776.1845912679037,758.1192713928223,945.0475438460132,499.3681252958441,1120.0,True,True,True,True,True,True,True,True,False,14.006921880959776,noise,45.5166036148869,False,False,False,False,,IT - Hardware,Computers Hardware & Equipments,76.59137577002053,True,True,2308.88,55.14,544925.0,2.3881,20
NEOGEN.NS,2026-09-18,2488.39990234375,2298.491658528646,2202.3948601616753,2181.1182861328125,1811.1769791666666,1653.5944277954102,2339.4616877668263,966.2326038611084,2498.199951171875,True,True,True,True,True,True,True,True,False,58.45237098628555,green,173.13106824919467,False,False,True,False,,Chemicals & Petrochemicals,Specialty Chemicals,91.27310061601642,True,True,7475.76,45.02,180919.0,0.6022,20
NEULANDLAB.NS,2026-09-16,22625.0,23140.416666666668,22484.333333333332,21471.3821484375,17327.717688802084,16673.356704101563,23109.58617075973,11478.786028437366,24225.0,True,True,True,True,True,True,True,False,False,39.737460284928595,noise,75.8760822632094,False,False,False,False,,Pharmaceuticals & Biotechnology,Pharmaceuticals,87.11498973305955,True,True,29303.47,146.23,64024.0,0.499,20
NILKAMAL.NS,2026-09-16,1920.5,2052.4500020345054,1946.9388970269097,1811.119013671875,1453.2672469075521,1434.2546282958983,2030.8321269055148,1034.4655321576956,2149.5,True,True,True,True,True,True,True,False,False,26.55861850660255,noise,26.359537234410514,False,False,False,False,,Consumer Durables,Plastic Products - Consumer,82.28952772073922,True,True,2826.02,22.89,121297.0,0.8101,20
NITINSPIN.NS,2026-09-16,628.0,636.6888376871744,592.5246276855469,578.7567456054687,491.3344885253906,448.7502293395996,635.8046773225715,300.8041771483202,665.0,True,True,True,True,True,True,True,False,False,90.37845322983588,noise,59.70354257733136,False,False,False,False,,Textiles & Apparels,Other Textile Products,95.53388090349077,True,True,3481.14,10.86,175374.0,0.3119,20
NITIRAJ.NS,2026-09-16,230.02000427246094,220.90083440144858,212.08916685316296,210.21900024414063,203.708000386556,199.18360023498536,224.26504638392453,168.0,241.0,True,True,True,True,True,True,True,True,False,7.263192378677585,noise,75.80247795194059,False,False,False,False,,Consumer Durables,Consumer Electronics,70.68788501026694,True,True,237.83,0.11,4797.0,0.0468,20
NORTHARC.NS,2026-09-17,310.54998779296875,304.3041687011719,292.82361178927954,296.50300048828126,275.23673370361325,271.0236505126953,302.85975540891707,206.0,334.0,True,True,True,True,True,True,True,True,False,17.94978074148359,green,144.78722948365566,False,False,False,False,,Finance,Non Banking Financial Company (NBFC),78.18275154004107,True,True,5073.94,43.48,1386622.0,0.857,20
NRBBEARING.NS,2026-09-16,471.29998779296875,480.3666687011719,467.334723578559,452.19900085449217,365.79526967366536,340.64225357055665,486.2533241283384,211.10343900049978,519.0,True,True,True,True,True,True,True,False,False,71.8516825455608,red,113.54917397403351,False,False,False,False,,Auto Components,Auto Components & Equipments,93.78850102669405,True,True,5093.28,33.34,634439.0,0.6546,20
NRL.NS,2026-09-16,133.97999572753906,128.82333374023438,119.4977781507704,115.54280014038086,78.72406682332357,73.06840007781983,130.69120603314536,45.099998474121094,139.0,True,True,True,True,True,True,True,True,False,86.3421319668759,noise,87.01260365100481,False,False,False,False,,Metals & Minerals Trading,Trading - Metals,95.2258726899384,True,True,992.31,1.38,96010.0,0.139,5
OCCLLTD.NS,2026-09-17,154.64999389648438,160.1541659037272,159.94497383965387,153.58830780029297,119.32294754028321,113.32007865905761,157.1749291468817,74.8847757046385,181.03500175688677,True,True,True,True,True,True,True,False,False,14.659994042515345,noise,70.18661039342848,False,False,False,False,,Chemicals & Petrochemicals,Commodity Chemicals,76.84804928131416,True,True,769.69,1.08,69908.0,0.14,5
OMAXE.NS,2026-09-16,115.06999969482422,125.44666798909505,106.44194497002496,102.20460037231446,85.82006703694661,82.94140026092529,121.30288711704246,62.5,138.88999938964844,True,True,True,True,True,True,True,False,False,29.64172704526604,dry,17.378723633451468,False,False,False,False,,Realty,"Residential, Commercial Projects",83.47022587268994,True,True,2154.45,49.52,4221396.0,2.2986,10
ONDOOR.NS,2026-09-16,280.45001220703125,290.42916615804035,271.42222128974066,255.83699951171874,194.66499959309897,175.8222497558594,286.4929278254991,100.0,340.0,True,True,True,True,True,True,True,False,False,68.69173666588347,ppv,78.38133430550492,False,False,False,False,,Retailing,Diversified Retail,93.06981519507187,True,True,270.79,0.72,14954.0,0.2647,20
ONEPOINT.NS,2026-09-16,56.279998779296875,56.2508331934611,56.807499991522896,56.211599884033205,54.41846674601237,54.1251501083374,56.55823455970586,40.58000183105469,65.8499984741211,True,True,True,True,True,True,True,False,False,27.359132220657155,red,166.55959103767128,False,False,False,False,,Commercial Services & Supplies,Business Process Outsourcing (BPO)/ Knowledge Process Outsourcing (KPO),82.75154004106776,True,True,1568.15,6.09,1021343.0,0.3884,20
OLIL.NS,2026-09-16,430.79998779296875,424.20416259765625,416.8916659884983,418.5869995117188,387.79866678873697,368.0299998474121,426.85240806157844,246.0,479.8999938964844,True,True,True,True,True,True,True,True,False,67.10628711857464,red,238.2241472658365,False,False,False,False,,Transport Services,Logistics Solution Provider,92.76180698151951,True,True,61.23,0.12,13618.0,0.199,20
OFSS.NS,2026-09-18,11896.0,11795.333333333334,11788.527777777777,11668.8,9569.307535807291,9051.267158203125,11772.444376035357,6060.863819699785,12540.0,True,True,True,True,True,True,True,True,False,35.43895259243512,noise,53.63998153016971,False,False,False,False,,IT - Software,Software Products,85.52361396303901,True,True,103594.09,371.95,312664.0,0.359,No Band
ORIENTBELL.NS,2026-09-16,384.20001220703125,404.9916712443034,365.79305860731336,352.2214288330078,320.9674560546875,309.91202056884765,397.9706753513014,245.77001941542372,434.95001220703125,True,True,True,True,True,True,True,False,False,24.469349037239674,red,146.4828479280688,False,False,False,False,,Consumer Durables,Ceramics,81.67351129363449,True,True,578.49,1.05,26670.0,0.1813,20
PAISALO.NS,2026-09-18,89.51000213623047,81.64006169637044,73.14076487223308,72.75352920532227,55.60151590983073,50.49768251419067,83.2610037866989,29.963878249866504,92.75,True,True,True,True,True,True,True,True,False,118.23656891652976,ppv,175.83002279756127,False,True,True,False,,Finance,Non Banking Financial Company (NBFC),97.02258726899385,True,True,8182.55,141.3,15786392.0,1.7269,20
PANACHE.NS,2026-09-16,520.0,523.1708323160807,501.0833324856228,482.335,392.10666646321613,375.1832498931885,522.8098327438634,237.6999969482422,559.4000244140625,True,True,True,True,True,True,True,False,False,91.31715355192962,noise,62.826251786182965,False,True,False,False,,IT - Services,IT Enabled Services,95.68788501026694,True,True,836.25,0.65,12407.0,0.0775,2
PARAS.NS,2026-09-17,1370.9000244140625,1421.3583374023438,1392.1717766655815,1340.8288720703124,1013.8087137858073,927.2462454223632,1400.9300039642196,580.1009628646058,1583.9105379095645,True,True,True,True,True,True,True,False,False,83.43825790045891,noise,83.67885428105672,False,False,False,False,,Aerospace & Defense,Aerospace & Defense,94.96919917864476,True,True,11062.22,269.45,1962933.0,2.4358,10
PASUPTAC.NS,2026-09-17,70.30999755859375,67.68333435058594,63.47555605570475,62.21820037841797,57.285266672770184,55.532149925231934,67.82388756314042,40.40999984741211,78.94999694824219,True,True,True,True,True,True,True,True,False,50.29927189675429,ppv,262.9286604349201,False,True,False,False,,Chemicals & Petrochemicals,Petrochemicals,89.78439425051334,True,True,623.75,0.59,83608.0,0.0938,20
PGIL.NS,2026-09-17,1143.0999755859375,1162.558329264323,1157.388888888889,1115.6620007324218,911.1763850911458,880.6742407226562,1163.1436390275844,594.6745299041222,1269.800048828125,True,True,True,True,True,True,True,False,False,70.17142759531066,red,121.4160160749281,False,False,False,False,,Textiles & Apparels,Garments & Apparels,93.53182751540041,True,True,10587.8,39.29,342856.0,0.3711,20
PCCL.NS,2026-09-17,439.6499938964844,430.8875020345052,359.272223578559,330.9510012817383,280.49533416748045,262.9140005493164,428.6234397849265,168.39999389648438,451.04998779296875,True,True,True,True,True,True,True,True,False,141.49958062428016,noise,86.60752006759611,False,False,False,False,,Minerals & Mining,Industrial Minerals,98.30595482546201,True,True,770.02,0.55,17533.0,0.071,20
PITTIENG.NS,2026-09-16,1101.4000244140625,1125.9565124511719,1050.5247378879124,1019.3872985839844,940.4893542480469,904.8361468505859,1128.171684071051,673.5594125870612,1225.3791940785206,True,True,True,True,True,True,True,False,False,23.19366616869003,noise,97.02633290652426,False,False,False,False,,Industrial Manufacturing,Industrial Products,81.1088295687885,True,True,4230.67,13.7,119493.0,0.3237,20
PLAZACABLE.NS,2026-09-18,61.060001373291016,61.05916659037272,53.97361130184598,50.85280014038086,45.19960010528565,43.887600049972534,60.699193544792735,27.0,66.0,True,True,True,True,True,True,True,True,False,9.21123509199453,noise,90.04640327765684,False,True,False,False,,Industrial Products,Cables - Electricals,72.48459958932239,True,True,267.15,0.42,68073.0,0.1556,5
PONNIERODE.NS,2026-09-16,359.54998779296875,379.0124994913737,361.02083163791235,349.63699829101563,310.4518837483724,299.18487060546875,371.5440022710226,248.27783069557003,455.0,True,True,True,True,True,True,True,False,False,23.967986875216486,noise,41.114443091158805,False,False,False,False,,Agricultural Food & other Products,Sugar,81.51950718685832,True,True,306.62,1.59,44709.0,0.52,20
PRECWIRE.NS,2026-09-18,478.3999938964844,464.4333318074544,445.9500003390842,424.59007446289064,387.8062487792969,350.6112936401367,460.7397177491862,178.7895557859583,524.9000244140625,True,True,True,True,True,True,True,True,False,163.41003868425804,green,225.69609940854022,False,False,False,False,,Industrial Products,"Aluminium, Copper & Zinc Products",98.66529774127311,True,True,8745.53,33.49,699962.0,0.3829,20
PREMEXPLN.NS,2026-09-16,667.8499755859375,667.0541585286459,662.9263882107205,665.6369982910156,599.8383308919271,576.7677499389648,667.4777810991435,378.3999938964844,829.7999877929688,True,True,True,True,True,True,True,True,False,19.391106181181605,noise,53.49358659919916,False,False,False,False,,Chemicals & Petrochemicals,Explosives,78.90143737166323,True,True,3594.13,34.98,523443.0,0.9732,20
PREMIERPOL.NS,2026-09-18,81.43000030517578,87.16128794352214,83.38133769565158,80.56881454467774,65.03682642618816,60.173342628479006,84.9473694718661,37.93100838755093,98.6206235969704,True,True,True,True,True,True,True,False,False,70.55844937000144,dry,19.63181472266182,False,False,False,False,,Industrial Products,Plastic Products - Industrial,93.58316221765914,True,True,852.92,4.42,542650.0,0.5181,20
PRICOLLTD.NS,2026-09-18,767.5,758.3583323160807,765.9902801513672,727.4949987792969,626.1269980875651,623.4369993591308,758.4649165053299,498.2068341942702,823.0,True,True,True,True,True,True,True,True,False,46.04747815975383,noise,53.290348522176245,False,False,False,False,,Auto Components,Auto Components & Equipments,88.50102669404517,True,True,9354.4,42.38,552161.0,0.453,20
PFOCUS.NS,2026-09-16,320.45001220703125,306.78333282470703,295.1830537584093,290.5623986816406,278.3946659342448,265.24724945068357,310.9374488196603,161.00999450683594,367.0,True,True,True,True,True,True,True,True,False,67.51176533976889,ppv,241.6787889809567,False,False,False,False,,Entertainment,Media & Entertainment,92.81314168377823,True,True,26817.08,32.44,941977.0,0.121,20
PRIZOR.NS,2026-09-17,1129.449951171875,1186.2208353678386,1013.772220187717,962.1299987792969,708.3879994710286,601.4432495880127,1164.5226949047683,216.64999389648438,1248.8499755859375,True,True,True,True,True,True,True,False,False,245.50320350557263,noise,61.09481915933529,False,False,False,False,,Industrial Manufacturing,Industrial Products,99.48665297741273,True,True,194.79,0.28,15266.0,0.1428,2
PRUDENT.NS,2026-09-18,3501.60009765625,3335.7666829427085,3351.277791341146,3236.165625,2840.7636865234376,2761.1171716308595,3364.0503784301454,2118.407683707669,4105.5,True,True,True,True,True,True,True,True,False,17.06574160388563,green,136.36177019247603,False,False,False,False,,Capital Markets,Financial Products Distributor,77.72073921971253,True,True,14498.96,12.83,36648.0,0.0885,20
PVP.NS,2026-09-18,59.279998779296875,63.62750053405762,49.04916678534614,43.24240005493164,33.69799994150797,33.48489992141724,61.796471783931445,23.0,71.9000015258789,True,True,True,True,True,True,True,False,False,98.19458068110265,noise,27.058578703330006,False,False,False,False,,Realty,"Residential, Commercial Projects",96.25256673511294,True,True,1543.67,10.72,1807955.0,0.6943,5
PVRINOX.NS,2026-09-18,1324.699951171875,1233.3499857584636,1206.1361083984375,1161.2399963378907,1048.5483353678385,1042.3447525024415,1250.4672113594956,907.4000244140625,1339.800048828125,True,True,True,True,True,True,True,True,False,17.458759870452646,green,179.73919719927136,False,False,True,False,,Entertainment,"Film Production, Distribution & Exhibition",77.97741273100615,True,True,13008.55,64.61,487702.0,0.4966,20
QMSMEDI.NS,2026-09-16,164.2899932861328,158.52333450317383,138.60138999091254,130.2142007446289,101.86260030110677,98.8902001953125,158.00645402805986,68.94999694824219,167.0,True,True,True,True,True,True,True,True,False,80.38431717081554,noise,91.96065655550154,False,False,False,False,,Healthcare Equipment & Supplies,Medical Equipment & Supplies,94.71252566735113,True,True,342.97,0.5,28203.0,0.1458,5
QUADFUTURE.NS,2026-09-18,528.2000122070312,463.2541681925456,408.05833435058594,402.4520007324219,353.7663330078125,341.4732499694824,480.1497203274991,248.5500030517578,554.4000244140625,True,True,True,True,True,True,True,True,False,20.883395686178584,green,113.58077266284316,False,False,True,False,,Industrial Products,Cables - Electricals,79.87679671457906,True,True,2112.8,65.44,1238853.0,3.0971,20
QPOWER.NS,2026-09-18,1536.0999755859375,1462.4999898274739,1341.1746181911892,1284.95125,1142.6479825846354,1037.262963256836,1457.0526802586219,580.8863637342646,1570.0,True,True,True,True,True,True,True,True,False,55.37245644548645,green,126.80527941887327,False,False,True,False,,Electrical Equipment,Heavy Electrical Equipment,90.60574948665298,True,True,11896.19,32.19,209576.0,0.2706,5
QUESS.NS,2026-09-17,353.0,351.7708333333333,342.9246546427409,329.035673828125,249.02008982340496,236.79891044616699,349.81242676661554,162.53922482226787,388.75,True,True,True,True,True,True,True,True,False,34.13323193708238,noise,32.87836338465438,False,False,False,False,,Commercial Services & Supplies,Diversified Commercial Services,85.01026694045176,True,True,5253.16,32.51,924540.0,0.6189,20
RACLGEAR.NS,2026-09-18,1760.9000244140625,1681.816650390625,1521.0083312988281,1465.0419970703124,1365.5010123697916,1288.8238833618163,1720.680663593261,899.2103719531061,1927.699951171875,True,True,True,True,True,True,True,True,False,89.56198928947236,noise,63.226809208787586,False,False,False,False,,Auto Components,Auto Components & Equipments,95.48254620123203,True,True,2079.43,11.53,65457.0,0.5543,20
RPEL.NS,2026-09-18,1652.4000244140625,1720.5833231608074,1570.0472208658855,1490.7359985351563,1071.7356905110678,1021.4551806640625,1685.3364844186112,560.8282002900473,1943.699951171875,True,True,True,True,True,True,True,False,False,141.83520874593262,noise,75.5570520726783,False,True,False,False,,Industrial Products,Electrodes & Refractories,98.35728952772074,True,True,7588.14,16.49,99769.0,0.2173,20
RATNAVEER.NS,2026-09-18,299.25,296.80416615804035,261.45004102918836,238.8836297607422,187.47754272460938,178.80535697937012,294.72098031450787,130.5,331.95001220703125,True,True,True,True,True,True,True,True,False,104.14080597302653,red,121.3485503420886,False,False,False,False,,Industrial Products,Iron & Steel Products,96.5605749486653,True,True,2511.5,196.97,6582185.0,7.8428,20
ROLEXRINGS.NS,2026-09-16,168.52999877929688,173.7508316040039,167.77249908447266,161.70359954833984,145.61940038045248,140.08875030517578,172.38715678411137,99.79000091552734,189.39999389648438,True,True,True,True,True,True,True,False,False,20.318405059551424,noise,23.845145790215334,False,False,False,False,,Auto Components,Auto Components & Equipments,79.5687885010267,True,True,4514.23,55.82,3244086.0,1.2366,20
RUBYMILLS.NS,2026-09-16,459.6000061035156,435.35686747233075,397.8497823079427,396.7767321777344,297.4793928019206,275.78526481628415,439.87520394426025,168.1055909008604,496.35008137501956,True,True,True,True,True,True,True,True,False,102.93355545274245,ppv,356.1786647637395,True,False,False,False,,Textiles & Apparels,Other Textile Products,96.45790554414785,True,True,1561.98,1.05,22452.0,0.0671,20
SALSTEEL.NS,2026-09-16,74.62000274658203,78.70250066121419,70.88722218407526,66.76319984436036,56.839199956258135,52.652449989318846,76.3387962217297,26.100000381469727,86.25,True,True,True,True,True,True,True,False,False,146.92258253495982,green,123.77407462407106,False,False,False,False,,Ferrous Metals,Sponge Iron,98.51129363449692,True,True,1190.85,3.08,373859.0,0.2582,5
SEAMECLTD.NS,2026-09-16,1701.5999755859375,1750.3666687011719,1619.3544616699219,1559.9208740234376,1498.1900512695313,1394.2283801269532,1740.80490928011,770.8415212003184,1849.0,True,True,True,True,True,True,True,False,False,83.01610841606495,noise,89.85306711737731,False,False,False,False,,Transport Services,Shipping,94.81519507186859,True,True,4404.48,14.33,83007.0,0.3253,20
SHEETAL.NS,2026-09-16,357.5,346.6125005086263,330.78333367241754,320.52600036621095,282.20100036621096,255.5462503051758,349.0200323362836,121.0,361.0,True,True,True,True,True,True,True,True,False,193.0857743418723,noise,86.07198748043818,False,False,True,False,,Agricultural Food & other Products,Other Agricultural Products,99.17864476386036,True,True,67.53,0.05,7734.0,0.0675,20
SSWL.NS,2026-09-18,372.3999938964844,363.7124989827474,327.40277777777777,312.54940002441407,245.71540028889973,234.16510040283202,358.0655762267228,169.0,384.1499938964844,True,True,True,True,True,True,True,True,False,53.01034501048194,noise,90.60622782098154,False,False,False,False,,Auto Components,Auto Components & Equipments,90.34907597535934,True,True,5856.55,62.37,1674686.0,1.0649,20
STLTECH.NS,2026-09-18,818.7999877929688,825.4541727701823,707.3180592854818,659.0300030517578,463.5153332519531,374.1437997817993,822.5219595177155,84.5999984741211,912.0,True,True,True,True,True,True,True,False,False,564.6643165563866,noise,86.99147968698362,False,False,False,False,,Telecom -  Equipment & Accessories,Telecom -  Equipment & Accessories,99.94866529774127,True,True,42091.02,164.66,2010984.0,0.3912,5
STAR.NS,2026-09-17,1200.199951171875,1153.4500020345051,1049.1499989827473,1049.1962280273438,1025.806658935547,991.1506723022461,1159.5820053028872,765.0675335548549,1225.262710817159,True,True,True,True,True,True,True,True,False,36.21236467394742,noise,55.974431701442626,False,False,False,False,,Pharmaceuticals & Biotechnology,Pharmaceuticals,85.6776180698152,True,True,11243.23,41.14,337249.0,0.3659,20
SUPREMEENG.NS,2026-09-16,3.450000047683716,3.128333350022634,2.616111112965478,2.375,1.513799999554952,1.457449999153614,3.1940201194629845,0.6800000071525574,3.450000047683716,True,True,True,True,True,True,True,True,False,238.23530511735106,ppv,163.99448803441686,False,False,True,False,,Industrial Products,Iron & Steel Products,99.38398357289527,True,True,89.48,0.11,299601.0,0.1199,2
SPLPETRO.NS,2026-09-18,865.7000122070312,797.9791615804037,737.6416676839193,734.5242626953125,711.9465783691406,683.621475982666,804.435867225674,457.2664603074991,965.127357372077,True,True,True,True,True,True,True,True,False,9.025199746400636,ppv,438.9911448243456,True,False,True,False,,Chemicals & Petrochemicals,Petrochemicals,72.27926078028747,True,True,16278.74,20.36,235152.0,0.1251,20
TEXINFRA.NS,2026-09-16,116.25,115.33886082967122,112.58641560872395,112.86109436035156,103.06297368367512,102.4020970916748,115.1081088520175,82.39240445413874,121.80000305175781,True,True,True,True,True,True,True,True,False,22.54111452425276,green,107.45114249113712,False,False,False,False,,Commercial Services & Supplies,Diversified Commercial Services,80.85215605749487,True,True,1446.8,2.06,181458.0,0.1424,20
THEJO.NS,2026-09-16,2156.800048828125,2136.1166788736978,2097.589830186632,2038.4329443359375,1802.4212426757813,1780.079086303711,2149.30078381987,1440.1922305183673,2281.202323145146,True,True,True,True,True,True,True,True,False,13.170879996249084,noise,48.760703944801534,False,False,False,False,,Industrial Manufacturing,Industrial Products,75.92402464065708,True,True,2386.11,2.14,9722.0,0.0896,20
TI.NS,2026-09-18,568.7000122070312,533.7064412434896,537.57654232449,511.95918640136716,465.21558146158856,458.97476989746093,538.8228278252179,380.8184953584051,593.4101250631628,True,True,True,True,True,True,True,True,False,21.936136642665048,ppv,183.00128249999682,False,False,False,False,,Beverages,Breweries & Distilleries,80.49281314168378,True,True,14097.95,45.75,804380.0,0.3245,20
TFCILTD.NS,2026-09-18,139.6199951171875,141.27249908447266,130.01128705342612,117.96989974975585,87.55402516682943,81.98177528381348,139.9736677368993,50.73462828916926,147.64999389648438,True,True,True,True,True,True,True,False,False,92.8948298208023,ppv,85.55459755175943,False,True,False,False,,Finance,Financial Institution,95.7905544147844,True,True,6464.09,169.18,12117076.0,2.6172,20
UYFINCORP.NS,2026-09-17,19.280000686645508,19.554999828338623,19.870000044504803,19.16219997406006,15.805133349100748,15.341950006484986,19.500477600483055,11.5,22.34000015258789,True,True,True,True,True,True,True,False,False,46.615979056586184,dry,4.652796164323466,False,True,False,False,,Finance,Non Banking Financial Company (NBFC),88.7063655030801,True,True,366.97,0.66,344186.0,0.1809,5
WABAG.NS,2026-09-18,2132.60009765625,2108.1583251953125,2030.633324517144,2031.5872021484374,1677.6781819661458,1564.8940313720702,2113.8669050888884,1030.4859602847353,2319.0,True,True,True,True,True,True,True,True,False,39.41587135498159,noise,77.54524892937765,False,False,False,False,,Other Utilities,Water Supply & Management,86.85831622176592,True,True,13326.95,176.02,825391.0,1.3208,20
VIVO.NS,2026-09-16,151.0500030517578,152.0416692097982,138.6625001695421,121.57199966430665,91.34566650390624,87.62949981689454,151.6307439558329,64.0,164.0,True,True,True,True,True,True,True,False,False,136.01562976837158,dry,0.0,False,False,False,False,,Telecom - Services,Other Telecom Services,97.94661190965093,True,True,16.32,0.02,2036.0,0.101,5
VOLTAMP.NS,2026-09-16,10513.0,10976.958333333334,10463.583333333334,10143.83234375,9614.761494140625,9098.410437011718,10891.53747765254,6594.353209382375,12724.746990128295,True,True,True,True,True,True,True,False,False,46.57227222985243,noise,59.471744301342554,False,False,False,False,,Electrical Equipment,Heavy Electrical Equipment,88.60369609856262,True,True,11006.41,47.77,43906.0,0.434,20
WELCORP.NS,2026-09-18,2660.10009765625,2593.86669921875,2232.938900417752,2065.916013183594,1455.6376009114583,1287.966594848633,2549.311070490939,707.6502693631002,2784.800048828125,True,True,True,True,True,True,True,True,False,198.05493575345773,green,232.28877991751725,False,False,False,False,,Industrial Products,Iron & Steel Products,99.28131416837782,True,True,70147.88,489.33,1839526.0,0.6976,20
WELENT.NS,2026-09-16,768.0,763.0833282470703,656.2874976264106,644.3049975585938,550.5177252197266,536.0418727111817,758.7225761274294,409.9812045484441,825.0,True,True,True,True,True,True,True,True,False,57.3298820461505,noise,93.14571259096441,False,False,False,False,,Construction,Civil Construction,91.06776180698152,True,True,11165.76,47.76,580094.0,0.4278,20
WELINV.NS,2026-09-16,2230.5,2254.6250203450522,2052.416676839193,1990.8400073242187,1682.6646704101563,1587.4300018310546,2261.941631829226,980.3499755859375,2367.10009765625,True,True,True,True,True,True,True,False,False,123.05000000000001,dry,2.3192934699682013,False,False,False,False,,Finance,Investment Company,97.1252566735113,True,True,850.64,0.59,2528.0,0.0689,2
WELSPUNLIV.NS,2026-09-18,214.66000366210938,207.01666514078775,185.18472162882486,179.48099945068358,150.1488607788086,145.48404350280762,206.02253654980356,107.03568289025932,216.0,True,True,True,True,True,True,True,True,False,67.72528166915053,noise,60.388092155062566,False,False,True,False,,Textiles & Apparels,Other Textile Products,92.86447638603697,True,True,20351.06,112.63,5246936.0,0.5534,20
WSTCSTPAPR.NS,2026-09-17,716.4500122070312,687.5791625976562,631.6107347276476,606.0403796386719,514.2789190673828,488.36654525756836,695.11155801833,373.1221844471916,743.0,True,True,True,True,True,True,True,True,False,47.265709193583305,noise,92.47904995612532,False,False,True,False,,"Paper, Forest & Jute Products",Paper & Paper Products,88.9630390143737,True,True,5074.54,22.03,286748.0,0.4341,20
ZYDUSLIFE.NS,2026-09-18,1160.0,1129.2000020345051,1136.3916659884983,1134.1279125976562,1033.8036861165365,1001.6326705932618,1131.5280047330723,834.749872350541,1205.0,True,True,True,True,True,True,True,True,False,10.802352535131776,ppv,204.0662145951535,False,False,False,False,,Pharmaceuticals & Biotechnology,Pharmaceuticals,73.71663244353182,True,True,115710.44,158.94,1370158.0,0.1374,No Band
RAMRAT.NS,2026-09-16,527.2999877929688,540.7875061035156,496.9361122979058,474.25506469726565,405.4556368001302,379.38631454467776,531.3253898115695,267.5020158929635,602.0,True,True,True,True,True,True,True,False,False,40.899107132736745,noise,36.0053592119084,False,False,False,False,BSE,Electrical Equipment,Other Electrical Equipment,87.42299794661191,True,True,5178.54,16.98,306126.0,0.3279,20
SWANDEF.NS,2026-09-16,2698.199951171875,2549.050008138021,2486.862501356337,2430.927998046875,2107.6380013020835,1974.4850036621094,2590.6642060783215,549.8499755859375,2770.0,True,True,True,True,True,True,True,True,False,390.71566263080905,noise,70.15219714874976,False,False,False,False,BSE,Industrial Manufacturing,Ship Building & Allied Services,99.7946611909651,True,True,14468.63,5.78,21050.0,0.04,5
TBZ.NS,2026-09-16,546.9000244140625,472.1930389404297,337.99619589911566,313.1002572631836,205.56835388183595,195.18486305236817,487.4640771495841,110.1931743402339,572.9500122070312,True,True,True,True,True,True,True,True,False,194.46854966743996,noise,46.28209204181416,False,False,True,False,BSE,Consumer Durables,"Gems, Jewellery And Watches",99.2299794661191,True,True,4027.53,171.67,2844403.0,4.2625,5
TAALTECH.NS,2026-09-16,5133.10009765625,4736.42919921875,4395.1514078776045,4261.898017578125,3456.1290022786457,3327.0327526855467,4878.5225662133735,2610.0,5554.9501953125,True,True,True,True,True,True,True,True,False,68.58578610545756,green,140.11344719156546,False,False,False,False,BSE,Transport Services,Airline,93.01848049281314,True,True,,5.83,10768.0,,20
TALBROAUTO.NS,2026-09-16,418.75,416.8871256510417,415.8991978963216,411.73816284179685,342.24754486083987,324.5049700164795,418.50430773751333,219.71186943973441,450.4093168423085,True,True,True,True,True,True,True,True,False,41.135937762606176,red,108.94735319920177,False,False,False,False,BSE,Auto Components,Auto Components & Equipments,87.52566735112937,True,True,2942.58,14.39,301929.0,0.4891,20
TAMBOLIIN.NS,2026-09-16,283.25,275.8624979654948,246.83957799275717,238.84332946777343,191.0110469563802,180.91137260437011,282.34782560352915,127.00327548220845,319.5,True,True,True,True,True,True,True,True,False,83.54134044280129,dry,2.0846164779457057,False,False,False,False,BSE,Finance,Holding Company,95.02053388090349,True,True,,0.38,12697.0,,5
