symbol,date,close,MA12,MA36,MA50,MA150,MA200,EMA10,52w_low,52w_high,cond1_price_above_150_200,cond2_ma150_above_ma200,cond3_ma200_trending_up_1m,cond4_ma50_above_150_200,cond5_price_above_ma50,cond6_30pct_above_52w_low,cond7_within_25pct_52w_high,cond9_price_above_ema10,fresh_ma12_cross_today,12m_return_pct,volume_signal,relative_volume,bull_snort,inside_bar,is_52w_high,is_52w_low,data_source,name,industry_group,industry
JALAN.NS,2026-09-18,1.7000000476837158,1.7958333094914753,1.7652777665191226,1.7599999928474426,2.037333339055379,2.37125,1.7822049931187929,1.5,5.050000190734863,False,False,False,False,False,False,False,False,False,-59.03614437066172,dry,16.778523489932887,False,False,False,False,,Jalan Transol.,Transport Services,Logistics Solution Provider
PERFECT.NS,2026-09-18,8.100000381469727,8.100000381469727,8.100000381469727,8.100000381469727,8.100000381469727,8.100000381469727,8.100000381469728,8.100000381469727,8.100000381469727,False,False,False,False,False,False,True,False,False,0.0,dry,,False,False,True,True,,Perfect Infraeng,Electrical Equipment,Other Electrical Equipment
WINNY.NS,2026-09-18,32.45000076293945,30.366666793823242,31.31111086739434,32.44799961090088,40.92733320871989,47.52724995613098,30.65615056953619,29.450000762939453,79.69999694824219,False,False,False,False,True,False,False,True,False,-58.3974349193084,noise,62.11180124223602,False,False,False,False,,Winny Immigratio,Leisure Services,"Tour, Travel Related Services"
RITEZONE.NS,2026-09-18,21.450000762939453,20.96666685740153,19.22083330154419,20.08099983215332,19.68033317565918,20.116999874114992,21.086271548543714,13.800000190734863,36.54999923706055,True,False,False,False,True,True,False,True,False,-15.882349949257046,dry,0.0,False,False,False,False,,Rite Zone,Chemicals & Petrochemicals,Specialty Chemicals
PLADAINFO.NS,2026-09-18,13.050000190734863,11.420833587646484,10.419444455040825,10.643999938964845,10.972333329518635,12.000000014305115,11.70290760607741,9.050000190734863,20.299999237060547,True,False,False,False,True,True,False,True,False,-34.749999046325684,dry,0.0,False,False,False,False,,Plada Infotech S,Commercial Services & Supplies,Business Process Outsourcing (BPO)/ Knowledge Process Outsourcing (KPO)
INDIFRA.NS,2026-09-18,12.25,12.800000349680582,12.194444444444445,12.13199993133545,12.865999952952068,13.470749945640565,12.677962767339302,11.399999618530273,18.850000381469727,False,False,False,False,True,False,False,False,False,-35.01326391461392,dry,0.0,False,False,False,False,,Indifra Ltd,Gas,Gas Transmission/Marketing
VERITAAS.NS,2026-09-18,26.5,28.5666667620341,31.516666412353516,33.123999786376956,43.181999842325844,46.627749881744386,28.01655340981462,26.399999618530273,74.9000015258789,False,False,False,False,False,False,False,False,False,-61.05804730112283,dry,0.0,False,False,False,True,,Veritaas Adver.,Media,Advertising & Media Agencies
ISHAN.NS,2026-09-18,0.5,0.5125000029802322,0.4902777754598194,0.49299999833106994,0.5939999989668528,0.632749999165535,0.5076678462761831,0.44999998807907104,0.949999988079071,False,False,False,False,True,False,False,False,False,-44.44444297272479,dry,0.0,False,False,False,False,,Ishan Internat.,Industrial Manufacturing,Industrial Products
DHTL.NS,2026-09-18,27.950000762939453,32.329166412353516,32.83194457160102,34.06800003051758,40.28999977111816,47.51899946212769,31.436475401892707,27.950000762939453,125.19999694824219,False,False,False,False,False,False,False,False,False,-32.650600571230235,red,307.69230769230774,False,False,False,True,,Docmode Health,Other Consumer Services,E-Learning
SAROJA.NS,2026-09-18,41.349998474121094,39.82499980926514,35.55972221162584,34.092000045776366,33.13433319091797,34.269999961853024,39.945662486006526,28.0,48.0,True,False,False,False,True,True,True,True,False,-12.11477333765747,dry,0.0,False,False,False,False,,Saroja Pharma In,Chemicals & Petrochemicals,Specialty Chemicals
SHANTHALA.NS,2026-09-18,15.699999809265137,16.458333333333332,16.94166660308838,18.067000007629396,23.833000017801922,25.586750001907347,16.28893474331863,14.100000381469727,42.099998474121094,False,False,False,False,False,False,False,False,False,-62.70783758123901,noise,48.309178743961354,False,False,False,False,,Shanthala FMCG,Cigarettes & Tobacco Products,Cigarettes & Tobacco Products
CBAZAAR.NS,2026-09-18,4.699999809265137,4.524999976158142,5.0361111296547785,5.401999998092651,4.939666657447815,4.70549998998642,4.590514908414829,3.049999952316284,6.550000190734863,False,True,False,True,False,True,False,True,False,9.302316297384028,dry,0.0,False,False,False,False,,Net Avenue,Retailing,E-Retail/ E-Commerce
MAKS.NS,2026-09-18,14.350000381469727,14.77916693687439,15.515277915530735,16.602000007629396,23.118666559855143,24.887249822616578,14.79322969690423,12.649999618530273,36.0,False,False,False,False,False,False,False,False,False,-54.51663794459512,dry,0.0,False,False,False,False,,Maks Energy,Industrial Products,"Compressors, Pumps & Diesel Engines"
QUADPRO.NS,2026-09-18,3.25,2.7583333452542624,2.519444511996375,2.486000075340271,2.2553333695729574,2.291000031232834,2.8766369173026005,1.850000023841858,3.450000047683716,True,False,False,True,True,True,True,True,False,-5.797102751288163,ppv,208.33333333333334,False,False,False,False,,Quadpro ITeS,IT - Services,IT Enabled Services
JIWANRAM.NS,2026-09-18,4.050000190734863,4.237500031789144,4.650000029140049,4.780000019073486,5.202000007629395,5.3552500128746034,4.209377315833297,4.0,8.199999809265137,False,False,False,False,False,False,False,False,False,-49.37499761581421,green,168.0672268907563,False,False,False,False,,Jiwanram Sheo,Industrial Products,Other Industrial Products
INSPIRE.NS,2026-09-18,9.0,8.77916669845581,8.844444460339016,8.777999973297119,9.741333354314168,10.070000021457671,8.96778435387697,6.800000190734863,18.149999618530273,False,False,False,False,True,True,False,True,False,-46.107786893203325,red,144.92753623188406,False,False,False,False,,Inspire Films,Entertainment,Media & Entertainment
SABAR.NS,2026-09-18,9.5,9.358333349227905,7.795833335982429,6.996999998092651,5.954666649500529,5.775499978065491,9.284285867532406,3.950000047683716,9.5,True,True,True,True,True,True,True,True,False,45.03816371544514,dry,0.0,False,False,True,False,,Sabar Flex India,Industrial Products,Packaging
AMIABLE.NS,2026-09-18,70.19999694824219,73.64999771118164,69.84166569179959,70.57699844360351,73.03899937947591,73.35949954986572,72.59948716109677,52.5,97.5,False,False,False,False,False,True,False,False,False,12.140572938293182,dry,0.0,False,False,False,False,,Amiable Logistic,Transport Services,Logistics Solution Provider
543521.BO,2026-09-18,4.510000228881836,4.510000228881836,4.793611168861389,4.924200105667114,6.941800130208334,7.55665014743805,4.519587106320777,3.819999933242798,11.199999809265137,False,False,False,False,False,False,False,False,False,-30.07751376359078,dry,0.0,False,False,False,False,,Fone4 Communica.,Retailing,E-Retail/ E-Commerce
MONOPHARMA.NS,2026-09-18,8.550000190734863,8.862499952316284,8.663888785574171,9.187999925613404,11.020666653315226,11.823999960422515,8.778392537352268,7.5,25.5,False,False,False,False,False,False,False,False,False,-64.95901506391142,dry,0.0,False,False,False,False,,Mono Pharmacare,Pharmaceuticals & Biotechnology,Pharmaceuticals
SMVD.NS,2026-09-18,15.350000381469727,16.65416669845581,15.911111248864067,15.466000156402588,12.527666695912679,11.388500056266786,16.314215084196807,5.599999904632568,17.049999237060547,True,True,True,True,False,True,True,False,False,119.28571973528182,dry,0.0,False,False,False,False,,SMVD Poly Pack,Industrial Products,Plastic Products - Industrial
CONTI.NS,2026-09-18,10.050000190734863,11.287499984105429,11.261111206478542,11.164000053405761,13.000000025431316,15.246250028610229,11.124767089590604,10.050000190734863,27.0,False,False,False,False,False,False,False,False,False,-62.2889293261119,noise,30.060120240480963,False,False,False,True,,Continental Seed,Commercial Services & Supplies,Trading & Distributors
QFIL.NS,2026-09-18,60.0,62.5,61.766666412353516,61.559999771118164,52.447333602905275,54.23175024032593,62.14643270993909,39.900001525878906,77.0,True,False,False,True,False,True,True,False,False,-14.28571428571429,dry,0.0,False,False,False,False,,Quality Foils,Industrial Products,Iron & Steel Products
SPRL.NS,2026-09-18,104.0,102.04166666666667,100.58165825737848,100.93583801269531,102.5210348002116,114.84410133361817,102.45975747639196,73.77317506839067,187.60169982910156,False,False,False,False,True,True,False,True,False,-7.873128856082179,dry,0.0,False,False,False,False,,SP Refractories,Industrial Products,Electrodes & Refractories
CMRSL.NS,2026-09-18,67.5,74.63750012715657,68.44551308949788,66.77120780944824,66.717195409139,67.76267744064332,73.94893138571464,50.948211669921875,93.9797784582361,False,False,False,False,True,True,False,False,False,-14.841074905041118,noise,42.3728813559322,False,False,False,False,,Cyber Media Res.,Media,Advertising & Media Agencies
NIDAN.NS,2026-09-18,13.399999618530273,13.650000015894571,13.501388920678032,13.45099998474121,14.337333335876465,15.327749991416932,13.542705269776704,11.5,24.899999618530273,False,False,False,False,False,False,False,False,False,-27.762802319911838,noise,66.3129973474801,False,False,False,False,,Nidan Laborator.,Healthcare Services,Healthcare Service Provider
RADIOWALLA.NS,2026-09-18,26.450000762939453,27.341667016347248,26.758333206176758,26.999999923706056,31.89699998219808,38.508499975204465,26.14683548808523,22.200000762939453,72.0,False,False,False,False,False,False,False,True,False,-56.639343011574674,noise,37.735849056603776,False,False,False,False,,Radiowalla,Entertainment,Media & Entertainment
MARINETRAN.NS,2026-09-18,14.550000190734863,15.77500033378601,15.82361133893331,15.353000087738037,16.32633337656657,17.274999995231628,15.493609954335474,13.300000190734863,28.200000762939453,False,False,False,False,False,False,False,False,False,-10.461537287785461,dry,0.0,False,False,False,False,,Marinetrans Indi,Transport Services,Logistics Solution Provider
YCCL.NS,2026-09-18,8.550000190734863,8.87083331743876,9.381944259007772,9.556999912261963,9.95099999109904,10.463749976158143,8.765434226044151,8.0,13.949999809265137,False,False,False,False,False,False,False,False,False,-33.46303551037754,noise,51.546391752577314,False,False,False,False,,Yasons Chemex,Chemicals & Petrochemicals,Dyes And Pigments
PRECISION.NS,2026-09-18,6.099999904632568,6.691666642824809,7.377777761883205,7.302999982833862,7.87900000890096,8.76675000667572,6.646460411184511,6.099999904632568,21.75,False,False,False,False,False,False,False,False,False,-71.22641657968137,noise,21.598272138228943,False,False,False,True,,Precision Metal.,Auto Components,Auto Components & Equipments
SHUBHLAXMI.NS,2026-09-18,18.399999618530273,18.32083336512248,18.851389090220135,19.701000175476075,23.390333455403646,26.14125002861023,18.363008194534753,13.75,40.0,False,False,False,False,False,True,False,True,False,20.26143391601172,dry,0.0,False,False,False,False,,Shubhlaxmi Jewel,Consumer Durables,"Gems, Jewellery And Watches"
TAPIFRUIT.NS,2026-09-18,44.25,48.399999936421715,49.827777756585014,49.55400009155274,53.85066663106283,57.43549991607666,47.905242738601245,44.25,104.80000305175781,False,False,False,False,False,False,False,False,False,-54.61538461538462,red,263.15789473684214,False,False,False,True,,Tapi Fruit,Food Products,Packaged Foods
TRIDHYA.NS,2026-09-18,7.0,7.18749996026357,8.327777783075968,8.937999973297119,9.759666646321614,11.021499991416931,7.2537270071089965,6.300000190734863,19.950000762939453,False,False,False,False,False,False,False,False,False,-57.05521271384831,red,166.66666666666669,False,False,False,False,,Tridhya Tech,Commercial Services & Supplies,Diversified Commercial Services
ASPIRE.NS,2026-09-18,12.449999809265137,13.137499968210856,13.854166640175713,13.860999965667725,14.148000017801921,14.827750010490417,13.006060376991737,10.199999809265137,26.299999237060547,False,False,False,False,False,False,False,False,False,-51.08055231418716,dry,14.97005988023952,False,False,False,False,,Aspire & Innovat,Consumer Durables,Household Appliances
AILIMITED.NS,2026-09-18,17.25,20.24583339691162,22.922916465335422,27.43649990081787,34.64216660817464,34.47437495231628,19.404724814872544,16.350000381469727,47.5,False,True,False,False,False,False,False,False,False,-57.823962453680345,red,170.94017094017093,False,False,False,False,,Abhishek Integr.,Construction,Civil Construction
VIVO.NS,2026-09-18,151.0500030517578,151.71250279744467,140.49027803209094,123.04599975585937,91.84599985758463,88.00924983978271,151.52515470054652,64.0,164.0,True,True,True,True,True,True,True,False,False,136.01562976837158,dry,0.0,False,False,False,False,,Vivo Collaborat.,Telecom - Services,Other Telecom Services
SATIPOLY.NS,2026-09-18,34.5,37.99166679382324,41.34305583106147,40.488000106811526,38.71733345031738,43.02100002288818,37.42752163379401,27.149999618530273,81.0,False,False,False,False,False,False,False,False,False,-52.050032712554724,dry,0.0,False,False,False,False,,Sati Poly,Industrial Products,Packaging
MANDEEP.NS,2026-09-18,17.799999237060547,17.420833428700764,18.358333375718857,18.74900001525879,19.5396667098999,20.259750061035156,17.46261374802685,16.149999618530273,30.700000762939453,False,False,False,False,False,False,False,True,False,-41.924960983363,dry,18.51851851851852,False,False,False,False,,Mandeep Auto,Auto Components,Auto Components & Equipments
TGL.NS,2026-09-18,15.25,17.137499968210857,17.858333349227905,18.867000026702883,25.553000062306722,35.63950003147125,16.478038751812054,14.100000381469727,83.8499984741211,False,False,False,False,False,False,False,False,False,-73.66148601363356,noise,32.73191761136835,False,False,False,False,,Teerth Gopicon,Construction,Civil Construction
VERTEXPLUS.NS,2026-09-18,69.3499984741211,61.42083263397217,52.301388846503365,51.13299980163574,68.892999903361,78.48199983596801,64.05675965295573,35.95000076293945,149.8000030517578,False,False,False,False,True,True,False,True,False,-49.98196788533754,dry,0.0,False,False,False,False,,Vertexplus Tech.,IT - Services,IT Enabled Services
GSTL.NS,2026-09-18,11.899999618530273,11.429166555404663,13.62499992052714,14.48799997329712,21.84633326848348,20.255749945640563,11.489904115813172,5.949999809265137,37.650001525878906,False,True,True,False,False,True,False,True,False,29.347824622192054,noise,37.878787878787875,False,False,False,False,,Globesecure Tech,IT - Services,IT Enabled Services
MICROPRO.NS,2026-09-18,18.350000381469727,18.93749984105428,18.729166507720947,18.974000015258788,19.217000064849852,19.375250039100646,18.740308606410352,15.149999618530273,25.399999618530273,False,False,False,False,False,False,False,False,False,-18.98454441271893,noise,60.24096385542169,False,False,False,False,,Micropro Softwar,IT - Software,Computers - Software & Consulting
JETKNIT.NS,2026-09-18,48.45000076293945,48.45000076293945,54.219444804721405,57.12500045776367,77.15866541544597,80.31299839019775,48.751619371494314,48.45000076293945,109.0,False,False,False,False,False,False,False,False,False,-55.550458015651884,dry,0.0,False,False,False,True,,Jet Knitwears,Textiles & Apparels,Garments & Apparels
AGARWALFT.NS,2026-09-18,26.0,27.750000476837158,33.08750009536743,34.95300022125244,33.68199998219808,34.60199994087219,27.59208534110836,21.850000381469727,68.0,False,False,False,True,False,False,False,False,False,-60.784315530569714,red,441.1764705882353,False,False,False,False,,Agarwal Float,Industrial Products,Glass - Industrial
YUDIZ.NS,2026-09-18,23.100000381469727,24.28749990463257,24.688888867696125,24.48900005340576,26.520666732788087,27.051500024795534,23.558145858737316,21.350000381469727,39.29999923706055,False,False,False,False,False,False,False,False,False,-26.43311891049329,noise,53.76344086021505,False,False,False,False,,Yudiz Solutions,IT - Software,Computers - Software & Consulting
NIRMAN.NS,2026-09-18,26.799999237060547,27.804166475931805,31.170833375718857,33.92099998474121,43.94166656494141,48.297999935150145,27.681727121247917,26.25,231.0,False,False,False,False,False,False,False,False,False,-83.68340990133301,dry,19.561815336463223,False,False,False,True,,Nirman Agri,Agricultural Food & other Products,Other Agricultural Products
KKVAPOW.NS,2026-09-18,364.0,365.1999994913737,409.5430552164714,437.83899780273435,552.6056644694011,573.3289990234375,366.3013604152025,350.3999938964844,693.0,False,False,False,False,False,False,False,False,False,-41.666666666666664,dry,0.0,False,False,False,False,,KKV Agro Powers,Consumer Durables,"Gems, Jewellery And Watches"
SECL.NS,2026-09-18,3.0,3.0,3.0,3.0,3.311000014940898,3.5480000054836274,3.000000406566956,3.0,5.900000095367432,False,False,False,False,False,False,False,False,False,-49.1525431947782,dry,,False,False,False,True,,Salasar Exterior,Construction,Civil Construction
QUICKTOUCH.NS,2026-09-18,17.0,16.670833110809326,18.430555396609837,19.726999855041505,25.208999926249188,28.14399990081787,16.9732398328735,14.699999809265137,51.0,False,False,False,False,False,False,False,True,False,-63.752666424499814,noise,34.96503496503497,False,False,False,False,,Quicktouch Tech,IT - Software,Computers - Software & Consulting
TIMESCAN.NS,2026-09-18,39.45000076293945,39.49583339691162,40.138888888888886,40.463999862670896,42.18566670735677,44.036250019073485,39.519248007548256,37.29999923706055,65.0,False,False,False,False,False,False,False,False,False,-36.113359088357164,noise,76.92307692307693,False,False,False,False,,Timescan Logist.,Transport Services,Logistics Solution Provider
SAIFL.NS,2026-09-18,4.400000095367432,4.587499976158142,4.8833333651224775,4.943000030517578,7.034333362579345,8.31775002002716,4.515617186052458,4.199999809265137,23.049999237060547,False,False,False,False,False,False,False,False,False,-80.91106186115196,noise,38.02969938428106,False,True,False,False,,Sameera Agro,Agricultural Food & other Products,Other Agricultural Products
UMA.NS,2026-09-18,17.5,17.374999682108562,16.187499867545235,16.20499990463257,17.7196666208903,18.196999950408937,17.219934948265372,14.399999618530273,24.5,False,False,False,False,True,False,False,True,False,-26.62473911909604,dry,0.0,False,False,False,False,,Uma Converter,Industrial Products,Packaging
CELLPOINT.NS,2026-09-18,14.649999618530273,15.216666539510092,16.158333195580376,16.514999904632568,15.890333302815755,16.058999962806702,15.095999920522626,11.699999809265137,21.100000381469727,False,False,False,True,False,False,False,False,False,-23.498694985067402,ppv,342.741935483871,True,False,False,False,,Cell Point,Retailing,Speciality Retail
MANAV.NS,2026-09-18,40.75,39.53333346048991,31.269444518619114,31.358999938964843,37.5113333384196,35.22425000190735,39.4533055318122,14.5,47.0,True,True,True,False,True,True,True,True,False,171.66666666666669,dry,0.0,False,False,False,False,,Manav Infra,Construction,Civil Construction
AGUL.NS,2026-09-18,45.75,46.187500635782875,51.78055614895291,53.13800048828125,62.31833376566569,63.4787502861023,46.291999168373415,43.650001525878906,86.0,False,False,False,False,False,False,False,False,False,-29.343629343629342,dry,0.0,False,False,False,True,,A G Universal,Industrial Products,Iron & Steel Products
MCON.NS,2026-09-18,40.04999923706055,41.90833346048991,43.52777788374159,43.666000061035156,45.73100001017253,49.43549997329712,41.50397956061602,37.29999923706055,81.5,False,False,False,False,False,False,False,False,False,-50.858896641643504,dry,0.0,False,True,False,False,,MCON Rasayan,Other Construction Materials,Other Construction Materials
BLUEPEBBLE.NS,2026-09-18,80.0,75.98333326975505,71.76249980926514,71.46799980163574,97.88499972025554,104.65399965286255,76.82079617774272,59.20000076293945,195.0,False,False,False,False,True,True,False,True,False,-56.498095347936086,dry,9.861932938856016,False,False,False,False,,Blue Pebble,Other Consumer Services,Other Consumer Services
MEDIORG.NS,2026-09-18,21.649999618530273,24.6875,24.990277608235676,24.725999908447264,24.761333325703937,24.854750013351442,23.793723853421167,19.100000381469727,38.0,False,False,False,False,False,False,False,False,False,-36.32353053373449,noise,21.09704641350211,False,False,False,False,,Medicamen Organ.,Pharmaceuticals & Biotechnology,Pharmaceuticals
PROLIFE.NS,2026-09-18,79.0,78.83333333333333,79.63888888888889,78.49900009155273,69.11800033569335,69.78675025939941,79.11153231053333,56.04999923706055,142.4499969482422,True,False,False,True,True,True,False,False,False,-35.9026369168357,dry,0.0,False,False,False,False,,Prolife Indust.,Chemicals & Petrochemicals,Dyes And Pigments
AUROIMPEX.NS,2026-09-18,33.75,28.112499872843426,26.46944448682997,26.205,28.649666659037273,30.877000045776366,28.85994614896171,21.25,53.95000076293945,True,False,False,False,True,True,False,True,False,-28.191489361702125,green,122.54901960784315,False,False,False,False,,Auro Impex,Industrial Products,Electrodes & Refractories
WALPAR.NS,2026-09-18,22.0,23.31666660308838,29.762499438391792,31.14599941253662,35.25466643015544,37.620500020980835,23.36222949945344,21.25,50.599998474121094,False,False,False,False,False,False,False,False,False,-44.99999999999999,red,833.3333333333334,False,False,False,True,,Walpar Nutrition,Pharmaceuticals & Biotechnology,Pharmaceuticals
FALCONTECH.NS,2026-09-18,13.050000190734863,12.47083322207133,12.406944380866157,12.058999977111817,13.00049071629842,13.587368030548095,12.545905286353687,9.934853553771973,22.200000762939453,False,False,False,False,True,True,False,True,False,-38.29787032572195,green,187.0748299319728,False,False,False,False,,Falcon,Commercial Services & Supplies,Diversified Commercial Services
AGNI.NS,2026-09-18,15.300000190734863,15.84166677792867,16.033333433998955,16.45500009536743,17.900999978383382,18.952000012397765,15.837281788741668,13.600000381469727,30.5,False,False,False,False,False,False,False,False,False,-45.648311196909056,noise,88.75739644970415,False,False,False,False,,Agni Green,Construction,Civil Construction
HRHNEXT.NS,2026-09-18,26.549999237060547,24.974999745686848,25.979166507720947,26.368999824523925,27.04166660308838,27.78449996948242,25.23887819433626,21.0,39.29999923706055,False,False,False,False,True,False,False,True,False,-29.10547744678701,green,110.41009463722398,False,False,False,False,,HRH Next,Commercial Services & Supplies,Business Process Outsourcing (BPO)/ Knowledge Process Outsourcing (KPO)
KONTOR.NS,2026-09-18,54.25,53.35833326975504,56.64166673024496,57.487999801635745,65.43833318074545,65.25824995040894,53.860743211726245,49.29999923706055,87.0,False,True,False,False,False,False,False,True,False,-22.66571800431575,noise,54.74452554744526,False,False,False,False,,Kontor Space,Commercial Services & Supplies,Diversified Commercial Services
SUNREST.NS,2026-09-18,37.349998474121094,37.9916664759318,38.284516440497505,37.41285171508789,37.59713439941406,37.96310077667236,37.96847228934705,29.549999237060547,54.0,False,False,False,False,False,False,False,False,False,-15.688489577049957,red,116.21699165053552,False,True,False,False,,Sunrest Lifescie,Pharmaceuticals & Biotechnology,Pharmaceuticals
VSCL.NS,2026-09-18,19.799999237060547,20.979166507720947,22.94861104753282,24.642999954223633,24.777666664123537,23.485999975204468,20.759505213047905,16.049999237060547,31.799999237060547,False,True,False,False,False,False,False,False,False,-32.76740670928161,dry,0.0,False,False,False,False,,Vadivarhe Speci.,Chemicals & Petrochemicals,Specialty Chemicals
HOMESFY.NS,2026-09-18,116.0,111.69166946411133,114.47777981228299,116.25400115966796,123.89300064086915,134.64975040435792,112.24500837525838,100.69999694824219,267.95001220703125,False,False,False,False,False,False,False,True,False,-55.23827793477187,ppv,714.2857142857143,False,False,False,False,,Homesfy Realty,Realty,Real Estate related services
VERA.NS,2026-09-18,86.25,86.25,83.46944448682997,79.8070004272461,72.63166702270507,71.94875064849853,86.17464096314886,65.55000305175781,86.25,True,True,True,True,True,True,True,True,False,26.83823529411764,dry,0.0,False,False,True,False,,Vera Synthetic,Textiles & Apparels,Other Textile Products
DEEM.NS,2026-09-18,40.95000076293945,41.441667238871254,43.062500423855255,45.89800048828125,42.71866673787435,43.75250003814697,41.483715985978236,29.350000381469727,64.44999694824219,False,False,False,True,False,True,False,False,False,-29.759860550893325,ppv,315.7894736842105,True,False,False,False,,Deem Roll-Tech,Industrial Products,Iron & Steel Products
PENTAGON.NS,2026-09-18,91.3499984741211,84.51250012715657,63.2097225189209,60.47500030517578,62.20533317565918,64.31425001144409,85.96202109005031,49.150001525878906,100.0999984741211,True,False,False,False,True,True,True,True,False,74.99999451911322,noise,86.41975308641975,False,False,False,False,,Pentagon Rubber,Industrial Products,Rubber
VISHWAS.NS,2026-09-18,39.79999923706055,43.20416673024496,41.43750031789144,42.8820002746582,43.930666783650715,43.541249961853026,42.37603487029392,32.75,60.099998474121094,False,True,False,False,False,False,False,False,False,-33.05298784475126,red,219.2982456140351,False,False,False,False,,Vishwas Agri,Agricultural Food & other Products,Other Agricultural Products
BABAFP.NS,2026-09-18,23.100000381469727,22.90416669845581,23.30833339691162,23.456000022888183,24.663999926249186,26.180249910354615,22.799830960865943,17.649999618530273,38.5,False,False,False,False,False,True,False,True,False,-36.79890324581169,noise,74.6268656716418,False,True,False,False,,Baba Food,Food Products,Other Food Products
DHANLAXMI.NS,2026-09-18,24.0,23.96666685740153,24.9805555873447,24.838000030517577,27.16300001780192,27.829999980926512,23.970544991823367,20.049999237060547,45.45000076293945,False,False,False,False,False,False,False,True,False,-45.45454545454546,noise,26.455026455026452,False,False,False,False,,Dhanlaxmi Crop,Agricultural Food & other Products,Other Agricultural Products
KLL.NS,2026-09-18,32.400001525878906,24.791666666666668,23.768055544959175,25.410000038146972,34.02933336893717,37.017250061035156,25.40307277965512,21.0,72.0,False,False,False,False,True,True,False,True,False,-54.526313647889246,ppv,956.6473988439305,True,False,False,False,,Kaushalya,Retailing,E-Retail/ E-Commerce
AATMAJ.NS,2026-09-18,19.25,18.741666793823242,18.712499989403618,18.681000022888185,19.574666748046877,20.23850004196167,18.913028072087123,16.700000762939453,25.5,False,False,False,False,True,False,True,True,True,-4.702973896329754,dry,0.0,False,False,False,False,,Aatmaj Health,Healthcare Services,Hospital
DIGIKORE.NS,2026-09-18,37.349998474121094,38.93749968210856,38.69722228580051,41.83000015258789,58.833333257039385,62.09224998474121,38.558884738670336,30.25,183.0,False,False,False,False,False,False,False,False,False,-78.1259159741604,noise,65.42699724517907,False,False,False,False,,Digikore Studios,Entertainment,Media & Entertainment
SWASTIK.NS,2026-09-18,16.600000381469727,18.0583332379659,19.07638888888889,18.62600004196167,19.177999960581463,20.033499941825866,17.545862549291357,12.5,33.75,False,False,False,False,False,True,False,False,False,-49.69696854100083,green,106.83760683760684,False,False,False,False,,Swastik Pipe,Industrial Products,Iron & Steel Products
JFLLIFE.NS,2026-09-18,10.449999809265137,10.166666428248087,11.53055543369717,11.368999977111816,10.252454484303792,10.60834086418152,10.350745584706637,8.550000190734863,15.399999618530273,False,False,False,True,False,False,False,True,False,-23.443222701054466,dry,17.543859649122805,False,False,False,False,,JFL Life,Pharmaceuticals & Biotechnology,Pharmaceuticals
RULKA.NS,2026-09-18,108.0999984741211,107.29166666666667,108.627777311537,108.7299998474121,99.54,100.92749980926514,107.19729669648292,72.94999694824219,139.75,True,False,False,True,False,True,True,True,False,-15.579854824035365,green,231.8548387096774,False,False,False,False,,Rulka,Construction,Civil Construction
ITALIANE.NS,2026-09-18,29.75,31.600000222524006,31.81388881471422,32.44599994659424,35.534333152771,33.956499862670896,31.26602493496287,24.049999237060547,49.0,False,True,False,False,False,False,False,False,False,-19.15760701962361,noise,67.56756756756756,False,False,False,False,,Italian Edibles,Food Products,Packaged Foods
BMETRICS.NS,2026-09-18,34.0,34.604166666666664,35.62916670905219,35.765,37.65366661071777,38.53774993896484,34.44653851886063,31.049999237060547,56.900001525878906,False,False,False,False,False,False,False,False,False,-33.066130428471126,noise,54.644808743169406,False,False,False,False,,Bombay Metrics,Commercial Services & Supplies,Trading & Distributors
SONAMAC.NS,2026-09-18,31.25,33.2416664759318,34.01388878292508,33.697999992370605,35.72466668446859,37.904500036239625,33.06939203784233,27.100000381469727,88.0,False,False,False,False,False,False,False,False,False,-58.137978082737796,red,175.78125,False,False,False,False,,Sona Machinery,Industrial Manufacturing,Industrial Products
BAWEJA.NS,2026-09-18,22.100000381469727,24.50833336512248,24.711111068725586,25.786000061035157,28.708333346048992,30.864749975204468,23.696370885115694,21.100000381469727,53.54999923706055,False,False,False,False,False,False,False,False,False,-56.28090857562824,noise,85.88957055214725,False,False,False,False,,Baweja Studios L,Entertainment,"Film Production, Distribution & Exhibition"
SONUINFRA.NS,2026-09-18,47.099998474121094,46.54999987284342,40.83055570390489,41.405000076293945,49.8863333384196,57.08274995803833,47.06264951324279,33.29999923706055,107.3499984741211,False,False,False,False,True,True,False,True,False,-54.49275509746754,noise,76.72634271099744,False,False,False,False,,Sonu Infratech,Construction,Civil Construction
UWCSL.NS,2026-09-18,122.44999694824219,116.7874984741211,105.47916709052191,103.5629997253418,99.62400065104167,101.93375087738038,118.47802966637886,83.5,123.0,True,False,False,True,True,True,True,True,False,9.89102827664048,dry,0.0,False,False,True,False,,Ultra Wiring,Auto Components,Auto Components & Equipments
DKEGL.NS,2026-09-18,70.0,67.54583326975505,67.50694518619113,67.42799995422364,69.67699979146322,71.0347498512268,68.29781243439446,60.0,89.5999984741211,False,False,False,False,True,False,True,True,True,2.4890144542950132,noise,61.72839506172839,False,False,False,False,,D.K. Enterprises,Industrial Products,Packaging
EFORCE.NS,2026-09-18,18.299999237060547,19.612499872843426,20.568055629730225,20.908000106811524,23.344666735331217,25.860250101089477,19.31658809441832,16.149999618530273,47.0,False,False,False,False,False,False,False,False,False,-53.37579812213873,noise,55.06607929515418,False,False,False,False,,Electro Force,Electrical Equipment,Other Electrical Equipment
SEL.NS,2026-09-18,354.29998779296875,332.55833435058594,296.5847227308485,281.35700073242185,216.05800008138021,214.57475021362305,341.6855527647116,115.25,369.0,True,True,True,True,True,True,True,True,False,48.64693883796083,noise,40.27926960257787,False,False,False,False,,Sungarner Energ.,Electrical Equipment,Other Electrical Equipment
GRAPHISAD.NS,2026-09-18,25.0,25.666666666666668,26.88749991522895,27.239999923706055,31.323666598002117,34.74175001144409,25.618782529263047,24.149999618530273,52.79999923706055,False,False,False,False,False,False,False,False,False,-28.774925678608586,dry,0.0,False,False,False,True,,Graphisads,Media,Advertising & Media Agencies
PRESSTONIC.NS,2026-09-18,29.950000762939453,31.104166507720947,31.649999989403618,30.006000022888184,35.687000045776365,40.93206916809082,30.668529005040977,24.0,87.9000015258789,False,False,False,False,False,False,False,False,False,-65.17441771751227,noise,30.20007550018875,False,False,False,False,,Presstonic Engi.,Industrial Manufacturing,Industrial Products
CADSYS.NS,2026-09-18,46.04999923706055,45.97500038146973,50.30694442325168,53.99100028991699,57.49399937947591,54.41124963760376,46.0938799452136,35.599998474121094,74.4000015258789,False,True,False,False,False,False,False,False,False,-33.501806155869254,dry,0.0,False,True,False,False,,Cadsys (India),Commercial Services & Supplies,Business Process Outsourcing (BPO)/ Knowledge Process Outsourcing (KPO)
REFRACTORY.NS,2026-09-18,31.649999618530273,26.56250015894572,26.441666709052193,26.602000007629396,33.06600003560384,37.66550004959107,27.906172222177688,23.149999618530273,61.20000076293945,False,False,False,False,True,True,False,True,True,-42.454546148126774,ppv,596.745027124774,True,False,False,False,,Refractory Shap.,Industrial Products,Electrodes & Refractories
PULZ.NS,2026-09-18,22.100000381469727,23.187500476837158,23.51666678322686,23.576000061035156,24.665000076293946,25.84800009727478,23.25740275364088,21.350000381469727,44.25,False,False,False,False,False,False,False,False,False,-47.38095147269112,dry,0.0,False,False,False,False,,Pulz Electronics,Consumer Durables,Consumer Electronics
NAMAN.NS,2026-09-18,38.099998474121094,39.34583282470703,41.31805557674832,42.53699996948242,48.68900014241537,52.514000225067136,39.05042433385769,37.0,92.75,False,False,False,False,False,False,False,False,False,-57.66666836208767,noise,50.505050505050505,False,False,False,False,,Naman Industries Proxima,Consumer Durables,"Furniture, Home Furnishing"
MILTON.NS,2026-09-18,36.20000076293945,37.291666666666664,36.95972220102946,36.825000228881834,42.16366663614909,41.0789999294281,37.28674885795099,24.850000381469727,53.5,False,True,True,False,False,True,False,False,False,31.63636641068892,dry,0.0,False,False,False,False,,Milton Industri.,Consumer Durables,Plywood Boards/ Laminates
NEWJAISA.NS,2026-09-18,18.0,17.675000031789143,16.845833407508003,16.741000022888183,19.006666653951008,20.26225001335144,17.67343386210928,13.350000381469727,51.5,False,False,False,False,True,True,False,True,False,-60.86956521739131,red,814.9405772495757,False,False,False,False,,Newjaisa Tech,IT - Hardware,Computers Hardware & Equipments
SYNOPTICS.NS,2026-09-18,46.400001525878906,48.316665967305504,59.89722103542752,64.54099884033204,59.40766621907552,59.15324964523315,48.58592144804532,39.650001525878906,112.3499984741211,False,True,False,True,False,False,False,False,False,-51.209251030108675,noise,39.37007874015748,False,False,False,False,,Synoptics Techno,IT - Services,IT Enabled Services
BIRDYS.NS,2026-09-18,85.44999694824219,86.56666437784831,87.16388744778104,88.30999877929688,107.17933298746745,110.772749710083,86.35493119397184,81.94999694824219,151.89999389648438,False,False,False,False,False,False,False,False,False,-31.640002441406246,dry,0.0,False,False,False,False,,Grill Splendour,Leisure Services,Restaurants
SANGANI.NS,2026-09-18,48.75,53.48749987284342,51.09583335452609,49.23300018310547,47.31900011698405,48.83150016784668,52.78591041800907,37.0,76.0,False,False,False,True,False,True,False,False,False,-31.38635058961634,noise,37.878787878787875,False,False,False,False,,Sangani Hospital,Healthcare Services,Hospital
MARCO.NS,2026-09-18,29.700000762939453,31.691666920979817,31.794444666968452,32.03300014495849,33.67633346557617,34.34550006866455,30.995748362580013,26.600000381469727,44.5,False,False,False,False,False,False,False,False,False,-26.937270238399336,noise,94.6969696969697,False,True,False,False,,Marco Cables,Industrial Products,Cables - Electricals
MHHL.NS,2026-09-18,30.600000381469727,31.891666412353516,33.95138878292508,34.25699989318848,36.57266663869222,37.22374997138977,32.12071503092364,29.200000762939453,54.5,False,False,False,False,False,False,False,False,False,-42.372878981563446,noise,51.02040816326531,False,False,False,False,,Mohini Health,Healthcare Equipment & Supplies,Medical Equipment & Supplies
CRAYONS.NS,2026-09-18,23.5,24.56250015894572,25.970833407508003,26.23800006866455,31.227666664123536,33.36475003242493,24.187337481962597,22.799999237060547,58.849998474121094,False,False,False,False,False,False,False,False,False,-54.36893203883495,noise,70.6713780918728,False,False,False,False,,Crayons Advertis,Media,Advertising & Media Agencies
VILINBIO.NS,2026-09-18,58.0,55.97083346048991,47.03055551317003,46.06399993896484,42.70166669209798,38.239999990463254,56.57533126928773,18.950000762939453,60.95000076293945,True,True,True,True,True,True,True,True,False,135.77235406747903,noise,41.66666666666667,False,False,False,False,,Vilin Bio Med,Pharmaceuticals & Biotechnology,Pharmaceuticals
TRUST.NS,2026-09-18,26.049999237060547,29.16250006357829,28.112499978807236,28.327999954223632,32.851666628519695,36.44774994850159,28.095670647489396,23.799999237060547,77.0,False,False,False,False,False,False,False,False,False,-51.84431687427045,red,272.8285077951002,False,False,False,False,,Trust Fintech,IT - Software,Software Products
AISL.NS,2026-09-18,55.0,56.89166673024496,57.381944232516815,57.527999801635744,59.50733317057291,65.03349990844727,56.23039687475712,49.0,105.0999984741211,False,False,False,False,False,False,False,False,False,-41.48936170212766,dry,18.38235294117647,False,False,False,False,,ANI Integrated,Commercial Services & Supplies,Diversified Commercial Services
K2INFRA.NS,2026-09-18,43.29999923706055,47.21666653951009,50.40277777777778,52.62699981689453,53.98066655476888,56.46924997329712,46.36496956962575,40.79999923706055,82.80000305175781,False,False,False,False,False,False,False,False,False,-44.12903324250252,red,100.14836795252226,False,False,False,False,,K2 Infragen,Construction,Civil Construction
RILINFRA.NS,2026-09-18,32.45000076293945,33.508333365122475,36.07083347108629,36.91899997711182,36.02299991607666,35.799999990463256,33.254536249971515,27.600000381469727,47.5,False,True,False,True,False,False,False,False,False,-10.359115803774088,noise,47.63147592326765,False,True,False,False,,Rachana Infra.,Construction,Civil Construction
VEEKAYEM.NS,2026-09-18,102.19999694824219,106.88333384195964,111.90000004238553,116.33,127.62966674804687,135.42674976348877,104.78684323686146,79.80000305175781,315.0,False,False,False,False,False,False,False,False,False,-66.93626822057841,red,283.0188679245283,False,False,False,False,,Veekayem Fash.,Textiles & Apparels,Garments & Apparels
OMFURN.NS,2026-09-18,51.5,54.52916653951009,58.4069446987576,57.529000244140626,56.13433329264323,61.15674989700317,53.948576676310324,38.0,140.0,False,False,False,False,False,True,False,False,False,-60.07751937984496,noise,59.02192242833052,False,False,False,False,,Omfurn India,Consumer Durables,"Furniture, Home Furnishing"
RCDL.NS,2026-09-18,13.449999809265137,14.319763024648031,21.41344584359063,22.3472229385376,23.560077095031737,22.87565514564514,14.546310199281542,13.399999618530273,34.75694554204474,False,True,False,False,False,False,False,False,False,-52.944033504972346,noise,47.1447159916591,False,False,False,True,,Rajgor Castor,Agricultural Food & other Products,Edible Oil
ZENITHDRUG.NS,2026-09-18,43.25,44.42499955495199,44.19305547078451,45.852999954223634,44.30100003560384,45.9104999923706,44.73585723276927,33.29999923706055,73.44999694824219,False,False,False,False,False,False,False,False,True,-36.490453789899014,noise,28.702640642939148,False,True,False,False,,Zenith Drugs,Pharmaceuticals & Biotechnology,Pharmaceuticals
BEWLTD.NS,2026-09-18,49.150001525878906,48.90416653951009,51.695833418104385,53.91500007629394,71.1893335723877,81.48425020217896,49.01866646259235,47.900001525878906,158.85000610351562,False,False,False,False,False,False,False,True,False,-67.79161234597973,ppv,264.2756016989146,False,False,False,False,,BEW Engg,Industrial Manufacturing,Industrial Products
LRRPL.NS,2026-09-18,90.0,89.59583346048991,87.39583333333333,88.03000015258789,80.90399993896484,78.78899982452393,89.83199591841385,59.150001525878906,98.9000015258789,True,True,False,True,True,True,True,True,False,11.801242236024834,dry,0.0,False,True,False,False,,Lead Reclaim,Industrial Products,Rubber
ARISTO.NS,2026-09-18,112.0,105.25,107.21805614895291,107.39900039672851,101.2963336690267,103.51825038909912,107.41196407281113,74.30000305175781,139.0,True,False,False,True,True,True,True,True,False,-19.424460431654676,dry,0.0,False,False,False,False,,Aristo Bio-Tech,Fertilizers & Agrochemicals,Pesticides & Agrochemicals
SLONE.NS,2026-09-18,169.64999389648438,178.07083384195963,158.9680561489529,148.90300048828124,164.8229999287923,186.5077501296997,174.18465526858267,110.0,371.45001220703125,False,False,False,False,True,True,False,False,False,-39.55104308355749,noise,90.9090909090909,False,False,False,False,,Slone Infosys.,IT - Hardware,Computers Hardware & Equipments
WOMANCART.NS,2026-09-18,106.05000305175781,104.3916670481364,106.02361085679796,104.66899978637696,129.99366658528646,161.3682495880127,104.73460333727883,88.0,358.0,False,False,False,False,True,False,False,True,False,-58.33824326052175,noise,75.93014426727412,False,False,False,False,,Womancart,Retailing,E-Retail/ E-Commerce
ACCORD.NS,2026-09-18,188.4499969482422,190.0999984741211,195.93333689371744,197.98900360107422,105.25833441416422,85.79000085830688,189.7849115393736,19.850000381469727,211.0,True,True,True,True,False,True,True,False,False,762.4713668566363,dry,0.0,False,False,False,False,,Accord Synergy,Telecom - Services,Other Telecom Services
MAL.NS,2026-09-18,42.25,40.883333365122475,34.48055542839898,33.92100002288819,36.30166662851969,39.446999864578245,42.1216619883684,28.950000762939453,60.900001525878906,True,False,False,False,True,True,False,True,False,-25.877192982456144,noise,78.66273352999016,False,False,False,False,,Mangalam Alloys,Industrial Products,Iron & Steel Products
MAXPOSURE.NS,2026-09-18,39.95000076293945,31.32083336512248,31.99166668785943,32.64699989318848,35.13566669464112,37.253999967575076,33.15867793131673,28.5,61.20000076293945,True,False,False,False,True,True,False,True,False,-30.400697385124786,noise,46.125461254612546,False,False,False,False,,Maxposure,Entertainment,Media & Entertainment
AMEYA.NS,2026-09-18,142.5500030517578,117.16250101725261,111.87638960944281,111.44800033569337,107.40333353678385,104.82025005340576,122.61702840509862,86.0,142.5500030517578,True,True,False,True,True,True,True,True,False,38.465281473902735,ppv,425.531914893617,True,False,True,False,,Ameya Precision,Industrial Products,Other Industrial Products
SIGNORIA.NS,2026-09-18,145.0,157.42083358764648,159.58472230699329,154.02499969482423,99.42766680399576,97.26300012588501,155.6491465229191,53.099998474121094,171.5,True,True,True,True,False,True,True,False,False,47.95918367346938,dry,18.939393939393938,False,False,False,False,,Signoria Creatio,Textiles & Apparels,Garments & Apparels
IEML.NS,2026-09-18,42.95000076293945,41.42499987284342,41.727777587042915,41.86699996948242,57.330666580200194,64.50424997329712,41.66618100552791,37.79999923706055,199.60000610351562,False,False,False,False,True,False,False,True,False,-76.54927535121044,ppv,172.03244040304745,False,False,False,False,,Indian Emuls,Chemicals & Petrochemicals,Specialty Chemicals
DELAPLEX.NS,2026-09-18,90.5999984741211,100.92499923706055,94.3319443596734,95.50300003051758,103.26466649373373,108.90174976348877,99.09084555843978,80.0,194.85000610351562,False,False,False,False,False,False,False,False,False,-30.945121507996387,red,210.87680355160933,False,False,False,False,,Delaplex,IT - Software,Computers - Software & Consulting
SERVICE.NS,2026-09-18,66.05000305175781,68.91666730244954,65.09861108991835,63.467999954223636,55.908333206176756,53.20199995040893,67.79271295536596,39.20000076293945,73.0,True,True,True,True,True,True,True,False,False,27.019236637995792,dry,18.45018450184502,False,False,False,False,,Service Care Ltd,Commercial Services & Supplies,Diversified Commercial Services
MAITREYA.NS,2026-09-18,115.94999694824219,119.09166653951009,118.14861128065321,120.82100021362305,156.85833318074543,172.2237494277954,117.41864720090199,110.0,292.95001220703125,False,False,False,False,False,False,False,False,False,-53.04717619715381,dry,0.0,False,True,False,False,,Maitreya Medica.,Healthcare Services,Hospital
VIAZ.NS,2026-09-18,76.5,73.71250025431316,68.9805556403266,66.79800010681153,64.00066683451335,64.8007501411438,74.94165466937575,57.79999923706055,96.5,True,False,False,True,True,True,True,True,False,-18.617021276595747,dry,0.0,False,False,False,False,,Viaz Tyres,Auto Components,Tyres & Rubber Products
ZEAL.NS,2026-09-18,80.0,74.88941669464111,66.7303147845798,65.8656884765625,68.71331235249838,73.37996828079224,76.85528514257018,54.859031379558424,122.42690988020463,True,False,False,False,True,True,False,True,False,-26.889664105189816,ppv,176.47058823529412,False,False,False,False,,Zeal Global Serv,Transport Services,Logistics Solution Provider
USASEEDS.NS,2026-09-18,90.0,91.77500025431316,90.83194478352864,89.65799987792968,98.29666646321614,110.16399940490723,91.0166931775073,76.5,279.6000061035156,False,False,False,False,True,False,False,False,False,-65.24425728621138,noise,42.3728813559322,False,False,False,False,,Upsurge Seeds,Agricultural Food & other Products,Other Agricultural Products
KANDARP.NS,2026-09-18,71.05000305175781,83.5,94.53888893127441,95.65799987792968,123.50166631062825,127.74424953460694,78.99118537591376,67.05000305175781,169.0,False,False,False,False,False,False,False,False,False,-41.03734186576116,dry,0.0,False,True,False,False,,Kandarp Digi,Commercial Services & Supplies,Business Process Outsourcing (BPO)/ Knowledge Process Outsourcing (KPO)
SHREEOSFM.NS,2026-09-18,52.400001525878906,55.34166685740153,57.504166815016006,58.15000015258789,65.64300003051758,69.5109999847412,54.564616338390444,50.099998474121094,123.94999694824219,False,False,False,False,False,False,False,False,False,-56.333332061767585,noise,51.41388174807198,False,True,False,False,,Shree OSFM,Transport Services,Road Transport
VELS.NS,2026-09-18,73.0,73.0,73.0,72.81099990844727,66.51766614278158,64.25849964141845,72.99974026050182,39.75,73.0,True,True,True,True,True,True,True,True,False,47.02919991241179,dry,0.0,False,False,True,False,,Vels Film,Entertainment,"Film Production, Distribution & Exhibition"
KONSTELEC.NS,2026-09-18,59.04999923706055,62.3666664759318,61.279166751437714,61.26300003051758,47.70966668446859,47.28925000190735,61.44470696550026,28.0,75.6500015258789,True,True,False,True,False,True,True,False,False,-0.08460108012090517,dry,11.534025374855824,False,False,False,False,,Konstelec Engg.,Construction,Civil Construction
EMKAYTOOLS.NS,2026-09-18,95.5,94.61666742960612,92.89305602179633,92.9990005493164,98.13100036621094,101.66200012207031,94.61610613609369,83.0999984741211,160.1999969482422,False,False,False,False,True,False,False,True,False,-40.01256166415117,dry,0.0,False,True,False,False,,Emkay Taps & Cut,Industrial Manufacturing,Industrial Products
SYLVANPLY.NS,2026-09-18,52.0,53.72499974568685,52.20972209506564,53.51099975585937,52.97200007120768,54.01550004959106,53.0671103315807,40.0,74.4000015258789,False,False,False,False,False,True,False,False,False,-25.71428571428571,dry,0.0,False,False,False,False,,Sylvan Plyboard,Consumer Durables,Plywood Boards/ Laminates
DRONE.NS,2026-09-18,32.95000076293945,33.46666685740153,36.60555564032661,37.42400016784668,42.785000025431316,47.71125003814697,33.49278840189791,31.700000762939453,101.8499984741211,False,False,False,False,False,False,False,False,False,-62.72624412422276,noise,41.00761570005858,False,True,False,False,,Drone Destinatio,Other Consumer Services,Education
PARAGON.NS,2026-09-18,53.650001525878906,53.23333326975504,50.32916673024496,49.92900001525879,46.869666798909506,45.562250022888186,53.501211421748266,34.099998474121094,64.9000015258789,True,True,False,True,True,True,True,True,False,0.28037668388580794,noise,41.32231404958678,False,False,False,False,,Paragon Fine,Chemicals & Petrochemicals,Dyes And Pigments
ARABIAN.NS,2026-09-18,85.5,84.08333333333333,82.8555556403266,79.01,72.97566650390625,72.3629999923706,83.0583539802555,63.20000076293945,94.30000305175781,True,True,True,True,True,True,True,True,False,15.15151515151516,noise,55.14705882352941,False,False,False,False,,Arabian Petrol.,Petroleum Products,Lubricants
DTL.NS,2026-09-18,143.0,131.75,124.5,124.27200012207031,119.69733322143554,124.38374992370605,134.47578301809156,82.05000305175781,178.0,True,False,False,False,True,True,True,True,False,10.424710424710426,dry,0.0,False,False,False,False,,Diensten Tech,Commercial Services & Supplies,Diversified Commercial Services
MOXSH.NS,2026-09-18,90.5,96.34166653951009,103.21111106872559,104.125,116.49566782633464,108.64350086212158,95.43585432929451,33.5,140.0,False,True,True,False,False,True,False,False,False,134.15264276096823,dry,0.0,False,True,False,False,,Moxsh Overseas,Other Consumer Services,Education
SCML.NS,2026-09-18,77.55000305175781,79.5458329518636,82.05555555555556,81.17399993896484,104.41466669718424,112.61825012207031,78.45584294630487,68.05000305175781,159.5,False,False,False,False,False,False,False,False,False,-6.566261383424321,ppv,486.25792811839324,True,False,False,False,,Sharp Chucks and,Industrial Products,Castings & Forgings
PRLIND.NS,2026-09-18,41.5,41.94583288828532,42.891666412353516,43.71299980163574,52.18366655985514,57.31299983978271,42.166018628218076,37.599998474121094,93.0,False,False,False,False,False,False,False,False,False,-50.388524515255284,noise,36.496350364963504,False,False,False,False,,Premier Roadline,Transport Services,Logistics Solution Provider
FONEBOX.NS,2026-09-18,132.1999969482422,113.17916679382324,100.19166670905219,93.62400009155273,81.05200002034505,83.14125015258789,119.36496746115554,57.0,136.5,True,False,False,True,True,True,True,True,False,37.350646179991884,red,492.5373134328358,False,True,False,False,,Fonebox Retail,Retailing,Speciality Retail
DCG.NS,2026-09-18,78.5,77.15833346048991,61.92638905843099,59.3260001373291,59.88666666666666,61.06650001525879,78.25428908223492,47.0,93.94999694824219,True,False,False,False,True,True,True,True,False,15.27166190735092,noise,91.74311926605505,False,False,False,False,,DCG Cables,Industrial Products,Cables - Electricals
SOTAC.NS,2026-09-18,90.05000305175781,90.05000305175781,90.79861174689398,92.22300018310547,104.83500030517578,108.45750049591065,90.08006276873108,86.0,139.64999389648438,False,False,False,False,False,False,False,False,False,-26.728459669419237,dry,0.0,False,False,False,True,,Sotac Pharma.,Pharmaceuticals & Biotechnology,Pharmaceuticals
PARTYCRUS.NS,2026-09-18,97.30000305175781,88.70416641235352,85.61111132303874,86.12700012207031,88.6059999593099,87.46375,91.12050566681032,63.04999923706055,113.8499984741211,True,True,True,False,True,True,True,True,False,32.47107841314405,noise,55.14705882352941,False,False,False,False,,Party Cruisers,Other Consumer Services,Other Consumer Services
KCK.NS,2026-09-18,14.5,14.858333269755045,15.665277666515774,15.839999904632569,16.03099999109904,18.596999993324278,14.788215870912515,11.600000381469727,46.900001525878906,False,False,False,False,False,False,False,False,False,-62.82051282051282,dry,7.7816353405961936,False,True,False,False,,KCK Industries,Agricultural Food & other Products,Other Agricultural Products
KCEIL.NS,2026-09-18,74.30000305175781,77.5166670481364,81.14166662428114,83.71900009155273,101.8466667175293,111.64599994659424,76.86269027477938,74.0,260.29998779296875,False,False,False,False,False,False,False,False,False,-65.26413970459726,noise,65.08205998868138,False,False,False,True,,Kay Cee,Construction,Civil Construction
PURVFLEXI.NS,2026-09-18,44.400001525878906,45.68333371480306,47.844444592793785,47.61400009155273,52.017999979654945,58.725499954223636,45.36476784922593,37.0,124.9000015258789,False,False,False,False,False,False,False,False,False,-62.84518700763271,noise,54.347826086956516,False,False,False,False,,Purv Flexi,Industrial Products,Plastic Products - Industrial
HOLMARC.NS,2026-09-18,110.0,107.42916679382324,106.10852983262804,106.7070394897461,98.04582043965658,98.43767839431763,108.3461640689589,59.771732330322266,126.2124252319336,True,False,False,True,True,True,True,True,False,-5.099092617757128,noise,28.49002849002849,False,False,False,False,,Holmarc Opto,Industrial Products,Other Industrial Products
ROXHITECH.NS,2026-09-18,44.0,46.09583346048991,49.0986115137736,46.39500015258789,38.174000078837075,38.744750032424925,45.75810393132525,22.950000762939453,58.900001525878906,True,False,False,True,False,True,False,False,False,-7.465823962187724,dry,15.89825119236884,False,False,False,False,,ROX Hi-Tech,IT - Services,IT Enabled Services
MDL.NS,2026-09-18,60.0,61.49583339691162,60.151388804117836,62.80700012207031,58.67066670735677,60.83724994659424,60.79776248396523,43.0,104.80000305175781,False,False,False,True,False,True,False,False,False,-36.8421052631579,noise,316.0919540229885,False,False,False,False,,Marvel Decor,Consumer Durables,"Furniture, Home Furnishing"
KHFM.NS,2026-09-18,43.0,44.26250044504801,46.54861174689399,47.21500045776367,54.87400021870931,58.21025009155274,44.1139961018134,41.29999923706055,82.94999694824219,False,False,False,False,False,False,False,False,False,-41.0958904109589,dry,0.0,False,False,False,False,,KHFM Hospitality,Commercial Services & Supplies,Diversified Commercial Services
TBI.NS,2026-09-18,82.44999694824219,76.2666670481364,67.89305538601346,66.60099960327149,66.93233317057292,70.6664998626709,77.4334609393497,55.0,105.8499984741211,True,False,False,False,True,True,True,True,False,-18.808474179740564,noise,51.86946185433327,False,False,False,False,,TBI Corn,Agricultural Food & other Products,Other Agricultural Products
CLSL.NS,2026-09-18,71.55000305175781,82.07083384195964,78.98333379957411,73.08100036621094,54.2563335164388,53.047500133514404,80.27858570231936,39.04999923706055,92.25,True,True,True,True,False,True,True,False,False,19.250005086263023,noise,37.878787878787875,False,False,False,False,,Crop Life Scienc,Fertilizers & Agrochemicals,Pesticides & Agrochemicals
GREENCHEF.NS,2026-09-18,73.5,66.49583371480306,57.3736113442315,54.79599998474121,52.05400001525879,52.538250045776365,67.58994603239863,40.400001525878906,74.0,True,False,False,True,True,True,True,True,False,5.98414076018694,green,140.14014014014015,False,False,True,False,,Greenchef Appli.,Consumer Durables,Household Appliances
MEGAFLEX.NS,2026-09-18,94.55000305175781,95.73333358764648,97.18888897365994,98.34400009155273,123.92166646321614,120.8037498474121,96.00912667418055,43.5,155.0500030517578,False,True,False,False,False,True,False,False,False,51.8875551032254,red,192.30769230769232,False,False,False,False,,Mega Flex Plast.,Industrial Products,Packaging
DOLLEX.NS,2026-09-18,37.20000076293945,37.25,33.85277779897054,32.70100006103516,31.76066664377848,33.392250032424926,37.203337217737605,26.0,43.54999923706055,True,False,False,False,True,True,True,False,False,-12.778430405524222,dry,16.69660670120445,False,True,False,False,,Dollex Agrotech,Agricultural Food & other Products,Sugar
ALUWIND.NS,2026-09-18,49.849998474121094,47.770833333333336,48.73611142900255,48.29700019836426,52.18800003051758,56.18750001907349,47.791688692105005,40.0,95.80000305175781,False,False,False,False,True,False,False,True,False,-37.76529410268746,noise,88.42443729903538,False,False,False,False,,Aluwind Infra,Industrial Products,"Aluminium, Copper & Zinc Products"
KDL.NS,2026-09-18,78.75,89.02083206176758,95.09444406297472,100.63099975585938,122.0729997253418,132.66524967193604,88.18445134645343,78.75,250.0,False,False,False,False,False,False,False,False,False,-65.86475897627876,noise,97.47882004695315,False,False,False,True,,Kore Digital,Telecom - Services,Telecom - Infrastructure
NEPHROCARE.NS,2026-09-18,93.75,91.59999974568684,86.48750029669867,80.4960001373291,76.45666681925455,85.34550014495849,92.5928725876106,50.04999923706055,165.9499969482422,True,False,False,False,True,True,False,True,False,-40.926274856466904,noise,45.05698383249403,False,False,False,False,,Nephro Care,Healthcare Services,Hospital
URBAN.NS,2026-09-18,120.94999694824219,122.72499910990398,135.42777803209094,133.75800003051756,135.76266693115235,138.3815003967285,124.14883933183452,114.0,193.1999969482422,False,False,False,False,False,False,False,False,False,-26.137406443821565,noise,31.104199066874028,False,False,False,False,,Urban Enviro,Other Utilities,Waste Management
SHIGAN.NS,2026-09-18,62.0,68.05416615804036,66.30973603990343,65.30589065551757,65.51844367980956,62.69775989532471,66.33371911294401,40.91087714844722,87.38245391845703,False,True,False,False,False,True,False,False,False,-12.05892646160952,dry,0.0,False,False,False,False,,Shigan Quantum,Auto Components,Auto Components & Equipments
SRIVASAVI.NS,2026-09-18,73.05000305175781,74.34583409627278,79.7972223493788,81.29400009155273,63.80033335367838,59.77275001525879,73.65194878947747,39.0,98.0,True,True,True,True,False,True,False,False,False,7.902520450046402,noise,40.98360655737705,False,False,False,False,,Srivasavi Adhes.,Industrial Products,Other Industrial Products
GIRIRAJ.NS,2026-09-18,77.30000305175781,80.03750101725261,74.40694522857666,84.4300008392334,133.0403330739339,145.77799936294556,81.59494900401097,52.29999923706055,378.0,False,False,False,False,False,True,False,False,False,-72.38299223388131,dry,8.00996796012816,False,False,False,False,,Giriraj Civil,Construction,Civil Construction
VR.NS,2026-09-18,105.80000305175781,106.02916653951009,124.09305614895291,118.82000076293946,131.66766626993814,139.58099971771242,107.75550378976902,98.0,217.89999389648438,False,False,False,False,False,False,False,False,False,-49.83404167205078,dry,0.0,False,False,False,False,,V R Infraspace,Realty,"Residential, Commercial Projects"
WINSOL.NS,2026-09-18,112.75,111.20938809712727,112.21121088663737,113.08469909667969,121.7592532857259,128.14598716735838,110.47689769816392,92.65537023048489,202.25627654368094,False,False,False,False,False,False,False,True,False,-42.171382723800136,dry,13.568521031207597,False,False,False,False,,Winsol Engineers,Construction,Civil Construction
SIDDHIKA.NS,2026-09-18,214.8000030517578,224.29583231608072,217.38333468967014,216.87700073242186,212.4806450398763,210.53505737304687,223.8763001937827,177.36545304900235,245.4545420985068,True,True,False,True,False,False,True,False,False,9.116095886694575,red,657.8947368421052,False,False,False,False,,Siddhika Coatins,Consumer Durables,Paints
ENSER.NS,2026-09-18,14.100000381469727,14.891666730244955,14.827777756585014,14.466999969482423,14.287666657765707,14.667249975204468,14.719173744453698,7.800000190734863,23.149999618530273,False,False,False,False,False,True,False,False,False,-31.21951033429402,noise,63.52087114337568,False,False,False,False,,Enser,IT - Services,IT Enabled Services
CANARYS.NS,2026-09-18,24.899999618530273,24.487499713897705,23.388888835906982,22.120999908447267,21.39499999364217,23.272249999046327,24.110620403254714,14.600000381469727,35.20000076293945,True,False,False,False,True,True,False,True,False,-17.000001271565758,ppv,282.79654359780045,False,False,False,False,,Canarys Automa.,IT - Software,Computers - Software & Consulting
EMMIL.NS,2026-09-18,114.9000015258789,119.2041670481364,121.96666675143771,122.89900009155274,134.00366658528645,144.72024978637694,118.36749740809383,110.0,207.0,False,False,False,False,False,False,False,False,False,-36.86813102973686,noise,68.6059275521405,False,False,False,False,,Energy-Mission,Industrial Manufacturing,Industrial Products
SHRITECH.NS,2026-09-18,60.5,59.72499974568685,59.78055551317003,60.36300025939941,62.29366678873698,61.73350004196167,59.71468549482964,51.349998474121094,77.5,False,True,False,False,True,False,True,True,False,-14.305947156391674,noise,56.81818181818182,False,False,False,False,,Shri Techtex,Industrial Products,Plastic Products - Industrial
ENFUSE.NS,2026-09-18,142.0,155.68333307902017,160.84583282470703,162.49899963378905,175.2483331298828,186.42874977111816,153.4386293596348,142.0,260.0,False,False,False,False,False,False,False,False,False,-35.600907029478456,noise,96.7741935483871,False,False,False,True,,Enfuse Solutions,IT - Services,IT Enabled Services
ROCKINGDCE.NS,2026-09-18,234.0,228.15833282470703,204.6833322313097,197.3439990234375,191.74899922688803,197.95124931335448,226.66328353518855,123.9000015258789,283.8500061035156,True,False,False,False,True,True,True,True,False,17.73584905660377,noise,22.23869532987398,False,False,False,False,,Rockingdeals Cir,Commercial Services & Supplies,Trading & Distributors
QUESTLAB.NS,2026-09-18,74.25,81.73333358764648,86.66944440205891,88.43699951171875,104.67099980672201,103.18624984741211,80.24160671695707,73.55000305175781,152.60000610351562,False,True,False,False,False,False,False,False,False,-23.453608247422686,noise,86.63366336633663,False,True,False,True,,Quest Laborato.,Pharmaceuticals & Biotechnology,Pharmaceuticals
IBLFL.NS,2026-09-18,61.0,60.58333365122477,60.9902778201633,60.66,56.2596666208903,56.70274993896484,60.777520064135565,43.95000076293945,72.80000305175781,True,False,False,True,True,True,True,True,False,-3.3280483754406953,dry,0.0,False,False,False,False,,IBL Finance,Finance,Non Banking Financial Company (NBFC)
SPECTSTM.NS,2026-09-18,60.0,58.770833333333336,62.0763889948527,61.52600021362305,63.5093334197998,69.12474988937377,59.450589234223486,50.75,107.05000305175781,False,False,False,False,False,False,False,True,False,-43.55597527990116,noise,39.0625,False,False,False,False,,Spectrum Talent,Commercial Services & Supplies,Diversified Commercial Services
TUNWAL.NS,2026-09-18,25.649999618530273,25.104166825612385,25.78611108991835,25.92599998474121,28.823999888102215,30.220499897003172,25.23272592403137,24.299999237060547,49.79999923706055,False,False,False,False,False,False,False,True,False,-16.58536709421049,noise,29.900332225913623,False,True,False,False,,Tunwal E-Motors,Automobiles,2/3 Wheelers
SURANI.NS,2026-09-18,96.0,95.7333329518636,96.9902769724528,98.00599945068359,102.31599973042806,92.16824979782105,93.85620965673007,47.29999923706055,143.60000610351562,False,True,True,False,False,True,False,True,False,3.2258064516129004,dry,0.0,False,False,False,False,,Surani Steel Tub,Industrial Products,Iron & Steel Products
INFOLLION.NS,2026-09-18,156.5,156.49999872843424,157.76388846503363,160.8479995727539,217.55066599527996,257.9064994049072,156.36451782156183,150.35000610351562,483.79998779296875,False,False,False,False,False,False,False,True,False,-67.19077568134172,noise,20.958083832335326,False,False,False,False,,Infollion Resea.,Commercial Services & Supplies,Diversified Commercial Services
AVPINFRA.NS,2026-09-18,57.5,58.675000508626304,60.99166711171468,61.523000411987304,78.44133359273275,87.5820002937317,58.507374093253915,54.5,189.4499969482422,False,False,False,False,False,False,False,False,False,-67.18972895863054,noise,28.428093645484946,False,False,False,False,,AVP Infracon,Construction,Civil Construction
SPCL.NS,2026-09-18,65.55000305175781,63.54583326975504,63.52916653951009,65.085,72.41866650899252,76.90724977493286,64.03818342364674,58.95000076293945,123.4000015258789,False,False,False,False,True,False,False,True,True,-34.580833285237176,green,177.5766016713092,False,False,False,False,,Shivalic Power,Electrical Equipment,Other Electrical Equipment
DENEERS.NS,2026-09-18,172.25,169.4375,173.47916666666666,177.72699951171876,179.81899943033855,173.91774963378907,169.27975866462657,132.0,288.5,False,True,True,False,False,True,False,True,False,-38.482142857142854,noise,57.86249149081007,False,False,False,False,,De Neers Tools,Industrial Products,Iron & Steel Products
LLOYDS.NS,2026-09-18,57.900001525878906,57.541666666666664,62.2972223493788,65.20500030517579,70.06733385721843,69.17850036621094,57.74209293018904,34.79999923706055,98.9000015258789,False,True,False,False,False,True,False,True,False,-38.04172989117682,ppv,398.936170212766,True,False,False,False,,Lloyds Luxuries,Leisure Services,Wellness
544671.BO,2026-09-18,,,,,,,,,,False,False,False,False,False,False,False,False,False,,noise,,False,False,False,False,,Apollo Techno,Industrial Manufacturing,Industrial Products
DURLAX.NS,2026-09-18,63.29999923706055,62.05000019073486,61.18472205268012,57.935999908447265,52.44466654459635,49.34424695968628,61.096112253401245,30.549999237060547,72.0,True,True,True,True,True,True,True,True,False,56.68316051055755,green,254.02504472271917,False,False,False,False,,Durlax Top,Consumer Durables,"Furniture, Home Furnishing"
DRSDILIP.NS,2026-09-18,107.0,107.0,108.22500038146973,108.7220002746582,111.4533334350586,98.9630000114441,107.05196781864343,52.25,119.5,False,True,True,False,False,True,True,False,False,9.183673469387754,dry,0.0,False,False,False,False,,DRS Dilip Road,Transport Services,Logistics Solution Provider
BEACON.NS,2026-09-18,81.0,82.74583307902019,85.08611085679796,87.46499984741212,88.00766677856446,87.6477500152588,81.46009042586971,50.0,124.80000305175781,False,True,False,False,False,True,False,False,False,37.989776741433644,noise,34.66204506065858,False,False,False,False,,Beacon Trust.,Capital Markets,"Depositories, Clearing Houses and Other Intermediaries"
PRAMARA.NS,2026-09-18,84.30000305175781,96.17916679382324,110.04305521647136,116.37100021362305,222.2079997253418,254.01424976348878,93.13358595551553,82.5,374.79998779296875,False,False,False,False,False,False,False,False,False,-68.87001224084005,red,113.15688530878406,False,False,False,False,,Pramara Promotio,Media,Advertising & Media Agencies
OWAIS.NS,2026-09-18,76.4000015258789,78.92083358764648,80.95694393581815,86.62999969482422,124.2823328145345,159.09599948883056,77.2939032403384,58.099998474121094,580.0,False,False,False,False,False,True,False,False,False,-84.31855508792282,red,113.96726578973792,False,False,False,False,,Owais Metal,Ferrous Metals,Ferro & Silica Manganese
GOLDKART.NS,2026-09-18,107.0999984741211,102.89166641235352,97.46250004238553,107.84099914550781,167.0299984741211,190.34549766540528,103.58141867988427,81.69999694824219,285.0,False,False,False,False,False,True,False,True,False,-58.000000598383885,dry,0.0,False,False,False,False,,Goldkart Jewels,Consumer Durables,"Gems, Jewellery And Watches"
REXPIPES.NS,2026-09-18,160.64999389648438,160.64999389648438,165.06249830457898,166.9849987792969,181.94599924723306,173.40074935913086,160.8438487510931,130.1999969482422,208.0,False,True,True,False,False,False,True,False,False,2.3248368767416316,dry,0.0,False,False,False,False,,Rex Pipes&Cables,Industrial Products,Plastic Products - Industrial
PRITIKA.NS,2026-09-18,65.0,63.41249942779541,62.131944232516815,61.50999984741211,61.65233360290527,64.20674997329712,63.49876323438205,44.04999923706055,93.5,True,False,False,False,True,True,False,True,False,-24.855491329479772,ppv,490.1960784313726,False,False,False,False,,Pritika Engineer,Auto Components,Auto Components & Equipments
ONDOOR.NS,2026-09-18,268.70001220703125,287.7375005086263,271.79861068725586,257.2499996948242,195.6099996948242,176.48174980163574,283.25785225850495,100.0,340.0,True,True,True,True,True,True,True,False,False,65.91541665351524,noise,63.670411985018724,False,False,False,False,,On Door Concepts,Retailing,Diversified Retail
GSMFOILS.NS,2026-09-18,85.5999984741211,97.72083282470703,114.02083290947809,157.5170004272461,190.27833302815756,193.9717497253418,93.05571077310924,79.69999694824219,293.8500061035156,False,False,False,False,False,False,False,False,False,-64.78091034794495,red,168.89459349466236,False,False,False,False,,GSM Foils,Industrial Products,Packaging
ESCONET.NS,2026-09-18,214.5,236.16249974568686,190.91805606418185,173.76000061035157,140.16733327229818,139.13124996185303,229.90528743080336,91.25,280.0,True,True,False,True,True,True,True,False,False,5.535055350553497,noise,83.72093023255815,False,False,False,False,,Esconet,IT - Hardware,Computers Hardware & Equipments
SADHAV.NS,2026-09-18,107.30000305175781,111.06666692097981,114.30555555555556,114.7920001220703,112.74866658528646,110.02124984741211,110.23387025587154,86.30000305175781,128.85000610351562,False,True,False,True,False,False,True,False,False,-0.785944024159535,noise,23.364485981308412,False,False,False,False,,Sadhav Shipping,Transport Services,Shipping
DUGLOBAL.NS,2026-09-18,21.950000762939453,23.983333428700764,24.958333280351425,25.933999977111817,33.486666742960615,32.65250010490418,23.578793174370052,21.299999237060547,49.0,False,True,False,False,False,False,False,False,False,-51.75824008145176,red,249.04214559386975,False,False,False,False,,DU Digital,Leisure Services,"Tour, Travel Related Services"
FIDEL.NS,2026-09-18,161.5500030517578,146.40000025431314,142.5125003390842,145.44149688720702,145.7241951497396,143.52348628997802,149.76982091340662,106.57698530320386,197.18221289835253,True,True,False,False,True,True,True,True,False,-7.398359043666735,ppv,442.17687074829934,False,False,False,False,,Fidel Softech,IT - Software,Computers - Software & Consulting
GLOBALPET.NS,2026-09-18,163.0,162.32916641235352,159.40972095065646,157.82699890136718,136.2409995015462,132.2732495880127,163.31403495971057,85.0,174.6999969482422,True,True,False,True,True,True,True,False,False,17.35061710764092,dry,13.192612137203167,False,False,False,False,,Global Pet Indus,Industrial Manufacturing,Industrial Products
DUCOL.NS,2026-09-18,130.1999969482422,118.77916653951009,111.27083269755046,110.10499938964844,114.4833329264323,123.89499980926513,121.27422478860025,90.0,209.5,True,False,False,False,True,True,False,True,False,-19.80289987471534,green,237.58099352051838,False,False,False,False,,Ducol Organics,Chemicals & Petrochemicals,Dyes And Pigments
GOLDSTAR.NS,2026-09-18,9.149999618530273,7.979166587193807,7.54166665342119,7.4640000057220455,7.349000024795532,7.1050000166893,8.194580695848856,4.5,9.949999809265137,True,True,False,True,True,True,True,True,False,1.6666624281141518,ppv,665.5290102389079,False,False,False,False,,Goldstar Power,Auto Components,Auto Components & Equipments
MADHAVBAUG.NS,2026-09-18,155.89999389648438,157.75000127156576,173.431943681505,180.25599914550781,195.4453328450521,211.72474952697755,159.06833653675648,147.0,335.0,False,False,False,False,False,False,False,False,False,-45.961873866036605,red,127.98634812286689,False,False,False,False,,Vaidya Sane,Healthcare Equipment & Supplies,Medical Equipment & Supplies
POLYSIL.NS,2026-09-18,66.1500015258789,73.5041675567627,73.98888937632243,85.91700019836426,136.21033307393392,169.43149980545044,73.3786277754299,47.25,356.75,False,False,False,False,False,True,False,False,False,-67.21189515445903,dry,6.8161163283853385,False,False,False,False,,Polysil Irrigati,Industrial Products,Plastic Products - Industrial
MASTER.NS,2026-09-18,400.0,419.0500005086263,451.78472222222223,447.36,368.2244427490234,358.4952952575684,415.88672232818163,281.8980771263174,502.0,True,True,True,True,False,True,True,False,False,12.916651088133957,noise,55.865921787709496,False,True,False,False,,Master Component,Industrial Products,Plastic Products - Industrial
GOYALSALT.NS,2026-09-18,100.05000305175781,103.0625,107.41111098395453,109.33300033569336,115.64033345540365,124.98725036621094,102.77320691428523,97.0,200.0,False,False,False,False,False,False,False,False,False,-42.76315714815332,noise,73.80073800738008,False,False,False,False,,Goyal Salt,Food Products,Other Food Products
SSFL.NS,2026-09-18,303.0,285.8625005086263,256.93889066908093,259.7400021362305,187.44433420817057,171.04150062561035,293.73664842075095,86.0,329.29998779296875,True,True,True,True,True,True,True,True,False,102.678998561567,noise,38.759689922480625,False,False,False,False,,Srivari Spices &,Food Products,Other Food Products
KORE.NS,2026-09-18,169.85000610351562,146.95416768391928,152.16249953375922,153.06599960327148,133.87266677856445,137.55900020599364,157.88891969833077,85.0,212.3000030517578,True,False,False,True,True,True,True,True,False,4.202457732218168,noise,66.14897900488927,False,False,False,False,,Jay Jalaram Tech,Retailing,Diversified Retail
TECHLABS.NS,2026-09-18,122.6500015258789,122.38750012715657,121.3805554707845,126.30399993896485,166.72766637166342,198.2072498703003,124.03789079776666,105.0,580.0,False,False,False,False,False,False,False,False,False,-77.55923442224312,red,106.57315731573158,False,True,False,False,,Trident Techlabs,IT - Software,Computers - Software & Consulting
PRATHAM.NS,2026-09-18,121.5,120.98333358764648,119.94861157735188,119.14900039672851,125.31566680908203,129.9754999923706,121.35200426304465,100.0,196.0,False,False,False,False,True,False,False,True,False,-14.13427561837456,green,108.52713178294573,False,False,False,False,,Pratham EPC,Construction,Civil Construction
RBS.NS,2026-09-18,83.0,87.07916641235352,89.21944448682997,85.80899993896485,87.3739998626709,89.2094999885559,86.13912701093375,58.79999923706055,132.0,False,False,False,False,False,True,False,False,False,-35.30787371336478,dry,15.182186234817813,False,False,False,False,,Ramdevbaba Sol.,Agricultural Food & other Products,Edible Oil
IPSL.NS,2026-09-18,215.0,214.05077489217123,216.10991795857748,221.27399047851563,232.65371439615885,242.8588772583008,214.70659352362864,171.88994880392372,384.5319519042969,False,False,False,False,False,False,False,True,False,-44.087871258742716,dry,0.0,False,False,False,False,,Integrated Perso,Commercial Services & Supplies,Diversified Commercial Services
MARC.NS,2026-09-18,,,,,,,,,,False,False,False,False,False,False,False,False,False,,noise,50.732807215332585,False,True,False,False,,Marc Technocrats,Commercial Services & Supplies,Consulting Services
INM.NS,2026-09-18,162.89999389648438,155.54649353027344,163.07880783081055,165.90155822753906,170.62234903971355,186.22039375305175,158.97250893402716,140.61732763952318,686.8864925608916,False,False,False,False,False,False,False,True,False,-73.03610194450573,noise,34.72222222222222,False,False,False,False,,Interiors & More,Consumer Durables,"Furniture, Home Furnishing"
CMNL.NS,2026-09-18,111.25,116.00833193461101,109.48194419013129,106.93099960327149,108.91633310953776,111.41924983978271,114.50646411487202,90.0,183.89999389648438,False,False,False,False,True,False,False,False,False,-28.2258064516129,noise,20.70393374741201,False,True,False,False,,Chaman Metallics,Ferrous Metals,Sponge Iron
SILKFLEX.NS,2026-09-18,280.3500061035156,277.7124989827474,235.79722171359592,226.2959991455078,188.43133321126302,165.09299991607665,272.06398943010686,76.0,302.70001220703125,True,True,True,True,True,True,True,True,False,203.08108767947635,noise,89.42457231726283,False,False,False,False,,Silkflex Polymer,Chemicals & Petrochemicals,Specialty Chemicals
EFACTOR.NS,2026-09-18,165.0,169.30573272705078,181.9658177693685,176.30415740966797,196.53102305094401,224.01033470153808,168.41502565227648,148.87500202644688,345.38999009201893,False,False,False,False,False,False,False,False,False,-36.982110827481605,noise,41.1522633744856,False,False,False,False,,E Factor Experie,Other Consumer Services,Other Consumer Services
DYNAMIC.NS,2026-09-18,142.60000610351562,141.52083206176758,139.29999923706055,143.40899963378905,136.1116665649414,133.61199985504152,140.6335473096967,84.69999694824219,183.89999389648438,True,True,True,True,False,True,True,True,False,16.21842677279588,ppv,330.57851239669424,False,False,False,False,,Dynamic Services,Commercial Services & Supplies,Diversified Commercial Services
CPS.NS,2026-09-18,1185.0,1179.495829264323,1110.4541625976562,1084.9519958496094,1051.268663736979,1060.2799975585938,1180.0430990110046,695.0,1349.25,True,False,True,True,True,True,True,True,False,61.46613442969846,noise,36.76470588235294,False,False,False,False,,C P S Shapers,Textiles & Apparels,Garments & Apparels
MAGSON.NS,2026-09-18,180.0,181.41666793823242,183.37499957614475,182.9709994506836,169.29733327229818,158.37799987792968,181.3401749166963,100.5,213.89999389648438,True,True,True,True,False,True,True,False,False,57.964023537235136,green,239.42093541202672,False,False,False,False,,Magson Retail,Food Products,Packaged Foods
SAHAJSOLAR.NS,2026-09-18,91.5999984741211,95.62083371480306,103.22083324856229,108.72699966430665,125.87633371988932,133.8612501525879,94.89983245105415,90.0,250.0,False,False,False,False,False,False,False,False,False,-62.53578794514475,red,208.46493998736574,False,False,False,True,,Sahaj Solar,Electrical Equipment,Other Electrical Equipment
PROPEQUITY.NS,2026-09-18,192.0,209.93333435058594,214.72777811686197,218.62999938964845,211.68366587320963,205.1522494506836,204.94374930902697,145.0,268.0,False,True,True,True,False,True,False,False,False,-3.5175879396984966,red,147.05882352941177,False,False,False,False,,P.E. Analytics,Realty,Real Estate related services
PHANTOMFX.NS,2026-09-18,95.5,110.36249923706055,130.9763880835639,145.37699935913085,176.72733352661132,190.33250026702882,106.64150683451393,88.19999694824219,311.0,False,False,False,False,False,False,False,False,False,-62.260423296471245,noise,58.17280183101278,False,False,False,False,,Phantom Digital,Entertainment,Media & Entertainment
COOLCAPS.NS,2026-09-18,26.700000762939453,24.541666666666668,22.105555534362793,21.95599994659424,24.95633327484131,34.82050001144409,24.772689244396435,19.0,99.5,False,False,False,False,True,True,False,True,False,-72.04188401786445,ppv,293.6456996148909,False,False,False,False,,Cool Caps,Industrial Products,Packaging
TRANSTEEL.NS,2026-09-18,80.19999694824219,79.09166653951009,92.3874994913737,99.50399978637695,122.52933314005534,127.80624980926514,81.98058779586246,71.1500015258789,169.0,False,False,False,False,False,False,False,False,False,-38.54406364119372,noise,50.68281008024778,False,False,False,False,,Transteel Seatin,Consumer Durables,"Furniture, Home Furnishing"
MOS.NS,2026-09-18,5.5,6.84583334128062,9.406944341129726,10.409999952316284,13.388666620254517,15.59999995946884,6.576132342525661,5.099999904632568,55.20000076293945,False,False,False,False,False,False,False,False,False,-89.5437259324143,ppv,2516.6770898478217,True,False,False,False,,MOS Utility,Financial Technology (Fintech),Financial Technology (Fintech)
KRISHCA.NS,2026-09-18,164.0,159.91666539510092,163.2458322313097,164.71699920654297,171.69833312988283,175.54824981689453,160.11320546348466,138.0,225.0500030517578,False,False,False,False,False,False,False,True,False,-23.720930232558135,noise,55.446836268754076,False,False,False,False,,Krishca Strapp.,Industrial Products,Iron & Steel Products
MAHICKRA.NS,2026-09-18,314.5,298.89583587646484,283.83194563123914,275.08900146484376,240.11242970784505,218.9949870300293,302.30358267473844,130.91812553661782,314.5,True,True,True,True,True,True,True,True,False,108.40840178888227,dry,0.0,False,False,True,False,,Mahickra Chem.,Chemicals & Petrochemicals,Dyes And Pigments
ALLETEC.NS,2026-09-18,124.05000305175781,131.59999974568686,130.4249996609158,132.95299926757812,147.74933314005534,163.16500003814699,129.16338813566878,115.80000305175781,297.0,False,False,False,False,False,False,False,False,False,-56.00051891816062,red,108.09567617295308,False,False,False,False,,All E Tech,IT - Software,Computers - Software & Consulting
WTICAB.NS,2026-09-18,103.44999694824219,103.64583269755046,107.72499974568684,112.48999954223633,107.20333302815756,113.58899982452392,103.00197898305828,75.1500015258789,176.4499969482422,False,False,False,False,False,True,False,True,False,-39.14706061868106,noise,26.968716289104638,False,True,False,False,,Wise Travel,Transport Services,Road Transport
JAINAM.NS,2026-09-18,216.0,217.34583282470703,229.198610941569,233.30199981689452,228.66966684977214,231.44025032043456,218.3978094877914,169.0,315.0,False,False,False,True,False,False,False,False,False,-29.180327868852462,noise,76.33587786259542,False,False,False,False,,Jainam Ferro,Ferrous Metals,Ferro & Silica Manganese
OLIL.NS,2026-09-18,443.3500061035156,426.1499964396159,417.5402772691515,419.09399963378905,388.7850002034505,368.62649993896486,429.8519713419306,246.0,479.8999938964844,True,True,True,True,True,True,True,True,False,74.58161505466576,green,155.67282321899737,False,False,False,False,,OneClick Logisti,Transport Services,Logistics Solution Provider
SHREEKARNI.NS,2026-09-18,370.0,384.07916768391925,379.3236100938585,388.07099853515626,409.0893320719401,425.4127491760254,377.1841865867955,317.1000061035156,712.0,False,False,False,False,False,False,False,False,False,-29.92424242424242,dry,2.2271714922048997,False,True,False,False,,Shree Karni,Textiles & Apparels,Other Textile Products
RBMINFRA.NS,2026-09-18,275.45001220703125,271.2083346048991,258.4833340115017,262.38000061035154,316.29600016276044,338.4775001525879,279.3556121450641,221.0,524.7999877929688,False,False,False,False,True,False,False,False,False,-36.77263489816978,noise,69.28571428571428,False,False,False,False,,RBM Infracon,Commercial Services & Supplies,Diversified Commercial Services
SKP.NS,2026-09-18,160.9499969482422,160.4291674296061,158.78194427490234,157.78899993896485,157.2783337402344,161.10750045776368,162.13835573366157,137.0,238.0,False,False,False,False,True,False,False,False,False,-30.92274809088318,dry,17.6678445229682,False,False,False,False,,SKP Bearing,Industrial Products,Abrasives & Bearings
YASHOPTICS.NS,2026-09-18,133.89999389648438,122.12083307902019,117.67361089918349,116.99799987792969,118.28200007120768,119.02525016784668,124.31218982113981,97.5,153.5,True,False,False,False,True,True,True,True,False,-4.357147216796875,ppv,276.8729641693811,False,False,False,False,,Yash Optics,Consumer Durables,Diversified consumer products
MASON.NS,2026-09-18,110.6500015258789,113.92083422342937,117.86666679382324,119.35100006103515,133.09399993896486,146.9067497253418,113.92230109517257,101.19999694824219,220.0,False,False,False,False,False,False,False,False,False,-47.07007897125764,red,157.275401674587,False,False,False,False,,Mason Infratech,Realty,"Residential, Commercial Projects"
TCL.NS,2026-09-18,132.3000030517578,119.8291670481364,125.4833329518636,123.24299987792969,104.82366653442382,102.80624988555908,121.76626000378361,74.05000305175781,147.4499969482422,True,True,True,True,True,True,True,True,False,3.1578971163803704,green,154.20560747663552,False,False,False,False,,Thaai,Auto Components,Auto Components & Equipments
ARIHANTACA.NS,2026-09-18,500.0,496.34291585286456,478.67718421088324,474.72516967773436,469.51097310384114,469.87536849975584,495.51475770047693,383.4599833428105,552.7799769827852,True,False,False,True,True,True,True,True,False,27.12282272875999,green,240.96385542168676,False,False,False,False,,Arihant Academy,Other Consumer Services,Education
GRCL.NS,2026-09-18,572.5,572.8416646321615,548.7472229003906,565.7930017089843,496.36466756184893,464.50950088500974,571.2732116955359,306.6499938964844,629.2000122070312,True,True,True,True,True,True,True,True,False,57.45324268146774,dry,0.0,False,False,False,False,,Gayatri Rubbers,Industrial Products,Rubber
ASCOM.NS,2026-09-18,207.89999389648438,220.7791633605957,231.66111034817166,239.49199981689452,240.35733378092448,213.97975036621094,219.6292410883052,90.0,285.0,False,True,True,False,False,True,False,False,False,130.99999321831598,dry,0.0,False,False,False,False,,Ascom Leasing &,Finance,Non Banking Financial Company (NBFC)
UCL.NS,2026-09-18,230.5,242.4458325703939,241.7791659037272,225.73799896240234,156.6163326517741,129.91974948883058,239.98769424222988,38.70000076293945,260.0,True,True,True,True,True,True,True,False,False,495.60722340020027,dry,0.0,False,False,False,False,,Ushanti Colour,Chemicals & Petrochemicals,Dyes And Pigments
SYSTANGO.NS,2026-09-18,222.64999389648438,225.7833340962728,219.64444393581815,219.73499908447266,235.76821105957032,253.05969512939453,224.6094369577908,202.5500030517578,399.0573022567899,False,False,False,False,True,False,False,False,False,-1.370623206876398,noise,72.661217075386,False,False,False,False,,Systango Tech,IT - Software,Computers - Software & Consulting
FELIX.NS,2026-09-18,206.14999389648438,208.47916666666666,190.82777786254883,188.78200012207031,190.45966695149738,186.0437501525879,207.90309021124395,142.64999389648438,232.9499969482422,True,True,False,False,True,True,True,False,False,19.819814146976956,noise,32.13751868460389,False,True,False,False,,Felix Industries,Other Utilities,Water Supply & Management
ESFL.NS,2026-09-18,124.8499984741211,119.04166730244954,122.50972260369196,121.58900024414062,126.3206667582194,136.56475017547606,120.81285646598344,108.30000305175781,350.8524932744043,False,False,False,False,True,False,False,True,False,-63.412198787395745,noise,42.84490145672665,False,True,False,False,,Essen Speciality,Consumer Durables,Plastic Products - Consumer
HOACFOODS.NS,2026-09-18,842.4500122070312,927.3958333333334,840.1500023735894,803.3600024414062,591.4500016276041,527.3910009765625,893.3744142728264,219.85000610351562,1010.0,True,True,True,True,True,True,True,False,False,254.26829326981536,red,260.6177606177606,False,False,False,False,,Hoac Foods,Food Products,Other Food Products
FROG.NS,2026-09-18,281.70001220703125,264.22500228881836,232.05972205268012,219.6059997558594,178.64999954223632,172.49374980926513,266.17554734653373,123.5,303.0,True,True,False,True,True,True,True,True,False,14.233578765112288,red,145.32984977139125,False,False,False,False,,Frog Innovations,Telecom -  Equipment & Accessories,Telecom -  Equipment & Accessories
ANNAPURNA.NS,2026-09-18,132.5500030517578,139.04333114624023,145.06888834635416,141.01259963989258,151.15253311157227,164.81114978790282,137.8400804154337,120.75,287.0,False,False,False,False,False,False,False,False,False,-47.59833775412942,noise,69.59383735459687,False,False,False,False,,Annapurna Swadi.,Food Products,Packaged Foods
INFINIUM.NS,2026-09-18,265.0,268.05833689371747,241.7513910929362,232.46400177001954,217.1146672566732,218.70025009155273,267.4880825917994,189.39999389648438,285.5,True,False,False,True,True,True,True,False,False,5.746206522651143,noise,44.11764705882353,False,False,False,False,,Infinium Pharma,Pharmaceuticals & Biotechnology,Pharmaceuticals
TIRUPATI.NS,2026-09-18,308.0,309.5,328.89444563123914,364.9740020751953,448.29966715494794,504.4610000610352,310.30667114744006,295.0,893.0,False,False,False,False,False,False,False,False,False,-43.13145977032479,dry,0.0,False,False,False,True,,Shree Tirupati,Industrial Products,Plastic Products - Industrial
AKIKO.NS,2026-09-18,416.1000061035156,419.49166615804035,382.9111116197374,365.98599914550783,282.8353330485026,273.7592498779297,419.8190070696372,190.25,438.95001220703125,True,True,True,True,True,True,True,False,False,67.1755790707526,noise,63.33122229259025,False,False,False,False,,Akiko,Finance,Other Financial Services
HIGREEN.NS,2026-09-18,116.9000015258789,122.07500076293945,129.53055593702527,132.17600021362304,133.48300018310547,136.24200019836425,121.2651064710744,101.19999694824219,232.1999969482422,False,False,False,False,False,False,False,False,False,-44.41274378055612,red,180.0,False,False,False,False,,Hi-Green Carbon,Other Utilities,Waste Management
MADHUSUDAN.NS,2026-09-18,233.4499969482422,234.74166615804037,229.37083350287543,232.445,182.8580000813802,169.5584998703003,234.8610300122768,108.5999984741211,260.0,True,True,True,True,True,True,True,False,False,63.48038652606214,noise,60.155697098372265,False,False,False,False,,Madhusudan Masa,Food Products,Other Food Products
CGRAPHICS.NS,2026-09-18,135.39999389648438,144.15416717529297,144.9597227308485,141.50000061035155,148.96499989827473,157.03699974060058,142.2671355944653,122.0,246.0,False,False,False,False,False,False,False,False,False,-41.06637915278155,noise,68.04214223002634,False,False,False,False,,Creative Graphic,Industrial Products,Other Industrial Products
ATMASTCO.NS,2026-09-18,128.35000610351562,133.11250114440918,142.5222225189209,146.7690007019043,154.02233317057292,151.74349956512452,131.05800556797863,98.0,229.89999389648438,False,True,False,False,False,True,False,False,False,-38.6325556542734,noise,59.823677581863976,False,False,False,False,,Atmastco Ltd,Construction,Civil Construction
SHEETAL.NS,2026-09-18,359.0,348.6125005086263,332.4583333333333,321.7720001220703,283.16100036621094,256.602250289917,350.8345719115048,121.0,361.0,True,True,True,True,True,True,True,True,False,196.49470359381348,dry,7.874015748031496,False,True,True,False,,Sheetal Univer.,Agricultural Food & other Products,Other Agricultural Products
MEGATHERM.NS,2026-09-18,253.75,235.26250203450522,216.53472306993274,217.6520004272461,222.5883331298828,221.25349983215332,244.04530414324762,170.0,310.5,True,True,False,False,True,True,True,True,False,-17.613636363636363,noise,64.29277942631059,False,False,False,False,,Megatherm Indu.,Industrial Products,Other Industrial Products
VISHNUINFR.NS,2026-09-18,150.5500030517578,155.6125005086263,156.1569446987576,157.0770004272461,159.47666702270507,163.2842506790161,154.2838617478599,125.19999694824219,218.89999389648438,False,False,False,False,False,False,False,False,False,-10.881480243696451,red,105.07880910683012,False,False,False,False,,Vishnusurya Pro.,Other Construction Materials,Other Construction Materials
SHERA.NS,2026-09-18,186.0,183.71666717529297,175.35555521647134,172.82399963378907,151.10766657511394,144.69899993896485,184.485465770528,94.94999694824219,197.6999969482422,True,True,True,True,True,True,True,True,False,36.86534831022659,noise,65.88579795021961,False,True,False,False,,Shera Energy,Industrial Products,"Aluminium, Copper & Zinc Products"
COMMITTED.NS,2026-09-18,330.5,345.42916615804035,345.6874991522895,342.5169995117187,288.7216665649414,267.1292497253418,343.2323366933548,174.25,362.0,True,True,True,True,False,True,True,False,False,29.14003383452326,dry,7.047216349541931,False,False,False,False,,Committed Cargo,Transport Services,Logistics Solution Provider
GRETEX.NS,2026-09-18,225.0,232.92499796549478,272.60972171359595,279.92499938964846,272.24866678873695,252.78500007629395,232.48179227937825,180.5,304.0,False,True,True,True,False,False,False,False,False,13.065326633165819,dry,0.0,False,False,False,False,,Gretex Industrie,Entertainment,Media & Entertainment
ANLON.NS,2026-09-18,742.2000122070312,672.1333363850912,648.8722229003906,644.5250012207031,552.7570005289714,512.3060000610352,681.7936559432893,335.0,763.9000244140625,True,True,True,True,True,True,True,True,False,57.8645159719912,ppv,363.8814016172507,False,False,True,False,,Anlon Tech,Commercial Services & Supplies,Diversified Commercial Services
CHAVDA.NS,2026-09-18,120.0,124.28750038146973,130.8347233666314,125.4410009765625,106.27266698201497,108.47250019073486,124.4857388584158,80.5999984741211,148.0,True,False,True,True,False,True,True,False,False,6.714098049493833,dry,8.896797153024911,False,False,False,False,,Chavda Infra Ltd,Construction,Civil Construction
GPECO.NS,2026-09-18,396.6499938964844,408.8916651407878,403.8152779473199,410.26399963378907,391.4616658528646,395.04449951171875,403.1337450662224,264.04998779296875,599.9000244140625,True,False,False,True,False,True,False,False,False,-28.576571291285692,noise,52.61806981519507,False,False,False,False,,GP Eco Solutions,Electrical Equipment,Other Electrical Equipment
SJLOGISTIC.NS,2026-09-18,314.0,316.8374989827474,322.78055657280817,323.2740008544922,317.7053342692057,326.1105004882813,317.3221250002762,225.35000610351562,459.0,False,False,False,False,False,True,False,False,False,-26.143712923008344,noise,48.26936661172592,False,False,False,False,,S J Logistics (I,Transport Services,Logistics Solution Provider
BASILIC.NS,2026-09-18,178.10000610351562,188.5,191.9555549621582,193.59499969482422,210.1663335164388,233.6457502746582,186.15224160631078,164.0,445.79998779296875,False,False,False,False,False,False,False,False,False,-58.38298842778035,noise,51.433574086233314,False,False,False,False,,Basilic Fly Stud,Entertainment,Media & Entertainment
APS.NS,2026-09-18,230.5,241.76666768391928,250.04861238267688,260.54200164794923,306.3650013224284,320.2802509307861,239.01448335211856,225.10000610351562,543.8331494744521,False,False,False,False,False,False,False,False,False,-52.852855121023204,noise,54.95978552278821,False,False,False,True,,Australian Prem,Electrical Equipment,Heavy Electrical Equipment
SAAKSHI.NS,2026-09-18,372.8999938964844,336.37082926432294,306.4069425794813,303.9049981689453,250.74133229573567,233.84224922180175,345.24091739650385,147.39999389648438,377.20001220703125,True,True,True,True,True,True,True,True,False,103.77048846802425,green,143.46764346764346,False,True,True,False,,Saakshi Medtech,Electrical Equipment,Other Electrical Equipment
SUPREMEPWR.NS,2026-09-18,207.35000610351562,218.91250228881836,215.125,214.3850003051758,211.35099934895834,204.97749954223633,215.9721595633623,130.5500030517578,291.3500061035156,False,True,False,True,False,True,False,False,False,6.088518465633297,noise,60.82725060827251,False,False,False,False,,Supreme Power,Electrical Equipment,Other Electrical Equipment
ABSMARINE.NS,2026-09-18,286.20001220703125,312.05833689371747,266.11527887980145,254.2050003051758,226.95166687011718,218.44975006103516,302.45857374025593,143.0500030517578,347.75,True,True,True,True,True,True,True,False,False,51.38852556837878,red,135.15531660692952,False,False,False,False,,ABS Marine,Transport Services,Shipping
SARTELE.NS,2026-09-18,75.1500015258789,84.45833333333333,100.33472230699327,106.46999954223632,143.02100001017251,164.23274974823,82.32373657777579,73.0,264.8500061035156,False,False,False,False,False,False,False,False,False,-61.91079555829264,noise,80.81395348837209,False,False,False,False,,Sar Televenture,Telecom - Services,Telecom - Infrastructure
PROV.NS,2026-09-18,1951.3499755859375,1803.9458312988281,1798.5930548773872,1762.5219995117188,1494.27,1435.6820001220703,1790.0540309903554,940.0,1954.0,True,True,True,True,True,True,True,True,False,102.02401141564023,green,462.42774566473986,True,False,True,False,,Proventus Agro.,Food Products,Other Food Products
GGBL.NS,2026-09-18,205.39999389648438,214.87916692097983,231.90416717529297,240.2570001220703,278.4987175496419,284.9957615661621,212.49864953281457,202.0500030517578,474.17292730312516,False,False,False,False,False,False,False,False,False,-50.20973461874002,noise,83.98656215005599,False,False,False,True,,Ganesh Green,Electrical Equipment,Other Electrical Equipment
CELLECOR.NS,2026-09-18,30.0,31.516666730244953,31.854166666666668,32.975000076293945,32.93366678873698,31.942750091552735,31.100576397016006,21.799999237060547,43.849998474121094,False,True,False,True,False,True,False,False,False,-7.834099222211921,noise,84.26966292134831,False,False,False,False,,Cellecor Gadgets,Consumer Durables,Consumer Electronics
DENTALKART.NS,2026-09-18,420.3999938964844,400.90416717529297,401.90416547987195,403.4939996337891,407.4180006917318,450.63975051879885,401.43193756220614,322.5,635.5999755859375,False,False,False,False,True,True,False,True,False,-31.08196821369109,green,111.35857461024499,False,False,False,False,,Vasa Denticity,Healthcare Equipment & Supplies,Medical Equipment & Supplies
KARNIKA.NS,2026-09-18,120.0,118.58333333333333,116.625,117.0970002746582,123.65933349609375,122.88075008392335,118.65891545483413,90.25,198.86180512089413,False,True,False,False,True,True,False,True,False,-35.66386358283542,dry,19.613759806879905,False,False,False,False,,Karnika Industri,Textiles & Apparels,Garments & Apparels
PCCL.NS,2026-09-18,445.0,434.1500015258789,363.93472374810113,334.7710012817383,281.9300008138021,264.2230005645752,431.6009961876671,168.39999389648438,451.04998779296875,True,True,True,True,True,True,True,True,False,144.63992024828792,noise,27.391487568478716,False,False,True,False,,Petro Carbon,Minerals & Mining,Industrial Minerals
ZTECH.NS,2026-09-18,412.25,450.42083231608075,487.4638900756836,505.8330010986328,548.4463344319662,559.9857524108887,436.236174788759,385.0,701.0,False,False,False,False,False,False,False,False,False,-30.80151070079732,noise,97.32713538640326,False,True,False,False,,Z-Tech (India),Other Utilities,Waste Management
PARIN.NS,2026-09-18,704.0,708.9749959309896,710.6402791341146,713.2430017089844,686.9330000813802,665.5290017700195,706.1291162838132,460.95001220703125,748.0,True,True,True,True,False,True,True,False,False,47.75946730254079,noise,63.72132540356839,False,False,False,False,,Parin Enterpris.,Consumer Durables,"Furniture, Home Furnishing"
BAHETI.NS,2026-09-18,776.0999755859375,817.6958312988281,796.2388865152994,771.6589990234374,656.9753336588542,641.84875,801.4860810256465,478.0,881.0,True,True,True,True,True,True,True,False,False,39.76228932950907,noise,99.00990099009901,False,True,False,False,,Baheti Recycling,Industrial Products,"Aluminium, Copper & Zinc Products"
VINSYS.NS,2026-09-18,580.0,592.1125030517578,582.6194474962023,562.2420007324218,416.2973336791992,404.731000289917,587.5071205838593,215.0,610.9000244140625,True,True,True,True,True,True,True,False,False,38.39178991964578,noise,148.7111698612029,False,False,False,False,,Vinsys IT Serv.,Other Consumer Services,Education
SAHANA.NS,2026-09-18,848.75,901.0499979654948,858.9793972439236,854.1776647949218,879.9438879394531,882.2806665039062,888.06646310311,685.0,1256.0,False,False,False,False,False,False,False,False,False,-28.157272519022214,noise,47.23893860497022,False,False,False,False,,Sahana Systems,IT - Services,IT Enabled Services
EFFWA.NS,2026-09-18,362.1000061035156,363.8208312988281,355.67777676052515,360.5379998779297,293.27833272298176,275.61999938964846,360.1650681927488,165.0,399.95001220703125,True,True,True,True,True,True,True,True,False,65.87265279041867,green,176.38412542871143,False,False,False,False,,Effwa Infra,Other Utilities,Waste Management
VILAS.NS,2026-09-18,372.3999938964844,346.93750254313153,353.7083333333333,357.4529998779297,380.57633321126303,379.28724975585936,345.9597672476931,313.25,589.9500122070312,False,True,False,False,True,False,False,True,False,-35.554207903379705,ppv,495.13792419130783,True,False,False,False,,Vilas Transcore,Industrial Products,Other Industrial Products
SWARAJ.NS,2026-09-18,273.04998779296875,331.62916310628253,354.71249813503687,356.3349987792969,305.8176673380534,292.48750061035156,317.82833687738577,158.5,386.75,False,True,True,True,False,True,False,False,False,51.27423146424861,red,242.2223641702339,False,False,False,False,,Swaraj Suiting,Textiles & Apparels,Other Textile Products
PRIZOR.NS,2026-09-18,1106.9000244140625,1184.191670735677,1020.6583319769966,967.8869995117187,713.8109995524088,605.4532497406005,1154.04584572464,216.64999389648438,1248.8499755859375,True,True,True,True,True,True,True,False,False,250.39570933856265,noise,41.3625304136253,False,False,False,False,,Prizor Viztech,Industrial Manufacturing,Industrial Products
REMUS.NS,2026-09-18,979.0499877929688,896.6374867757162,868.4083302815756,829.6499975585938,744.2973315429688,732.9237490844727,905.501239538386,580.0,1007.0,True,True,True,True,True,True,True,True,False,19.54818131356102,ppv,87.26899383983573,False,False,True,False,,Remus Pharma.,Pharmaceuticals & Biotechnology,Pharmaceuticals
TAC.NS,2026-09-18,490.8999938964844,450.1375045776367,458.54305775960285,464.44800231933596,456.48700134277345,522.1802516174316,462.2873229554673,347.3999938964844,1174.699951171875,False,False,False,False,True,True,False,True,False,-55.89001858860221,noise,39.17017263890904,False,False,False,False,,TAC Infosec,IT - Software,Computers - Software & Consulting
MVKAGRO.NS,2026-09-18,244.3000030517578,254.09166463216147,242.98472128974066,284.2199996948242,423.9500005086263,493.64924995422365,258.03165022725307,152.0500030517578,819.0,False,False,False,False,False,True,False,False,False,-38.886803489241316,noise,34.072806655259896,False,False,False,False,,M.V.K. Agro,Agricultural Food & other Products,Sugar
UNIHEALTH.NS,2026-09-18,680.0,710.7916717529297,729.026390923394,730.4060021972656,537.4813342285156,477.3935009765625,703.5068101519828,133.64999389648438,820.0,True,True,True,True,False,True,True,False,False,307.185628742515,noise,61.61971830985915,False,False,False,False,,Unihealth Hosp,Healthcare Services,Hospital
ACCENTMIC.NS,2026-09-18,681.75,654.5708312988281,591.8597200181749,568.5872186279297,464.7598063151042,432.93554489135744,665.4894515526743,237.53315895751183,731.7000122070312,True,True,True,True,True,True,True,True,False,159.35553708841636,noise,34.612490594431904,False,False,False,False,,Accent Microcell,Pharmaceuticals & Biotechnology,Pharmaceuticals
DPEL.NS,2026-09-18,648.5,618.1083374023438,581.6152818467882,580.4610034179688,485.03833333333336,434.4852498626709,625.9540641608031,227.8000030517578,655.0,True,True,True,True,True,True,True,True,False,168.36334218067392,noise,89.63178294573643,False,False,True,False,,Divine Power,Industrial Products,Cables - Electricals
VINYAS.NS,2026-09-18,1432.3499755859375,1523.6999816894531,1441.5222303602432,1405.666005859375,1210.5056693522135,1191.2667498779297,1500.6619848097293,809.0,1730.0,True,True,True,True,True,True,True,False,False,15.825006857910306,noise,30.52598622417032,False,True,False,False,,Vinyas Innovativ,Industrial Manufacturing,Industrial Products
KODYTECH.NS,2026-09-18,1516.800048828125,1503.7583312988281,1440.374993218316,1387.5669921875,1025.6996634928385,991.7244976806641,1477.9356914308655,556.0499877929688,1596.0,True,True,True,True,True,True,True,True,False,109.60409005116443,noise,22.796352583586625,False,False,False,False,,Kody Technolab,IT - Software,Computers - Software & Consulting
ALPEXSOLAR.NS,2026-09-18,916.6500244140625,901.0083363850912,850.2666676839193,847.6030004882813,885.5516670735677,874.2844982910157,902.25480483306,660.0,1353.949951171875,True,True,False,False,True,True,False,True,False,-29.868789245223425,noise,59.10165484633569,False,False,False,False,,Alpex Solar,Electrical Equipment,Other Electrical Equipment
ORIANA.NS,2026-09-18,271.75,494.4683202107747,1047.8575024074978,1157.5164031982422,1597.9271319580077,1710.2108488464355,419.4855651981035,240.1999969482422,3064.0,False,False,False,False,False,False,False,False,False,-89.54365269108943,green,191.1134361605184,False,False,False,False,,Oriana Power Ltd,Electrical Equipment,Other Electrical Equipment
AIMTRON.NS,2026-09-18,1662.25,1666.5874837239583,1646.9722052680122,1564.2889892578125,1209.4639986165364,1111.6674984741212,1663.046591180848,675.0,1800.0,True,True,True,True,True,True,True,False,False,131.1570096557943,noise,94.3820224719101,False,False,False,False,,Aimtron,Industrial Manufacturing,Industrial Products
VMARCIND.NS,2026-09-18,346.75,333.6000010172526,341.8875003390842,324.3320001220703,726.0657792154948,707.3563339233399,340.4115315615273,248.0,1708.0,False,True,False,False,True,True,False,True,False,-22.47931825106777,noise,33.088821559559875,False,False,False,False,,V-Marc India,Industrial Products,Cables - Electricals
FAALCON.NS,2026-09-18,39.16999816894531,41.85416603088379,40.16055552164713,40.15,37.95366678873698,38.76260004043579,41.302870709593016,27.75,62.220001220703125,True,False,False,True,False,True,False,False,False,-4.4867111141083775,noise,64.51612903225806,False,False,False,False,BSE,Faalcon Concepts,Industrial Manufacturing,Industrial Products
RAJPUTANA.NS,2026-09-18,30.079999923706055,29.704999923706055,30.219722165001762,31.176399955749513,32.75060001373291,33.990700006484985,29.679451540564834,25.850000381469727,46.79999923706055,False,False,False,False,False,False,False,True,False,-30.802854660652546,dry,9.894027605154706,False,False,False,False,BSE,Rajputana Bio.,Chemicals & Petrochemicals,Petrochemicals
