symbol,total_market_cap_cr,price_band,last_updated
360ONE.NS,44497.4,No Band,2026-09-11
3BBLACKBIO.NS,,20,2026-09-11
3PLAND.NS,,20,2026-09-11
ABINFRA.NS,651.57,5,2026-09-11
ABLBL.NS,11394.52,20,2026-09-11
AGUL.NS,34.49,5,2026-09-11
AKCAPIT.NS,,20,2026-09-11
A2ZINFRA.NS,222.97,5,2026-09-11
AAATECH.NS,116.19,20,2026-09-11
AAKASH.NS,92.04,20,2026-09-11
AAREYDRUGS.NS,215.44,5,2026-09-11
AARNAV.NS,,5,2026-09-11
AARON.NS,246.08,20,2026-09-11
AARTIPHARM.NS,6100.03,20,2026-09-11
AATMAJ.NS,60.45,20,2026-09-11
ABCOTS.NS,448.39,20,2026-09-11
ABAN.NS,87.37,2,2026-09-11
ABANSENT.NS,,5,2026-09-11
ABMKNO.NS,,20,2026-09-11
ABSMARINE.NS,807.7,20,2026-09-11
ACCURACY.NS,75.43,5,2026-09-11
ACEINTEG.NS,19.54,20,2026-09-11
ACSTECH.NS,,5,2026-09-11
ADANIGREEN.NS,242513.75,No Band,2026-09-11
ADANIPOWER.NS,418381.45,No Band,2026-09-11
ATGL.NS,74963.05,20,2026-09-11
BIRLAMONEY.NS,761.8,20,2026-09-11
ABSLAMC.NS,29010.26,20,2026-09-11
ABFRL.NS,6941.71,20,2026-09-11
CPPLUS.NS,40614.81,5,2026-09-11
ADVAIT.NS,2511.3,20,2026-09-11
ADVANCE.NS,718.52,20,2026-09-11
ADVENZYMES.NS,3505.41,20,2026-09-11
ADVANIHOTR.NS,482.25,20,2026-09-11
ADVENTHTL.NS,777.37,20,2026-09-11
AEQUS.NS,15241.08,20,2026-09-11
AEROFLEX.NS,5387.19,10,2026-09-11
AERONEU.NS,221.77,20,2026-09-11
AFCONS.NS,10663.92,20,2026-09-11
AGARIND.NS,719.1,20,2026-09-11
AGIIL.NS,4035.54,20,2026-09-11
AGNI.NS,101.19,5,2026-09-11
AGRITECH.NS,65.54,5,2026-09-11
AGROPHOS.NS,59.73,20,2026-09-11
AGSTRA.NS,28.31,5,2026-09-11
AHLADA.NS,49.2,20,2026-09-11
AHLUCONT.NS,5512.74,20,2026-09-11
AIRAN.NS,190.28,20,2026-09-11
AJMERA.NS,2446.17,20,2026-09-11
AKASH.NS,45.44,20,2026-09-11
AKG.NS,29.9,20,2026-09-11
AKI.NS,46.44,5,2026-09-11
AFIL.NS,413.8,20,2026-09-11
AKSHOPTFBR.NS,93.88,5,2026-09-11
AKSHAR.NS,33.07,20,2026-09-11
ALANKIT.NS,215.03,20,2026-09-11
ALBERTDAVD.NS,392.37,20,2026-09-11
ALEMBICLTD.NS,2274.83,20,2026-09-11
ALGOQUANT.NS,1878.28,20,2026-09-11
ALICON.NS,1058.38,20,2026-09-11
ALKALI.NS,79.76,20,2026-09-11
ALLETEC.NS,695.18,10,2026-09-11
ALLTIME.NS,1516.05,20,2026-09-11
ALLCARGO.NS,1205.71,10,2026-09-11
ATL.NS,677.99,20,2026-09-11
ADSL.NS,661.9,20,2026-09-11
ALMONDZ.NS,227.37,20,2026-09-11
ALOKINDS.NS,5978.15,10,2026-09-11
ALPA.NS,140.17,20,2026-09-11
ALPEXSOLAR.NS,2053.2,20,2026-09-11
ALPHAGEO.NS,126.18,5,2026-09-11
ALUWIND.NS,156.29,20,2026-09-11
AMAGI.NS,13236.7,20,2026-09-11
AMANTA.NS,648.45,2,2026-09-11
AMBALALSA.NS,238.02,5,2026-09-11
AMBER.NS,26376.76,No Band,2026-09-11
AMEYA.NS,90.86,5,2026-09-11
AMIABLE.NS,13.46,20,2026-09-11
AMNPLST.NS,1068.6,20,2026-09-11
AMJLAND.NS,151.66,20,2026-09-11
AMRUTANJAN.NS,1529.1,20,2026-09-11
ARSSBL.NS,3264.32,20,2026-09-11
ACL.NS,448.88,20,2026-09-11
ANDHRAPAP.NS,1200.46,20,2026-09-11
ANDHRSUGAR.NS,1140.26,20,2026-09-11
ANGELONE.NS,28538.33,No Band,2026-09-11
ANIKINDS.NS,116.48,20,2026-09-11
APCL.NS,307.97,20,2026-09-11
ANKITMETAL.NS,20.6,2,2026-09-11
AHCL.NS,790.36,20,2026-09-11
ANLON.NS,316.52,10,2026-09-11
ANMOL.NS,57.43,10,2026-09-11
ANNAPURNA.NS,529.99,20,2026-09-11
ANSALAPI.NS,46.12,2,2026-09-11
ANTGRAPHIC.NS,11.63,20,2026-09-11
ANTHEM.NS,43751.89,20,2026-09-11
AWHCL.NS,1241.83,20,2026-09-11
ANURAS.NS,14244.7,20,2026-09-11
APARINDS.NS,54757.48,20,2026-09-11
APEX.NS,1225.47,20,2026-09-11
APLAPOLLO.NS,50614.35,No Band,2026-09-11
APOLLOPIPE.NS,2155.56,20,2026-09-11
APOLSINHOT.NS,311.16,20,2026-09-11
APTECHT.NS,534.03,5,2026-09-11
AQYLON.NS,737.59,5,2026-09-11
ARABIAN.NS,89.91,20,2026-09-11
ARCHIDPLY.NS,157.86,20,2026-09-11
ARCHIES.NS,46.52,20,2026-09-11
ARFIN.NS,1494.88,20,2026-09-11
ARIES.NS,442.15,5,2026-09-11
ARIHANT.NS,986.15,20,2026-09-11
AROGRANITE.NS,37.85,20,2026-09-11
ARSHIYA.NS,25.82,5,2026-09-11
ARTNIRMAN.NS,96.95,20,2026-09-11
AEPL.NS,375.8,20,2026-09-11
ARVEE.NS,171.01,20,2026-09-11
ASHAPURMIN.NS,6464.25,20,2026-09-11
ASHOKLEY.NS,89570.41,No Band,2026-09-11
ASHOKA.NS,3437.46,20,2026-09-11
ASHOKAMET.NS,35.27,20,2026-09-11
ASIANENE.NS,1703.86,20,2026-09-11
ASIANTILES.NS,1287.3,10,2026-09-11
AHLEAST.NS,257.96,20,2026-09-11
AHLWEST.NS,652.47,5,2026-09-11
ASTAR.NS,,20,2026-09-11
ASPIRE.NS,164.68,5,2026-09-11
ASALCBR.NS,1574.81,20,2026-09-11
ASTEC.NS,1499.04,20,2026-09-11
ASTRAL.NS,38438.47,No Band,2026-09-11
ASTRAZEN.NS,20077.5,20,2026-09-11
ATAM.NS,77.05,20,2026-09-11
ATLANTAELE.NS,12411.88,10,2026-09-11
ATLANTAA.NS,299.51,20,2026-09-11
ATLASCYCLE.NS,64.02,20,2026-09-11
ATMASTCO.NS,756.88,5,2026-09-11
ATUL.NS,18069.88,20,2026-09-11
AUBANK.NS,73383.89,No Band,2026-09-11
AURIONPRO.NS,4566.99,20,2026-09-11
AUROIMPEX.NS,98.34,5,2026-09-11
APS.NS,1026.78,20,2026-09-11
AUTOIND.NS,377.75,20,2026-09-11
AVANTEL.NS,4378.12,20,2026-09-11
AVANTIFEED.NS,13528.51,20,2026-09-11
DMART.NS,260931.0,No Band,2026-09-11
ASMS.NS,216.25,5,2026-09-11
AVONMORE.NS,273.72,20,2026-09-11
AVPINFRA.NS,357.58,10,2026-09-11
AVROIND.NS,119.28,20,2026-09-11
AVTNPL.NS,1059.59,20,2026-09-11
AWFIS.NS,2033.11,20,2026-09-11
AXISBANK.NS,385276.55,No Band,2026-09-11
AXISCADES.NS,6575.29,10,2026-09-11
AXITA.NS,281.65,20,2026-09-11
AYE.NS,4333.95,20,2026-09-11
BNALTD.NS,,5,2026-09-11
BLKASHYAP.NS,1236.09,20,2026-09-11
STYLEBAAZA.NS,2154.95,5,2026-09-11
BABAFP.NS,86.61,20,2026-09-11
BAGFILMS.NS,97.85,20,2026-09-11
BAIDFIN.NS,152.56,20,2026-09-11
BAJAJCON.NS,6917.55,20,2026-09-11
BAJAJHIND.NS,4015.31,20,2026-09-11
BAJAJHFL.NS,71176.74,10,2026-09-11
BAJAJST.NS,,20,2026-09-11
BAJEL.NS,2135.42,20,2026-09-11
BALAJITELE.NS,1037.02,20,2026-09-11
BALAXI.NS,132.5,10,2026-09-11
BALKRISIND.NS,38947.61,20,2026-09-11
BALKRISHNA.NS,56.48,20,2026-09-11
BLIL.NS,,20,2026-09-11
BALMLAWRIE.NS,3018.22,20,2026-09-11
BALUFORGE.NS,4922.8,20,2026-09-11
BANCOINDIA.NS,9085.73,20,2026-09-11
BANDHANBNK.NS,27952.2,No Band,2026-09-11
BANG.NS,38.71,20,2026-09-11
BANKBARODA.NS,127086.23,No Band,2026-09-11
MAHABANK.NS,60894.04,No Band,2026-09-11
BANKA.NS,93.28,5,2026-09-11
BANARISUG.NS,4359.55,20,2026-09-11
BANSALWIRE.NS,4931.51,20,2026-09-11
BVCL.NS,91.61,20,2026-09-11
BASILIC.NS,1319.1,20,2026-09-11
BATLIBOI.NS,416.73,20,2026-09-11
BAWEJA.NS,154.33,10,2026-09-11
BCLIND.NS,1029.23,20,2026-09-11
BCPL.NS,116.73,20,2026-09-11
BEARDSELL.NS,108.22,20,2026-09-11
BEDMUTHA.NS,351.35,10,2026-09-11
BEEKAY.NS,,20,2026-09-11
BELLACASA.NS,320.23,20,2026-09-11
BLAL.NS,741.02,20,2026-09-11
BEML.NS,14463.13,20,2026-09-11
BENGALASM.NS,,20,2026-09-11
BERGEPAINT.NS,57886.21,20,2026-09-11
BESTAGRO.NS,538.75,10,2026-09-11
BEWLTD.NS,1874.71,20,2026-09-11
BFUTILITIE.NS,2207.7,20,2026-09-11
BGRENERGY.NS,2052.64,5,2026-09-11
BHAGCHEM.NS,3421.32,20,2026-09-11
BHANDARI.NS,96.89,10,2026-09-11
BBL.NS,2886.7,20,2026-09-11
BHARATCOAL.NS,,20,2026-09-11
BDL.NS,45801.98,No Band,2026-09-11
BEL.NS,297325.25,No Band,2026-09-11
BHARATRAS.NS,2131.32,20,2026-09-11
BRNL.NS,145.91,20,2026-09-11
BHARATWIRE.NS,1340.21,20,2026-09-11
BTTL.NS,290.93,5,2026-09-11
BIGBLOC.NS,665.55,20,2026-09-11
BIKAJI.NS,15953.1,20,2026-09-11
BILVYAPAR.NS,12.95,5,2026-09-11
BI.NS,,5,2026-09-11
GROWW.NS,126246.25,20,2026-09-11
BIMETAL.NS,248.74,20,2026-09-11
BIOFILCHEM.NS,54.4,20,2026-09-11
BIRLACABLE.NS,577.11,5,2026-09-11
BIRLAPREC.NS,,5,2026-09-11
BIRLANU.NS,1011.39,20,2026-09-11
BSOFT.NS,7899.52,20,2026-09-11
BBOX.NS,13868.72,10,2026-09-11
BLACKROSE.NS,,5,2026-09-11
BLBLIMITED.NS,82.84,20,2026-09-11
BLS.NS,9489.7,20,2026-09-11
BLUECOAST.NS,52.35,5,2026-09-11
BLUECHIP.NS,10.89,2,2026-09-11
BLUEDART.NS,11417.17,20,2026-09-11
BLUEPEBBLE.NS,107.73,20,2026-09-11
BLUESTONE.NS,11827.52,20,2026-09-11
BMWVENTLTD.NS,491.5,20,2026-09-11
BNAGROCHEM.NS,,5,2026-09-11
BODALCHEM.NS,822.67,5,2026-09-11
BTML.NS,109.02,20,2026-09-11
BOHRAIND.NS,13.47,10,2026-09-11
BOMDYEING.NS,2487.09,20,2026-09-11
BMETRICS.NS,152.69,20,2026-09-11
BSHSL.NS,913.9,10,2026-09-11
BONLON.NS,69.15,10,2026-09-11
BOSCH-HCIL.NS,3589.74,20,2026-09-11
BPL.NS,265.64,20,2026-09-11
FIRSTCRY.NS,10048.39,20,2026-09-11
BCONCEPTS.NS,234.55,20,2026-09-11
BRIGHOTEL.NS,2301.85,20,2026-09-11
BCG.NS,1917.6,20,2026-09-11
BSE.NS,147514.2,No Band,2026-09-11
BSL.NS,128.76,20,2026-09-11
CPS.NS,63.06,5,2026-09-11
CAMLINFINE.NS,2332.76,20,2026-09-11
CAMPUS.NS,6765.34,20,2026-09-11
CAMS.NS,19186.23,No Band,2026-09-11
CANFINHOME.NS,10916.01,20,2026-09-11
CANBK.NS,114707.46,No Band,2026-09-11
CANHLIFE.NS,14346.82,20,2026-09-11
CRAMC.NS,5320.66,20,2026-09-11
CANARYS.NS,309.43,20,2026-09-11
CAPACITE.NS,1836.33,20,2026-09-11
CAPILLARY.NS,3814.66,20,2026-09-11
CIFL.NS,817.7,20,2026-09-11
CARBORUNIV.NS,20361.85,20,2026-09-11
CPEDU.NS,342.61,20,2026-09-11
CARRARO.NS,3094.43,20,2026-09-11
CEATLTD.NS,13496.26,20,2026-09-11
CEIGALL.NS,5907.29,10,2026-09-11
CEINSYS.NS,1821.05,20,2026-09-11
CELEBRITY.NS,46.09,20,2026-09-11
CELLECOR.NS,6286.53,20,2026-09-11
CELLO.NS,7712.2,20,2026-09-11
CENTRALBK.NS,28222.27,20,2026-09-11
CMPDI.NS,,20,2026-09-11
CENTEXT.NS,151.12,20,2026-09-11
CEREBRAINT.NS,36.96,2,2026-09-11
CESC.NS,21797.68,20,2026-09-11
CGPOWER.NS,143775.14,No Band,2026-09-11
CMNL.NS,164.0,20,2026-09-11
CLSEL.NS,1401.52,20,2026-09-11
CHAMBLFERT.NS,17458.42,20,2026-09-11
CHEMBONDCH.NS,693.07,5,2026-09-11
CHEMCON.NS,649.57,5,2026-09-11
CHEMFAB.NS,524.64,20,2026-09-11
CHEMPLASTS.NS,3108.59,20,2026-09-11
CHOLAHLDNG.NS,28675.5,20,2026-09-11
CINELINE.NS,267.93,20,2026-09-11
CINEVISTA.NS,88.8,20,2026-09-11
CLEANMAX.NS,16049.21,20,2026-09-11
CLEAN.NS,7842.06,20,2026-09-11
CMRGREEN.NS,,10,2026-09-11
CMSINFO.NS,4368.13,20,2026-09-11
COALINDIA.NS,264011.28,No Band,2026-09-11
COASTCORP.NS,339.98,20,2026-09-11
COCHINSHIP.NS,35981.56,No Band,2026-09-11
COFFEEDAY.NS,647.06,10,2026-09-11
COMFINTE.NS,,20,2026-09-11
COMPINFO.NS,10.04,5,2026-09-11
COMPUSOFT.NS,104.13,20,2026-09-11
CEWATER.NS,621.51,20,2026-09-11
CONTI.NS,47.13,5,2026-09-11
COOLCAPS.NS,4695.25,10,2026-09-11
CORALFINAC.NS,127.72,20,2026-09-11
CORDSCABLE.NS,268.3,20,2026-09-11
CORONA.NS,,20,2026-09-11
CCHHL.NS,208.25,20,2026-09-11
CRAYONS.NS,302.93,5,2026-09-11
CREATIVEYE.NS,12.14,20,2026-09-11
CGRAPHICS.NS,433.02,20,2026-09-11
MUFTI.NS,546.83,20,2026-09-11
CRIZAC.NS,3245.93,10,2026-09-11
CROMPTON.NS,16464.9,No Band,2026-09-11
CSBBANK.NS,5852.06,20,2026-09-11
CSLFINANCE.NS,482.72,20,2026-09-11
CUBEXTUB.NS,111.75,20,2026-09-11
CURAA.NS,70.29,20,2026-09-11
CYBERMEDIA.NS,31.24,5,2026-09-11
CMRSL.NS,42.46,5,2026-09-11
CYIENT.NS,8777.95,20,2026-09-11
DPWIRES.NS,263.04,5,2026-09-11
DLINKINDIA.NS,1590.26,20,2026-09-11
DKEGL.NS,58.56,20,2026-09-11
DABUR.NS,75659.07,No Band,2026-09-11
DAICHI.NS,,5,2026-09-11
DAMODARIND.NS,67.1,5,2026-09-11
DANGEE.NS,46.81,10,2026-09-11
DAVANGERE.NS,471.9,10,2026-09-11
DCI.NS,434.85,20,2026-09-11
DCG.NS,253.46,10,2026-09-11
DCM.NS,171.97,20,2026-09-11
DCMFINSERV.NS,11.06,10,2026-09-11
DCMNVL.NS,276.11,5,2026-09-11
DCMSHRIRAM.NS,15697.63,20,2026-09-11
DSFCL.NS,244.54,5,2026-09-11
DCMSIL.NS,722.47,10,2026-09-11
DCW.NS,1360.07,20,2026-09-11
DCXINDIA.NS,2036.48,20,2026-09-11
DENEERS.NS,171.27,20,2026-09-11
DECNGOLD.NS,,20,2026-09-11
DECCANCE.NS,790.23,20,2026-09-11
DEEPINDS.NS,3004.8,20,2026-09-11
DBEIL.NS,337.25,20,2026-09-11
DELAPLEX.NS,245.15,20,2026-09-11
DELHIVERY.NS,35025.79,No Band,2026-09-11
DELPHIFX.NS,167.76,5,2026-09-11
DELTACORP.NS,1683.21,20,2026-09-11
DELTAMAGNT.NS,63.22,20,2026-09-11
DEN.NS,1306.34,20,2026-09-11
DEVX.NS,322.6,20,2026-09-11
DEVIT.NS,150.49,20,2026-09-11
DEVYANI.NS,13640.01,20,2026-09-11
DBOL.NS,681.96,20,2026-09-11
DHANLAXMI.NS,89.8,20,2026-09-11
DHANUKA.NS,4500.18,20,2026-09-11
DHARMAJ.NS,880.59,20,2026-09-11
DHRUV.NS,48.36,5,2026-09-11
DTIL.NS,141.18,5,2026-09-11
DIAMINESQ.NS,250.1,20,2026-09-11
DTL.NS,153.9,20,2026-09-11
DGCONTENT.NS,140.99,20,2026-09-11
DIGIDRIVE.NS,69.4,20,2026-09-11
DIGIKORE.NS,632.46,20,2026-09-11
DIGISPICE.NS,393.63,5,2026-09-11
DIGJAMLMTD.NS,88.02,5,2026-09-11
DNAMEDIA.NS,33.31,20,2026-09-11
DBL.NS,6505.1,20,2026-09-11
DISAQ.NS,,20,2026-09-11
DISHTV.NS,532.12,5,2026-09-11
DCAL.NS,2918.99,20,2026-09-11
DHTL.NS,32.91,5,2026-09-11
DODLA.NS,6415.26,20,2026-09-11
DOLATALGO.NS,1209.3,20,2026-09-11
DOLLAR.NS,1454.48,20,2026-09-11
DOLLEX.NS,98.93,20,2026-09-11
DOLPHIN.NS,1514.97,10,2026-09-11
DONEAR.NS,440.02,20,2026-09-11
DRAGARWQ.NS,,20,2026-09-11
DRREDDY.NS,98492.97,No Band,2026-09-11
DRCSYSTEMS.NS,182.7,20,2026-09-11
DREAMFOLKS.NS,358.29,20,2026-09-11
DREDGECORP.NS,2790.76,20,2026-09-11
DRONE.NS,846.68,20,2026-09-11
DRSDILIP.NS,176.23,5,2026-09-11
KEEPLEARN.NS,27.25,20,2026-09-11
DUGLOBAL.NS,505.88,10,2026-09-11
DUCOL.NS,201.56,20,2026-09-11
DUCON.NS,98.45,20,2026-09-11
DURLAX.NS,140.23,20,2026-09-11
DWARKESH.NS,787.9,20,2026-09-11
DSSL.NS,1507.31,5,2026-09-11
DYNAMATECH.NS,6900.79,20,2026-09-11
EFACTOR.NS,277.47,20,2026-09-11
EASEMYTRIP.NS,2476.7,20,2026-09-11
ECOSMOBLTY.NS,776.28,20,2026-09-11
EFCIL.NS,2842.19,20,2026-09-11
EIHAHOTELS.NS,1927.41,20,2026-09-11
ELANTAS.NS,7411.59,20,2026-09-11
ELCIDIN.NS,,20,2026-09-11
ELDEHSG.NS,766.24,20,2026-09-11
ELECON.NS,9808.52,20,2026-09-11
EFORCE.NS,171.76,20,2026-09-11
ELECTCAST.NS,4405.8,20,2026-09-11
ELGIEQUIP.NS,18384.88,20,2026-09-11
ELIN.NS,502.06,20,2026-09-11
ELITECON.NS,,5,2026-09-11
ELPROINTL.NS,2958.26,10,2026-09-11
EMAMIREAL.NS,409.92,5,2026-09-11
EMKAY.NS,654.01,20,2026-09-11
EMKAYTOOLS.NS,943.29,20,2026-09-11
EMMBI.NS,167.58,5,2026-09-11
EMMVEE.NS,22293.51,10,2026-09-11
EMPOWER.NS,,5,2026-09-11
EMMIL.NS,391.33,20,2026-09-11
ENFUSE.NS,162.8,20,2026-09-11
ENGINERSIN.NS,12667.87,20,2026-09-11
ENSER.NS,1785.05,20,2026-09-11
ENIL.NS,510.12,20,2026-09-11
EPACKPEB.NS,2426.11,20,2026-09-11
ESABINDIA.NS,8907.94,20,2026-09-11
EASTSILK.NS,25.98,5,2026-09-11
ESSARSHPNG.NS,420.76,20,2026-09-11
ESFL.NS,386.87,10,2026-09-11
ESTER.NS,907.26,20,2026-09-11
EUREKAFORB.NS,8663.3,20,2026-09-11
EUROBOND.NS,403.49,20,2026-09-11
EUROPRATIK.NS,3126.3,20,2026-09-11
EUROTEXIND.NS,15.05,5,2026-09-11
EKC.NS,1253.81,20,2026-09-11
EXCELSOFT.NS,864.17,20,2026-09-11
EXPLEOSOL.NS,1243.36,20,2026-09-11
EXXARO.NS,283.66,20,2026-09-11
FACT.NS,52674.89,20,2026-09-11
FABTECH.NS,654.45,20,2026-09-11
FALCONTECH.NS,37.9,20,2026-09-11
FCSSOFT.NS,263.27,10,2026-09-11
FEDFINA.NS,5797.27,20,2026-09-11
FEDDERSHOL.NS,,20,2026-09-11
FELIX.NS,383.94,20,2026-09-11
FERMENTA.NS,,20,2026-09-11
FIDEL.NS,151.26,20,2026-09-11
FILATFASH.NS,150.01,5,2026-09-11
FINKURVE.NS,867.91,20,2026-09-11
FINCABLES.NS,15521.81,20,2026-09-11
FINPIPE.NS,10154.57,20,2026-09-11
FLAIR.NS,2631.2,10,2026-09-11
FLEXITUFF.NS,16.44,5,2026-09-11
FOCUS.NS,494.0,5,2026-09-11
FONEBOX.NS,202.38,5,2026-09-11
FORCEMOT.NS,22950.41,No Band,2026-09-11
FORTIS.NS,71709.7,No Band,2026-09-11
FRACTAL.NS,15396.04,20,2026-09-11
FRONTSP.NS,,20,2026-09-11
UTLSOLAR.NS,11611.63,10,2026-09-11
FELDVR.NS,126.05,5,2026-09-11
FEL.NS,18.78,2,2026-09-11
FLFL.NS,26.63,5,2026-09-11
FMNL.NS,61.82,5,2026-09-11
GMBREW.NS,2091.18,20,2026-09-11
GMDCLTD.NS,17815.95,20,2026-09-11
GNFC.NS,7437.4,20,2026-09-11
GRINFRA.NS,8551.21,20,2026-09-11
GSFC.NS,6223.42,20,2026-09-11
GATECH.NS,60.74,5,2026-09-11
GATECHDVR.NS,54.28,5,2026-09-11
GALLANTT.NS,13567.23,10,2026-09-11
GANESHCP.NS,707.75,20,2026-09-11
GGBL.NS,1195.16,20,2026-09-11
GANGAFORGE.NS,31.22,5,2026-09-11
GANGESSECU.NS,116.02,20,2026-09-11
GRSE.NS,29655.22,20,2026-09-11
GARUDA.NS,1613.25,20,2026-09-11
GATEWAY.NS,2881.45,20,2026-09-11
GAUDIUMIVF.NS,1151.2,10,2026-09-11
GAYAHWS.NS,46.01,20,2026-09-11
GVPIL.NS,5412.15,5,2026-09-11
GESHIP.NS,20490.3,20,2026-09-11
GVT&D.NS,114747.25,No Band,2026-09-11
GEEKAYWIRE.NS,252.83,20,2026-09-11
GEMAROMA.NS,932.9,20,2026-09-11
GICRE.NS,63412.79,20,2026-09-11
GENCON.NS,219.57,20,2026-09-11
GENSOL.NS,70.55,5,2026-09-11
GENUSPOWER.NS,8652.01,20,2026-09-11
GEOJITFSL.NS,2273.17,20,2026-09-11
GFLLIMITED.NS,496.63,20,2026-09-11
GHCL.NS,3931.49,20,2026-09-11
GICHSGFIN.NS,799.15,20,2026-09-11
GILLANDERS.NS,190.03,20,2026-09-11
GIRIRAJ.NS,861.62,5,2026-09-11
GKENERGY.NS,2811.45,10,2026-09-11
GKWLIMITED.NS,1002.37,20,2026-09-11
GLENMARK.NS,62081.35,No Band,2026-09-11
GLOBAL.NS,517.87,20,2026-09-11
GSLSU.NS,107.69,5,2026-09-11
GLOBALVECT.NS,209.83,20,2026-09-11
GLOBALE.NS,11.1,5,2026-09-11
GLOBECIVIL.NS,241.44,20,2026-09-11
GLOBE.NS,97.29,20,2026-09-11
GICL.NS,185.06,5,2026-09-11
GLOBUSSPR.NS,2554.64,20,2026-09-11
GLOTTIS.NS,617.81,20,2026-09-11
GMRP&UI.NS,7883.59,20,2026-09-11
EBGNG.NS,6219.33,10,2026-09-11
GODIGIT.NS,26163.32,20,2026-09-11
GOCOLORS.NS,1771.96,20,2026-09-11
GOACARBON.NS,339.0,20,2026-09-11
GODAVARIB.NS,1403.76,20,2026-09-11
GPIL.NS,15793.25,20,2026-09-11
GODFRYPHLP.NS,32325.66,No Band,2026-09-11
GODREJAGRO.NS,10951.05,20,2026-09-11
GOKULAGRO.NS,6261.15,20,2026-09-11
GOKUL.NS,385.39,20,2026-09-11
GOLDENTOBC.NS,45.09,5,2026-09-11
GOLDKART.NS,211.5,5,2026-09-11
GOLDSTAR.NS,297.27,5,2026-09-11
GOODYEAR.NS,1902.53,20,2026-09-11
GOPAL.NS,3237.6,10,2026-09-11
GOYALALUM.NS,92.78,20,2026-09-11
GOYALSALT.NS,312.54,20,2026-09-11
GPECO.NS,422.53,20,2026-09-11
GPTINFRA.NS,1485.04,20,2026-09-11
GRADIENTE.NS,93.74,5,2026-09-11
GRANDOAK.NS,,5,2026-09-11
GRAPHISAD.NS,97.6,5,2026-09-11
GRAPHITE.NS,12299.87,20,2026-09-11
GRAUWEIL.NS,3370.66,20,2026-09-11
GRAVISSHO.NS,,10,2026-09-11
GREENCHEF.NS,175.47,10,2026-09-11
GREENLAM.NS,6221.78,20,2026-09-11
GCSL.NS,1185.28,20,2026-09-11
BIRDYS.NS,37.5,5,2026-09-11
GRMOVER.NS,1870.62,20,2026-09-11
GROBTEA.NS,104.76,20,2026-09-11
GSPCROP.NS,2357.57,20,2026-09-11
GSS.NS,31.41,20,2026-09-11
GTL.NS,113.41,20,2026-09-11
GTLINFRA.NS,1575.52,20,2026-09-11
GTPL.NS,685.01,20,2026-09-11
GUJAPOLLO.NS,438.52,20,2026-09-11
GIPCL.NS,2467.16,20,2026-09-11
GPPL.NS,7191.52,20,2026-09-11
GAEL.NS,6638.34,20,2026-09-11
GLFL.NS,13.83,5,2026-09-11
GUJRAFFIA.NS,,10,2026-09-11
GUJTHEM.NS,3837.07,20,2026-09-11
GNRL.NS,,20,2026-09-11
GUJALKALI.NS,4555.66,20,2026-09-11
GKSL.NS,1004.07,20,2026-09-11
GULFOILLUB.NS,4868.33,20,2026-09-11
GULPOLY.NS,1162.39,20,2026-09-11
GVKPIL.NS,391.64,2,2026-09-11
GVPTECH.NS,110.3,5,2026-09-11
HDIL.NS,80.58,5,2026-09-11
HUDCO.NS,39701.68,20,2026-09-11
HGINFRA.NS,3565.51,20,2026-09-11
HALDER.NS,291.19,20,2026-09-11
HALDYNGL.NS,,5,2026-09-11
HGM.NS,59.25,20,2026-09-11
HARDWYN.NS,758.05,20,2026-09-11
HARIOMPIPE.NS,1194.87,20,2026-09-11
HARSHA.NS,3741.91,20,2026-09-11
HATHWAY.NS,1915.25,20,2026-09-11
HATSUN.NS,19882.51,20,2026-09-11
HAWKINCOOK.NS,4619.17,20,2026-09-11
HBESD.NS,,20,2026-09-11
HBSL.NS,34.0,10,2026-09-11
HBLENGINE.NS,19752.91,20,2026-09-11
HCL-INSYS.NS,380.9,20,2026-09-11
HDFCAMC.NS,109169.11,No Band,2026-09-11
HDFCBANK.NS,1159942.92,No Band,2026-09-11
HDFCLIFE.NS,120129.73,No Band,2026-09-11
HEADSUP.NS,15.17,20,2026-09-11
HEMIPROP.NS,3860.3,20,2026-09-11
HERANBA.NS,701.24,20,2026-09-11
HEXATRADEX.NS,866.79,10,2026-09-11
HEXAGON.NS,,5,2026-09-11
HITECH.NS,1741.28,20,2026-09-11
HILINFRA.NS,316.0,20,2026-09-11
HILTON.NS,110.19,5,2026-09-11
HCC.NS,5778.55,20,2026-09-11
HINDALCO.NS,210884.52,No Band,2026-09-11
HINDCON.NS,106.27,10,2026-09-11
HPIL.NS,139.05,20,2026-09-11
HINDCOPPER.NS,47311.65,20,2026-09-11
HINDZINC.NS,226223.59,No Band,2026-09-11
HINDWAREAP.NS,1786.27,20,2026-09-11
POWERINDIA.NS,142876.71,No Band,2026-09-11
HLVLTD.NS,473.35,20,2026-09-11
HMAAGRO.NS,1079.16,20,2026-09-11
HMT.NS,7234.18,5,2026-09-11
HONDAPOWER.NS,2148.61,20,2026-09-11
HPAL.NS,307.69,20,2026-09-11
HPL.NS,2202.93,20,2026-09-11
HUBTOWN.NS,2867.02,20,2026-09-11
HYBRIDFIN.NS,55.16,5,2026-09-11
IGPL.NS,1350.05,20,2026-09-11
IRCTC.NS,39524.0,20,2026-09-11
IRFC.NS,114205.67,No Band,2026-09-11
ICDSLTD.NS,51.46,5,2026-09-11
ICICIAMC.NS,154203.71,10,2026-09-11
ICICIGI.NS,79070.15,No Band,2026-09-11
ICRA.NS,4935.27,20,2026-09-11
IFBAGRO.NS,886.88,20,2026-09-11
IFCI.NS,19256.26,20,2026-09-11
IL&FSENGG.NS,375.4,5,2026-09-11
IL&FSTRANS.NS,68.42,5,2026-09-11
INCREDIBLE.NS,159.0,20,2026-09-11
INDBANK.NS,144.94,20,2026-09-11
BAJAJINDEF.NS,750.88,20,2026-09-11
INDGN.NS,11866.48,20,2026-09-11
IPL.NS,1739.89,20,2026-09-11
DPSCLTD.NS,711.84,5,2026-09-11
INDIASHLTR.NS,8387.79,20,2026-09-11
INDIAMART.NS,10945.24,20,2026-09-11
IEML.NS,503.19,5,2026-09-11
IMFA.NS,7391.71,20,2026-09-11
IREDA.NS,33620.88,No Band,2026-09-11
INDTERRAIN.NS,146.07,20,2026-09-11
IWP.NS,,20,2026-09-11
INDIFRA.NS,24.57,5,2026-09-11
INDIQUBE.NS,3702.54,20,2026-09-11
IITL.NS,292.15,20,2026-09-11
INDPRUD.NS,,20,2026-09-11
NIPPOBATRY.NS,245.92,20,2026-09-11
INDOTHAI.NS,2781.24,5,2026-09-11
INDOUS.NS,173.75,20,2026-09-11
WAAREEINDO.NS,1563.05,5,2026-09-11
INDOWIND.NS,149.25,20,2026-09-11
INDRAMEDCO.NS,3368.52,20,2026-09-11
IGL.NS,21193.22,20,2026-09-11
INDUSTOWER.NS,104129.44,No Band,2026-09-11
INFINIUM.NS,347.43,10,2026-09-11
INFOBEAN.NS,1532.44,20,2026-09-11
INFOLLION.NS,262.79,20,2026-09-11
INFOMEDIA.NS,28.21,20,2026-09-11
INFY.NS,425987.7,No Band,2026-09-11
INNOVANA.NS,678.06,20,2026-09-11
INNOVISION.NS,681.3,20,2026-09-11
INOXWIND.NS,13250.4,No Band,2026-09-11
INSECTICID.NS,1794.03,20,2026-09-11
INA.NS,2585.65,20,2026-09-11
INSPIRE.NS,44.91,5,2026-09-11
INSPIRISYS.NS,390.78,5,2026-09-11
ESSENTIA.NS,200.1,5,2026-09-11
IPSL.NS,137.7,20,2026-09-11
INTENTECH.NS,213.97,20,2026-09-11
INM.NS,388.24,20,2026-09-11
IGIL.NS,15058.61,10,2026-09-11
INTLCONV.NS,488.69,20,2026-09-11
ISFT.NS,117.71,20,2026-09-11
INVPRECQ.NS,,2,2026-09-11
INVENTURE.NS,94.5,20,2026-09-11
IRB.NS,23974.83,20,2026-09-11
IRCON.NS,11960.54,20,2026-09-11
IRIS.NS,488.39,20,2026-09-11
IRMENERGY.NS,1053.39,10,2026-09-11
ISGEC.NS,6422.8,20,2026-09-11
ISHANCH.NS,149.92,20,2026-09-11
ISHAN.NS,48.65,5,2026-09-11
ITALIANE.NS,49.58,5,2026-09-11
ITC.NS,351827.45,No Band,2026-09-11
ITCHOTELS.NS,34125.4,20,2026-09-11
ITI.NS,27022.44,20,2026-09-11
IVALUE.NS,1551.23,20,2026-09-11
IVP.NS,161.94,5,2026-09-11
JKIL.NS,3676.59,20,2026-09-11
JAGRAN.NS,1371.87,20,2026-09-11
JAIBALAJI.NS,5605.79,5,2026-09-11
JAICORPLTD.NS,1790.85,20,2026-09-11
JISLDVREQS.NS,1572.65,20,2026-09-11
JISLJALEQS.NS,2207.13,20,2026-09-11
JAINREC.NS,11591.43,20,2026-09-11
JAINAM.NS,147.86,5,2026-09-11
JALAN.NS,4.58,2,2026-09-11
JARO.NS,1061.18,20,2026-09-11
JAYSREETEA.NS,234.14,20,2026-09-11
JAYNECOIND.NS,8153.47,20,2026-09-11
JAYKAY.NS,2164.85,20,2026-09-11
JSLL.NS,6952.76,20,2026-09-11
JETKNIT.NS,53.0,5,2026-09-11
JHS.NS,63.28,20,2026-09-11
RETAIL.NS,14.05,20,2026-09-11
JINDRILL.NS,1709.89,20,2026-09-11
JINDALPHOT.NS,1092.97,20,2026-09-11
JINDALPOLY.NS,2835.83,10,2026-09-11
JPOLYINVST.NS,1116.68,20,2026-09-11
JINDALSTEL.NS,106327.51,No Band,2026-09-11
JKIPL.NS,371.46,5,2026-09-11
JIOFIN.NS,155041.77,No Band,2026-09-11
JIWANRAM.NS,35.88,20,2026-09-11
JKLAKSHMI.NS,7200.38,20,2026-09-11
JKTYRE.NS,11276.44,20,2026-09-11
JMFINANCIL.NS,11903.62,20,2026-09-11
JOCIL.NS,124.48,20,2026-09-11
COCKERILL.NS,,20,2026-09-11
JPPOWER.NS,11904.46,20,2026-09-11
JSWCEMENT.NS,18414.09,20,2026-09-11
JSWENERGY.NS,102924.89,No Band,2026-09-11
JSWHL.NS,12113.95,20,2026-09-11
JTEKTINDIA.NS,3662.75,20,2026-09-11
JTLIND.NS,2871.46,20,2026-09-11
JUBLCPL.NS,2852.76,20,2026-09-11
JUBLFOOD.NS,27438.18,No Band,2026-09-11
JMA.NS,202.19,20,2026-09-11
JUNIPER.NS,4281.17,10,2026-09-11
JWL.NS,10541.09,20,2026-09-11
JYOTISTRUC.NS,1281.99,20,2026-09-11
KPRMILL.NS,36471.8,20,2026-09-11
KPEL.NS,2080.38,20,2026-09-11
KALPATARU.NS,5628.88,10,2026-09-11
KALYANIFRG.NS,221.7,5,2026-09-11
KAMAHOLD.NS,,20,2026-09-11
KAMATHOTEL.NS,494.53,20,2026-09-11
KAMOPAINTS.NS,148.71,20,2026-09-11
KANANIIND.NS,29.68,20,2026-09-11
KANCHI.NS,,5,2026-09-11
KANDARP.NS,32.39,5,2026-09-11
KANSAINER.NS,16086.95,20,2026-09-11
KARMAENG.NS,44.07,20,2026-09-11
KARNIKA.NS,1930.29,20,2026-09-11
KLL.NS,184.84,20,2026-09-11
KAUSHALYA.NS,30.94,5,2026-09-11
KSCL.NS,4366.04,20,2026-09-11
KAVDEFENCE.NS,347.04,20,2026-09-11
KCEIL.NS,404.75,20,2026-09-11
KEC.NS,12766.95,20,2026-09-11
KEI.NS,47523.06,No Band,2026-09-11
KELLTONTEC.NS,770.54,20,2026-09-11
KENNAMET.NS,6047.53,20,2026-09-11
KHADIM.NS,173.93,2,2026-09-11
KHAITANLTD.NS,65.02,20,2026-09-11
KHAICHEM.NS,465.55,20,2026-09-11
KHANDSE.NS,26.68,20,2026-09-11
KHFM.NS,160.84,20,2026-09-11
KLBRENG-B.NS,,20,2026-09-11
KILITCH.NS,622.95,5,2026-09-11
KINGFA.NS,6867.84,20,2026-09-11
KIOCL.NS,21702.79,20,2026-09-11
KIRANVYPAR.NS,,20,2026-09-11
KIRLFER.NS,7754.64,20,2026-09-11
KIRLPNU.NS,10385.66,20,2026-09-11
KITEX.NS,2896.54,20,2026-09-11
KKVAPOW.NS,59.84,5,2026-09-11
KNRCON.NS,3419.53,20,2026-09-11
KOHINOOR.NS,87.19,10,2026-09-11
KOKUYOCMLN.NS,855.89,20,2026-09-11
KONTOR.NS,105.17,20,2026-09-11
KDL.NS,1952.7,10,2026-09-11
KOTAKBANK.NS,379109.51,No Band,2026-09-11
KOTIC.NS,,20,2026-09-11
KOTHARIPRO.NS,402.59,20,2026-09-11
KOTARISUG.NS,202.58,5,2026-09-11
KOTYARK.NS,376.75,5,2026-09-11
KOVAI.NS,6290.71,20,2026-09-11
KPIGREEN.NS,7841.65,20,2026-09-11
KPITTECH.NS,15105.89,No Band,2026-09-11
KRBL.NS,8018.01,20,2026-09-11
KREBSBIO.NS,115.31,20,2026-09-11
KRIDHANINF.NS,24.6,5,2026-09-11
KRISHCA.NS,484.16,20,2026-09-11
KRISHIVAL.NS,997.84,20,2026-09-11
KIMS.NS,31388.9,20,2026-09-11
KRITI.NS,345.69,20,2026-09-11
KRITINUT.NS,380.79,5,2026-09-11
KRITIKA.NS,148.85,20,2026-09-11
KRSNAA.NS,1757.2,20,2026-09-11
KSHINTL.NS,6055.33,20,2026-09-11
KSHITIJPOL.NS,23.14,5,2026-09-11
KSR.NS,54.77,5,2026-09-11
KPL.NS,,20,2026-09-11
KWIL.NS,7654.97,20,2026-09-11
LGBBROSLTD.NS,4936.68,20,2026-09-11
LTFOODS.NS,13148.73,20,2026-09-11
LTTS.NS,35357.77,20,2026-09-11
LAHOTIOV.NS,,20,2026-09-11
LFIC.NS,43.12,20,2026-09-11
LAKPRE.NS,11.6,5,2026-09-11
LANCORHOL.NS,182.77,5,2026-09-11
LPDC.NS,83.03,20,2026-09-11
LANDSMILL.NS,107.21,20,2026-09-11
LT.NS,525170.84,No Band,2026-09-11
LASA.NS,35.67,5,2026-09-11
LATTEYS.NS,115.74,20,2026-09-11
LAXMIDENTL.NS,1197.79,20,2026-09-11
LGHL.NS,1045.78,20,2026-09-11
LAXMIINDIA.NS,680.11,20,2026-09-11
LCCINFOTEC.NS,56.97,5,2026-09-11
LEMERITE.NS,254.59,5,2026-09-11
LEMONTREE.NS,8624.01,20,2026-09-11
LENSKART.NS,96848.1,20,2026-09-11
LEXUS.NS,30.1,20,2026-09-11
LGEINDIA.NS,103811.45,10,2026-09-11
LIBAS.NS,27.27,20,2026-09-11
LICHSGFIN.NS,29626.39,No Band,2026-09-11
LINCOLN.NS,1155.62,20,2026-09-11
LINDEINDIA.NS,58338.67,20,2026-09-11
LLOYDS.NS,255.34,5,2026-09-11
LOTUSEYE.NS,252.92,20,2026-09-11
LOVABLE.NS,106.75,20,2026-09-11
LUMAXTECH.NS,10055.31,20,2026-09-11
LUMAXIND.NS,4752.39,20,2026-09-11
LUXIND.NS,3685.59,20,2026-09-11
LYKALABS.NS,234.81,2,2026-09-11
MBEL.NS,1710.45,20,2026-09-11
MKPL.NS,159.57,20,2026-09-11
MTNL.NS,1744.47,20,2026-09-11
MCL.NS,143.07,20,2026-09-11
MVKAGRO.NS,88.53,5,2026-09-11
MAANALU.NS,689.11,20,2026-09-11
MCCHRLS-B.NS,,20,2026-09-11
MADHAVIPL.NS,,20,2026-09-11
MADHAV.NS,30.83,20,2026-09-11
MADHUCON.NS,38.89,5,2026-09-11
MADRASFERT.NS,1080.51,20,2026-09-11
MAFATIND.NS,942.58,20,2026-09-11
MAGNUM.NS,130.46,20,2026-09-11
MAHSEAMLES.NS,7710.99,20,2026-09-11
MAHAPEXLTD.NS,124.63,20,2026-09-11
MFML.NS,20.96,20,2026-09-11
MHLXMIRU.NS,144.39,5,2026-09-11
MAHASTEEL.NS,1307.93,5,2026-09-11
MGL.NS,10686.77,20,2026-09-11
MAHEPC.NS,299.61,20,2026-09-11
MHRIL.NS,4269.5,20,2026-09-11
MAITHANALL.NS,2844.49,20,2026-09-11
MAITREYA.NS,81.75,20,2026-09-11
MAJESAUT.NS,447.35,5,2026-09-11
MAKS.NS,43.62,5,2026-09-11
MALLCOM.NS,627.37,20,2026-09-11
MANINDS.NS,3859.99,20,2026-09-11
MANINFRA.NS,3980.56,20,2026-09-11
MANAKSIA.NS,373.48,20,2026-09-11
MANAKALUCO.NS,238.67,20,2026-09-11
MANAV.NS,26.71,5,2026-09-11
MEIL.NS,800.86,20,2026-09-11
MAL.NS,101.83,5,2026-09-11
MANGALAM.NS,43.08,10,2026-09-11
MWL.NS,1066.25,20,2026-09-11
MANUGRAPH.NS,45.25,20,2026-09-11
MARALOVER.NS,228.29,20,2026-09-11
MARATHON.NS,2620.22,20,2026-09-11
MARC.NS,,20,2026-09-11
MARCO.NS,95.36,20,2026-09-11
MARINETRAN.NS,34.36,5,2026-09-11
MARKOLINES.NS,399.65,20,2026-09-11
MARKSANS.NS,10925.78,20,2026-09-11
MARSONS.NS,1970.37,20,2026-09-11
MASKINVEST.NS,45.77,5,2026-09-11
MASON.NS,269.65,20,2026-09-11
MAXESTATES.NS,6405.64,20,2026-09-11
MFSL.NS,52317.22,No Band,2026-09-11
MAXIND.NS,845.53,20,2026-09-11
MAXPOSURE.NS,210.69,20,2026-09-11
MAZDOCK.NS,93075.9,No Band,2026-09-11
MAZDA.NS,443.31,5,2026-09-11
MBLINFRA.NS,384.07,5,2026-09-11
MCLEODRUSS.NS,560.93,5,2026-09-11
MCON.NS,136.58,5,2026-09-11
MEDIASSIST.NS,2600.74,20,2026-09-11
MMWL.NS,,5,2026-09-11
MEDICAMEQ.NS,332.56,20,2026-09-11
MEDICO.NS,316.75,20,2026-09-11
MEDPLUS.NS,8309.34,20,2026-09-11
MEESHO.NS,87760.03,20,2026-09-11
MEGAFLEX.NS,43.31,5,2026-09-11
MEGATHERM.NS,695.69,20,2026-09-11
MENNPIS.NS,,5,2026-09-11
MEP.NS,10.46,2,2026-09-11
MERCANTILE.NS,,20,2026-09-11
MERCURYEV.NS,668.9,10,2026-09-11
METROGLOBL.NS,161.93,20,2026-09-11
MICEL.NS,884.27,2,2026-09-11
MIDWESTLTD.NS,4542.52,10,2026-09-11
MILTON.NS,67.47,5,2026-09-11
MINDTECK.NS,630.14,20,2026-09-11
MIDHANI.NS,7534.82,20,2026-09-11
MITCON.NS,130.05,20,2026-09-11
MITTAL.NS,41.73,20,2026-09-11
MMTC.NS,9340.5,20,2026-09-11
MODTHREAD.NS,156.7,20,2026-09-11
MODINATUR.NS,549.55,20,2026-09-11
MODIRUBBER.NS,315.51,20,2026-09-11
MODIS.NS,799.32,20,2026-09-11
MHHL.NS,104.04,5,2026-09-11
MOHITIND.NS,31.84,20,2026-09-11
MOIL.NS,5494.1,20,2026-09-11
MOKSH.NS,91.87,20,2026-09-11
MONEYBOXX.NS,409.57,10,2026-09-11
MONOPHARMA.NS,72.18,5,2026-09-11
MONTECARLO.NS,1108.85,20,2026-09-11
MOS.NS,4686.64,5,2026-09-11
MOTOGENFIN.NS,107.06,20,2026-09-11
MOXSH.NS,147.89,5,2026-09-11
MSPL.NS,2010.43,10,2026-09-11
MTEDUCARE.NS,12.78,5,2026-09-11
MTARTECH.NS,18000.51,5,2026-09-11
MUKKA.NS,690.0,20,2026-09-11
MUKTAARTS.NS,127.36,5,2026-09-11
MCX.NS,71363.2,No Band,2026-09-11
MURUDCERA.NS,183.82,20,2026-09-11
RADIOCITY.NS,210.1,20,2026-09-11
MUTHOOTFIN.NS,121869.77,No Band,2026-09-11
NAGREEKCAP.NS,28.61,10,2026-09-11
NAGREEKEXP.NS,71.15,20,2026-09-11
NAHARCAP.NS,421.37,20,2026-09-11
NGIL.NS,69.48,10,2026-09-11
NAMAN.NS,123.78,5,2026-09-11
NDL.NS,337.3,20,2026-09-11
JAIPURKURT.NS,47.0,20,2026-09-11
NARMADA.NS,135.62,20,2026-09-11
NATCOPHARM.NS,16733.34,20,2026-09-11
NATHBIOGEN.NS,307.91,20,2026-09-11
NATIONSTD.NS,,5,2026-09-11
NATIONALUM.NS,62886.27,No Band,2026-09-11
NFL.NS,3476.73,20,2026-09-11
NATCAPSUQ.NS,148.58,5,2026-09-11
NAVA.NS,16178.12,20,2026-09-11
NAVKARCORP.NS,1489.69,20,2026-09-11
NBCC.NS,25579.8,No Band,2026-09-11
NCC.NS,8648.59,20,2026-09-11
NDLVENTURE.NS,423.93,20,2026-09-11
NDRAUTO.NS,1923.93,20,2026-09-11
NDTV.NS,857.69,20,2026-09-11
NECLIFE.NS,204.95,5,2026-09-11
NEAGI.NS,,5,2026-09-11
NELCAST.NS,1170.55,20,2026-09-11
NEPHROCARE.NS,387.1,20,2026-09-11
NEPHROPLUS.NS,6764.1,20,2026-09-11
NESCO.NS,7463.12,20,2026-09-11
NETWEB.NS,24420.15,20,2026-09-11
NETWORK18.NS,4441.95,20,2026-09-11
NEWJAISA.NS,437.79,5,2026-09-11
NEXTMEDIA.NS,25.35,5,2026-09-11
NIDAN.NS,45.87,20,2026-09-11
NILAINFRA.NS,284.39,20,2026-09-11
NILASPACES.NS,471.88,20,2026-09-11
NILE.NS,,20,2026-09-11
NIMBSPROJ.NS,374.78,5,2026-09-11
NIRAJ.NS,172.99,20,2026-09-11
NIRAJISPAT.NS,11.43,5,2026-09-11
NIRLON.NS,5645.9,20,2026-09-11
NIRMAN.NS,333.0,20,2026-09-11
NITINSPIN.NS,2999.62,20,2026-09-11
NITTAGELA.NS,1667.39,20,2026-09-11
NLCINDIA.NS,39879.67,20,2026-09-11
NMDC.NS,73271.0,No Band,2026-09-11
NSLNISP.NS,12378.88,20,2026-09-11
NOCIL.NS,2739.04,20,2026-09-11
NOIDATOLL.NS,82.11,10,2026-09-11
NORBTEAEXP.NS,106.48,5,2026-09-11
NECCLTD.NS,157.17,5,2026-09-11
NOVAAGRI.NS,205.61,20,2026-09-11
NOVARTIND.NS,4196.94,10,2026-09-11
NRBBEARING.NS,3820.69,20,2026-09-11
NTPC.NS,339868.15,No Band,2026-09-11
NTPCGREEN.NS,76932.39,20,2026-09-11
NUCLEUS.NS,1957.15,20,2026-09-11
ONGC.NS,316897.23,No Band,2026-09-11
ODIGMA.NS,71.08,5,2026-09-11
OILCOUNTUB.NS,315.14,2,2026-09-11
OLAELEC.NS,16203.3,20,2026-09-11
OLECTRA.NS,11046.43,20,2026-09-11
OMFREIGHT.NS,308.87,5,2026-09-11
OMINFRAL.NS,839.67,20,2026-09-11
OMPOWER.NS,,20,2026-09-11
OMAXAUTO.NS,481.14,10,2026-09-11
OMFURN.NS,76.53,5,2026-09-11
OMNI.NS,7180.67,20,2026-09-11
ONEPOINT.NS,1423.78,20,2026-09-11
OLIL.NS,32.24,20,2026-09-11
KISSHT.NS,5712.42,20,2026-09-11
ONESOURCE.NS,19167.09,20,2026-09-11
ONIDA.NS,1423.64,5,2026-09-11
ORCHASP.NS,57.51,20,2026-09-11
ORIANA.NS,4221.91,20,2026-09-11
ORICONENT.NS,867.21,20,2026-09-11
ORIENTBELL.NS,463.23,20,2026-09-11
ORIENTELEC.NS,3633.61,20,2026-09-11
GREENPOWER.NS,1214.09,20,2026-09-11
ORIENTPPR.NS,364.96,20,2026-09-11
ORIENTALTL.NS,39.11,20,2026-09-11
OBCL.NS,111.74,20,2026-09-11
ORISSAMINE.NS,2250.72,20,2026-09-11
ORKLAINDIA.NS,7740.58,20,2026-09-11
ORTINGLOBE.NS,12.42,5,2026-09-11
OSIAHYPER.NS,48.71,5,2026-09-11
OSWALAGRO.NS,508.32,10,2026-09-11
OSWALGREEN.NS,548.8,20,2026-09-11
OSWALPUMPS.NS,4062.56,10,2026-09-11
OWAIS.NS,2471.81,2,2026-09-11
PGHH.NS,29213.04,20,2026-09-11
PIIND.NS,40924.25,No Band,2026-09-11
PROPEQUITY.NS,307.07,20,2026-09-11
PACEDIGITK.NS,4281.41,20,2026-09-11
PAKKA.NS,343.73,20,2026-09-11
PALASHSECU.NS,89.38,20,2026-09-11
PALREDTEC.NS,57.92,5,2026-09-11
PANACEABIO.NS,2829.48,10,2026-09-11
PARAGMILK.NS,2731.19,20,2026-09-11
PARACABLES.NS,2068.15,10,2026-09-11
PARASPETRO.NS,66.51,5,2026-09-11
PARKHOSPS.NS,12163.17,10,2026-09-11
PARSVNATH.NS,87.91,2,2026-09-11
PARTYCRUS.NS,145.5,20,2026-09-11
PASHUPATI.NS,1368.31,20,2026-09-11
PASUPTAC.NS,518.58,20,2026-09-11
PATANJALI.NS,36569.08,No Band,2026-09-11
PATELENG.NS,2774.41,20,2026-09-11
PATELRMART.NS,717.74,20,2026-09-11
PATTECH.NS,75.98,5,2026-09-11
PML.NS,,20,2026-09-11
PAUSHAKLTD.NS,1347.25,20,2026-09-11
PAVNAIND.NS,229.53,20,2026-09-11
POLICYBZR.NS,71533.34,No Band,2026-09-11
PEARLPOLY.NS,29.07,5,2026-09-11
PENTAGON.NS,94.79,5,2026-09-11
PERFECT.NS,50.56,5,2026-09-11
PCCL.NS,770.02,20,2026-09-11
PWL.NS,37722.2,20,2026-09-11
PILANIINVS.NS,4818.86,20,2026-09-11
PINELABS.NS,16949.02,20,2026-09-11
PIONEEREMB.NS,67.76,20,2026-09-11
PIONRINV.NS,,5,2026-09-11
PIRAMALFIN.NS,48516.48,20,2026-09-11
PITTIENG.NS,3424.47,20,2026-09-11
PLAZACABLE.NS,185.07,5,2026-09-11
PNBGILTS.NS,1540.17,20,2026-09-11
PNGSREVA.NS,1312.63,20,2026-09-11
POLYCAB.NS,136934.79,No Band,2026-09-11
POLYSIL.NS,36.86,5,2026-09-11
POCL.NS,4103.0,20,2026-09-11
PFC.NS,136063.19,No Band,2026-09-11
POWERMECH.NS,8028.33,20,2026-09-11
POWERICA.NS,7011.61,10,2026-09-11
PRABHA.NS,2089.1,20,2026-09-11
PRADPME.NS,,5,2026-09-11
PRAJIND.NS,6002.42,20,2026-09-11
PRAENG.NS,137.42,20,2026-09-11
PRAKASH.NS,2219.0,20,2026-09-11
PRAKASHSTL.NS,70.18,20,2026-09-11
PRAMARA.NS,169.5,5,2026-09-11
PRATHAM.NS,536.97,20,2026-09-11
PRAVEG.NS,,20,2026-09-11
PRAXIS.NS,133.97,5,2026-09-11
PRECWIRE.NS,6803.2,20,2026-09-11
PRECAM.NS,1334.84,20,2026-09-11
PRECISION.NS,109.51,5,2026-09-11
PREMEXPLN.NS,3631.77,20,2026-09-11
PREMCO.NS,,20,2026-09-11
PREMIER.NS,9.22,5,2026-09-11
PREMIERENE.NS,46117.99,No Band,2026-09-11
PRLIND.NS,298.81,20,2026-09-11
PRESSTONIC.NS,102.91,20,2026-09-11
PRIMESECU.NS,921.82,20,2026-09-11
PRIMO.NS,547.45,20,2026-09-11
PRINCEPIPE.NS,2882.88,20,2026-09-11
PRSMJOHNSN.NS,5486.08,20,2026-09-11
PNC.NS,28.51,20,2026-09-11
PRITI.NS,50.46,10,2026-09-11
PRITIKA.NS,208.55,20,2026-09-11
PROSTARM.NS,730.93,20,2026-09-11
PROTEAN.NS,2374.31,20,2026-09-11
PROZONER.NS,636.2,20,2026-09-11
PRUDMOULI.NS,43.15,5,2026-09-11
PTC.NS,4964.36,20,2026-09-11
PFS.NS,1894.74,20,2026-09-11
PTL.NS,523.82,20,2026-09-11
PULZ.NS,228.22,5,2026-09-11
PURVA.NS,5104.88,20,2026-09-11
PURVFLEXI.NS,344.43,5,2026-09-11
PVP.NS,732.78,5,2026-09-11
PYRAMID.NS,594.58,20,2026-09-11
QPOWER.NS,8766.67,5,2026-09-11
QUESTLAB.NS,225.32,20,2026-09-11
QUICKHEAL.NS,848.11,20,2026-09-11
QUICKTOUCH.NS,159.52,5,2026-09-11
QUINT.NS,,20,2026-09-11
RCF.NS,6951.82,20,2026-09-11
RKSWAMY.NS,502.45,20,2026-09-11
RMDRIP.NS,793.51,5,2026-09-11
RSSOFTWARE.NS,83.95,5,2026-09-11
RSYSTEMS.NS,2832.09,20,2026-09-11
RNBDENIMS.NS,269.88,5,2026-09-11
RACE.NS,189.21,20,2026-09-11
RADAAN.NS,15.98,20,2026-09-11
RADIANTCMS.NS,399.41,20,2026-09-11
RVNL.NS,46518.88,No Band,2026-09-11
RAILTEL.NS,9304.0,20,2026-09-11
ROML.NS,66.97,20,2026-09-11
RAJTV.NS,62.35,5,2026-09-11
RAJPALAYAM.NS,,20,2026-09-11
RAJESHEXPO.NS,2635.2,5,2026-09-11
RCDL.NS,84.42,5,2026-09-11
RAJMET.NS,94.83,20,2026-09-11
RSL.NS,1117.8,20,2026-09-11
RAJSREESUG.NS,102.26,20,2026-09-11
RALLIS.NS,4428.25,20,2026-09-11
RAMASTEEL.NS,701.86,5,2026-09-11
RBS.NS,212.61,10,2026-09-11
RAMKY.NS,2611.52,20,2026-09-11
RANASUG.NS,181.06,20,2026-09-11
RATNAMANI.NS,17375.11,20,2026-09-11
RATNAVEER.NS,1252.4,20,2026-09-11
RTNINDIA.NS,4425.74,20,2026-09-11
RTNPOWER.NS,4629.03,20,2026-09-11
RKDL.NS,46.1,20,2026-09-11
RAYMONDLSL.NS,4331.62,20,2026-09-11
RBLBANK.NS,55051.24,No Band,2026-09-11
RBMINFRA.NS,418.59,20,2026-09-11
REDTAPE.NS,7185.95,20,2026-09-11
REFEX.NS,4272.33,20,2026-09-11
REFRACTORY.NS,442.87,5,2026-09-11
REGAAL.NS,798.16,20,2026-09-11
REGENCERAM.NS,89.66,20,2026-09-11
RIIL.NS,1129.1,20,2026-09-11
RCOM.NS,232.21,5,2026-09-11
RHFL.NS,96.61,5,2026-09-11
RELIANCE.NS,1743794.39,No Band,2026-09-11
RELINFRA.NS,2576.44,2,2026-09-11
RPOWER.NS,9996.16,20,2026-09-11
REMSONSIND.NS,279.04,20,2026-09-11
REMUS.NS,2252.28,20,2026-09-11
REPCOHOME.NS,2454.91,20,2026-09-11
RESPONIND.NS,4771.76,20,2026-09-11
RBA.NS,46923.62,10,2026-09-11
RVTH.NS,213.9,20,2026-09-11
REXPIPES.NS,81.18,5,2026-09-11
RHETAN.NS,2269.5,5,2026-09-11
RKEC.NS,61.68,20,2026-09-11
RMC.NS,277.43,20,2026-09-11
RHL.NS,295.93,20,2026-09-11
ROCKINGDCE.NS,416.3,10,2026-09-11
ROLEXRINGS.NS,3909.07,20,2026-09-11
ROLLT.NS,52.28,5,2026-09-11
ROSSARI.NS,2751.3,20,2026-09-11
ROHLTD.NS,860.6,20,2026-09-11
RPPINFRA.NS,306.84,20,2026-09-11
RRIL.NS,,20,2026-09-11
RSDFIN.NS,,5,2026-09-11
RUBFILA.NS,395.23,20,2026-09-11
RUBICON.NS,24209.11,20,2026-09-11
RUCHINFRA.NS,139.49,20,2026-09-11
RUCHIRA.NS,320.45,20,2026-09-11
RUDRA.NS,168.18,20,2026-09-11
REPL.NS,116.8,5,2026-09-11
S&SPOWER.NS,422.14,5,2026-09-11
SAIL.NS,66906.25,No Band,2026-09-11
SCI.NS,12520.68,20,2026-09-11
SCHAND.NS,526.65,20,2026-09-11
SJLOGISTIC.NS,696.61,20,2026-09-11
SPIC.NS,1336.7,20,2026-09-11
STCINDIA.NS,710.16,20,2026-09-11
SALSTEEL.NS,824.88,5,2026-09-11
SAATVIKGL.NS,5653.0,10,2026-09-11
SABAR.NS,51.22,2,2026-09-11
SADBHAV.NS,132.62,5,2026-09-11
SADBHIN.NS,82.77,5,2026-09-11
SADHAV.NS,310.3,20,2026-09-11
SAFARI.NS,7734.44,20,2026-09-11
SAGARDEEP.NS,41.89,20,2026-09-11
SAHAJSOLAR.NS,869.87,20,2026-09-11
SAHYADRI.NS,307.37,20,2026-09-11
SAIPARENT.NS,2434.5,20,2026-09-11
KALAMANDIR.NS,1276.2,20,2026-09-11
SAKHTISUG.NS,203.52,20,2026-09-11
SAKUMA.NS,257.11,10,2026-09-11
SALASAR.NS,1036.53,20,2026-09-11
SALONA.NS,135.88,20,2026-09-11
SALZERELEC.NS,1023.21,20,2026-09-11
SAMBHAAV.NS,116.0,20,2026-09-11
SAIFL.NS,477.88,10,2026-09-11
SAMHI.NS,3635.68,20,2026-09-11
SAMMAANCAP.NS,18791.37,20,2026-09-11
SAMPANN.NS,133.54,20,2026-09-11
SANDESH.NS,736.62,20,2026-09-11
SANDHAR.NS,3615.29,20,2026-09-11
SANDUMA.NS,9476.13,20,2026-09-11
SANGANI.NS,62.0,5,2026-09-11
SANOFICONR.NS,10644.72,20,2026-09-11
SANSTAR.NS,2132.46,20,2026-09-11
SANWARIA.NS,29.13,2,2026-09-11
SAPPHIRE.NS,5806.12,20,2026-09-11
SARTELE.NS,1127.52,20,2026-09-11
ZSARACOM.NS,,20,2026-09-11
SSDL.NS,206.35,20,2026-09-11
SARDAEN.NS,17597.92,20,2026-09-11
SAROJA.NS,16.48,5,2026-09-11
SMLT.NS,91.21,20,2026-09-11
SARVESHWAR.NS,427.37,10,2026-09-11
SASKEN.NS,2893.63,5,2026-09-11
SAURASHCEM.NS,643.69,20,2026-09-11
SAYAJIHOTL.NS,525.54,10,2026-09-11
SBILIFE.NS,181259.17,No Band,2026-09-11
SCANSTL.NS,,5,2026-09-11
SEAMECLTD.NS,3497.21,20,2026-09-11
SECURKLOUD.NS,59.74,20,2026-09-11
SEDEMAC.NS,12257.36,20,2026-09-11
SEJALLTD.NS,858.98,5,2026-09-11
SELMC.NS,94.36,5,2026-09-11
SEMAC.NS,96.95,5,2026-09-11
SEPC.NS,1169.25,20,2026-09-11
STYL.NS,6298.29,10,2026-09-11
SESHAPAPER.NS,1391.41,20,2026-09-11
SETUINFRA.NS,5.67,5,2026-09-11
SEYAIND.NS,37.3,2,2026-09-11
SGFIN.NS,4386.3,20,2026-09-11
SGMART.NS,8327.15,20,2026-09-11
SAPPL.NS,,20,2026-09-11
SHBAJRG.NS,,20,2026-09-11
SHREERAMA.NS,541.88,20,2026-09-11
RENUKA.NS,4686.93,20,2026-09-11
SHADOWFAX.NS,12707.29,20,2026-09-11
SHAHALLOYS.NS,131.42,5,2026-09-11
SHAH.NS,429.7,20,2026-09-11
SHAKTIPUMP.NS,6632.64,20,2026-09-11
SHALBY.NS,1757.23,20,2026-09-11
SAHLIBHFI.NS,238.12,20,2026-09-11
SRD.NS,241.54,20,2026-09-11
BUILDPRO.NS,2939.02,20,2026-09-11
SHANTHALA.NS,44.94,20,2026-09-11
SHANTIGEAR.NS,3171.68,5,2026-09-11
SEIL.NS,,20,2026-09-11
SHANTIGOLD.NS,1490.87,20,2026-09-11
SHINDL.NS,,20,2026-09-11
SHARDACROP.NS,7877.6,20,2026-09-11
SHARDAMOTR.NS,4813.93,20,2026-09-11
SHARDUL.NS,519.62,5,2026-09-11
SCML.NS,148.89,20,2026-09-11
SHEKHAWATI.NS,41.71,5,2026-09-11
SHIGAN.NS,229.7,20,2026-09-11
SHILCTECH.NS,4763.7,20,2026-09-11
SCILAL.NS,1956.36,20,2026-09-11
SHIVAMILLS.NS,52.97,5,2026-09-11
SHIVATEX.NS,205.25,20,2026-09-11
SPCL.NS,789.43,20,2026-09-11
SHIVAMAUTO.NS,217.88,20,2026-09-11
SHREEKARNI.NS,551.62,20,2026-09-11
SRTL.NS,163.9,20,2026-09-11
RAMANEWS.NS,420.34,20,2026-09-11
TIRUPATI.NS,757.73,5,2026-09-11
BALAJEE.NS,228.32,20,2026-09-11
SHREEJISPG.NS,10200.31,10,2026-09-11
OSWALSEEDS.NS,91.93,20,2026-09-11
SHRENIK.NS,21.42,5,2026-09-11
SHREYANIND.NS,186.48,20,2026-09-11
SHRIKRISH.NS,,20,2026-09-11
SHRITECH.NS,174.28,20,2026-09-11
SHRINGARMS.NS,2122.76,20,2026-09-11
SHRIRAMFIN.NS,249130.19,No Band,2026-09-11
SHRIRAMPPS.NS,1458.75,20,2026-09-11
SHUBHLAXMI.NS,35.63,5,2026-09-11
SHYAMCENT.NS,110.54,5,2026-09-11
SHYAMTEL.NS,17.48,10,2026-09-11
SICAGEN.NS,202.57,5,2026-09-11
ENRIN.NS,120133.69,20,2026-09-11
SIGMA.NS,393.22,10,2026-09-11
SIGNATURE.NS,10988.99,20,2026-09-11
SIGIND.NS,130.55,5,2026-09-11
SIKA.NS,,20,2026-09-11
SILINV.NS,445.77,20,2026-09-11
SILGO.NS,195.41,20,2026-09-11
SILKFLEX.NS,85.37,5,2026-09-11
SILLYMONKS.NS,16.52,20,2026-08-31
SIMBHALS.NS,29.62,2,2026-09-11
SIMPLEXINF.NS,1915.29,20,2026-09-11
SINCLAIR.NS,380.81,20,2026-09-11
SINDHUTRAD.NS,3862.53,20,2026-09-11
SINGERIND.NS,,20,2026-09-11
SIRCA.NS,2240.31,20,2026-09-11
SITINET.NS,36.96,2,2026-09-11
SJVN.NS,26981.98,20,2026-09-11
SKFINDIA.NS,7417.67,20,2026-09-11
SKFINDUS.NS,13528.7,20,2026-09-11
SKIPPER.NS,5986.74,20,2026-09-11
SKP.NS,365.12,20,2026-09-11
SLONE.NS,84.3,5,2026-09-11
SMSPHARMA.NS,3620.12,20,2026-09-11
SNOWMAN.NS,613.17,20,2026-09-11
SOFTTECH.NS,573.27,5,2026-09-11
SOLARA.NS,2586.71,20,2026-09-11
SOLARWORLD.NS,1694.88,20,2026-09-11
SOLEX.NS,1029.05,20,2026-09-11
SDBL.NS,1545.54,20,2026-09-11
SOMANYCERA.NS,2065.4,20,2026-09-11
SOMICONVEY.NS,120.12,20,2026-09-11
SONAMAC.NS,266.01,5,2026-09-11
SONAL.NS,,5,2026-09-11
SONAMLTD.NS,214.41,5,2026-09-11
SONUINFRA.NS,78.65,5,2026-09-11
SOTAC.NS,170.23,5,2026-09-11
SPCENET.NS,204.38,10,2026-09-11
SPARC.NS,6943.46,10,2026-09-11
SPENCERS.NS,310.36,20,2026-09-11
SRHHYPOLTD.NS,831.81,20,2026-09-11
HAVISHA.NS,18.27,20,2026-09-11
LOTUSDEV.NS,7951.53,5,2026-09-11
STARCEMENT.NS,8314.4,20,2026-09-11
STARTECK.NS,262.18,20,2026-09-11
STEELCITY.NS,113.77,20,2026-09-11
STEELXIND.NS,1498.73,20,2026-09-11
SWSOLAR.NS,4788.53,20,2026-09-11
SGL.NS,27.19,10,2026-09-11
STLNETWORK.NS,1200.18,5,2026-09-11
STAR.NS,9592.41,20,2026-09-11
STUDDS.NS,1750.64,20,2026-09-11
SUDARCOLOR.NS,832.91,20,2026-09-11
SUDEEPPHRM.NS,9598.37,5,2026-09-11
SUKHJITS.NS,512.21,20,2026-09-11
SULA.NS,1254.46,20,2026-09-11
SUMMITSEC.NS,1602.72,20,2026-09-11
SUNTV.NS,19341.67,20,2026-09-11
SUNDARMFIN.NS,48716.17,20,2026-09-11
SUNDARAM.NS,59.71,20,2026-09-11
SUNDROP.NS,2457.27,20,2026-09-11
SUNFLAG.NS,6312.19,10,2026-09-11
SUNTECK.NS,4268.7,20,2026-09-11
SUPREME.NS,173.56,20,2026-09-11
SUPREMEINF.NS,875.38,20,2026-09-11
SUPREMEPWR.NS,764.73,20,2026-09-11
SUPRIYA.NS,6762.16,20,2026-09-11
SURAJLTD.NS,415.34,20,2026-09-11
SURAJEST.NS,931.73,20,2026-09-11
SURAKSHA.NS,1352.02,20,2026-09-11
SURANASOL.NS,129.36,20,2026-09-11
SURANAT&P.NS,244.91,20,2026-09-11
SURANI.NS,508.19,20,2026-09-11
SBGLP.NS,442.56,20,2026-09-11
SURYAROSNI.NS,5125.33,20,2026-09-11
SURYALAXMI.NS,104.91,20,2026-09-11
SURYALA.NS,,20,2026-09-11
SUVIDHAA.NS,54.05,20,2026-09-11
SUZLON.NS,72856.72,No Band,2026-09-11
SWANCORP.NS,9692.09,20,2026-09-11
SWARAJENG.NS,4358.28,20,2026-09-11
SWASTIK.NS,157.16,5,2026-09-11
SWELECTES.NS,943.28,20,2026-09-11
SYLVANPLY.NS,234.14,5,2026-09-11
SYMPHONY.NS,4767.17,20,2026-09-11
SYNCOMF.NS,1239.86,20,2026-09-11
SYNGENE.NS,16328.07,20,2026-09-11
SYSTANGO.NS,371.71,20,2026-09-11
SYSTMTXC.NS,828.14,2,2026-09-11
TNPL.NS,990.47,20,2026-09-11
TNTELE.NS,41.3,20,2026-09-11
TARIL.NS,9219.59,20,2026-09-11
TTL.NS,166.35,20,2026-09-11
TAALTECH.NS,,20,2026-09-11
TAKE.NS,301.81,5,2026-09-11
TAMBOLIIN.NS,,5,2026-09-11
TAPIFRUIT.NS,57.69,5,2026-09-11
TARACHAND.NS,437.32,20,2026-09-11
TARAPUR.NS,34.24,10,2026-09-11
TARC.NS,3621.13,20,2026-09-11
TARMAT.NS,126.12,20,2026-09-11
TATACAP.NS,146466.83,10,2026-09-11
TATACHEM.NS,17620.22,20,2026-09-11
TATACOMM.NS,50202.85,20,2026-09-11
TATACONSUM.NS,108357.0,No Band,2026-09-11
TATAELXSI.NS,21222.97,No Band,2026-09-11
TATAINVEST.NS,32507.48,20,2026-09-11
TMCV.NS,149306.52,20,2026-09-11
TMPV.NS,120678.25,No Band,2026-09-11
TATAPOWER.NS,120959.57,No Band,2026-09-11
TATASTEEL.NS,232637.37,No Band,2026-09-11
TATATECH.NS,28929.16,20,2026-09-11
TTML.NS,7937.01,20,2026-09-11
TBI.NS,571.72,20,2026-09-11
TCC.NS,,20,2026-09-11
TCIFINANCE.NS,19.86,10,2026-09-11
TDPOWERSYS.NS,18133.43,20,2026-09-11
TEAMGTY.NS,199.49,20,2026-09-11
TEAMLEASE.NS,2243.7,20,2026-09-11
TPHQ.NS,44.95,5,2026-09-11
TECHNOE.NS,11748.58,20,2026-09-11
TIIL.NS,5735.76,20,2026-09-11
TECHNVISN.NS,,5,2026-09-11
TECILCHEM.NS,18.32,20,2026-09-11
TEGA.NS,11775.52,20,2026-09-11
TEJASNET.NS,9252.38,20,2026-09-11
TEMBO.NS,813.73,20,2026-09-11
TENNIND.NS,,20,2026-09-11
TERASOFT.NS,485.09,20,2026-09-11
TEXMOPIPES.NS,125.42,20,2026-09-11
THACKER.NS,,20,2026-09-11
THAKDEV.NS,,10,2026-09-11
BBTC.NS,10442.06,20,2026-09-11
BYKE.NS,171.16,5,2026-09-11
HITECHGEAR.NS,1117.81,5,2026-09-11
THEINVEST.NS,503.46,20,2026-09-11
PKTEA.NS,230.15,10,2026-09-11
THEMISMED.NS,1005.28,20,2026-09-11
TIRUMALCHM.NS,1998.64,20,2026-09-11
THOMASCOOK.NS,4818.33,20,2026-09-11
THOMASCOTT.NS,427.2,20,2026-09-11
TIGERLOGS.NS,330.92,20,2026-09-11
TIMESCAN.NS,44.2,5,2026-09-11
TIMEX.NS,5613.83,20,2026-09-11
TIMKEN.NS,23115.47,20,2026-09-11
TIPSFILMS.NS,135.13,20,2026-09-11
TIPSMUSIC.NS,7961.99,20,2026-09-11
TITAGARH.NS,11039.21,20,2026-09-11
TOKYOPLAST.NS,76.84,5,2026-09-11
TOLINS.NS,412.16,20,2026-09-11
TOTAL.NS,80.34,5,2026-09-11
TOUCHWOOD.NS,74.98,20,2026-09-11
TRACXN.NS,321.29,20,2026-09-11
TREL.NS,606.38,20,2026-09-11
TRANSPEK.NS,572.19,5,2026-09-11
TRANSRAILL.NS,6469.8,20,2026-09-11
TRANSTEEL.NS,149.66,10,2026-09-11
TFL.NS,58.59,20,2026-09-11
TRANSWIND.NS,14.55,5,2026-09-11
TRANSWORLD.NS,357.34,2,2026-09-11
TREEHOUSE.NS,26.4,20,2026-09-11
TREJHARA.NS,339.3,20,2026-09-11
TRENT.NS,153960.16,No Band,2026-09-11
TRF.NS,256.51,20,2026-09-11
TECHLABS.NS,1225.23,5,2026-09-11
TRIGYN.NS,164.03,20,2026-09-11
TRIVENI.NS,6071.0,20,2026-09-11
TRITURBINE.NS,19506.04,20,2026-09-11
TRUALT.NS,3692.51,20,2026-09-11
TRU.NS,58.96,10,2026-09-11
TRUST.NS,417.77,20,2026-09-11
TIINDIA.NS,56206.43,No Band,2026-09-11
TUNWAL.NS,336.23,20,2026-09-11
TURTLEMINT.NS,,20,2026-09-11
TVVISION.NS,18.48,5,2026-09-11
TVSSRICHAK.NS,3029.82,20,2026-09-11
TICL.NS,150.35,5,2026-09-11
USK.NS,122.56,20,2026-09-11
UFO.NS,260.51,20,2026-09-11
UGARSUGAR.NS,442.24,20,2026-09-11
UGROCAP.NS,1450.22,20,2026-09-11
UEL.NS,1619.72,5,2026-09-11
UWCSL.NS,46.29,5,2026-09-11
ULTRAMAR.NS,1112.52,20,2026-09-11
UMA.NS,67.61,20,2026-09-11
UMAEXPORTS.NS,66.71,2,2026-09-11
UNIECOM.NS,955.9,20,2026-09-11
UNIENTER.NS,692.12,20,2026-09-11
UNITECH.NS,1172.1,10,2026-09-11
UNIDT.NS,456.7,20,2026-09-11
UNITEDTEA.NS,236.61,20,2026-09-11
UNITEDPOLY.NS,662.38,20,2026-09-11
UPL.NS,51397.25,No Band,2026-09-11
USASEEDS.NS,281.43,5,2026-09-11
URAVIDEF.NS,129.86,2,2026-09-11
URBANCO.NS,19137.02,20,2026-09-11
URBAN.NS,319.77,20,2026-09-11
URJA.NS,508.73,20,2026-09-11
UTIAMC.NS,11690.86,20,2026-09-11
UTTAMSUGAR.NS,888.66,20,2026-09-11
VIPIND.NS,4161.46,20,2026-09-11
VR.NS,159.84,5,2026-09-11
VGUARD.NS,12883.92,20,2026-09-11
VMARCIND.NS,2647.69,10,2026-09-11
V2RETAIL.NS,8071.62,20,2026-09-11
VAKRANGEE.NS,629.33,20,2026-09-11
VALIANTLAB.NS,341.03,5,2026-09-11
VALIANTORG.NS,745.58,5,2026-09-11
DBREALTY.NS,6182.89,5,2026-09-11
VARDHACRLC.NS,346.93,5,2026-09-11
VARDMNPOLY.NS,291.26,20,2026-09-11
VTL.NS,18137.11,20,2026-09-11
VBL.NS,155001.45,No Band,2026-09-11
VGL.NS,319.12,20,2026-09-11
VASA.NS,3.87,5,2026-09-11
VASCONEQ.NS,753.71,20,2026-09-11
VASWANI.NS,173.87,20,2026-09-11
VCL.NS,18.74,5,2026-09-11
MANYAVAR.NS,9907.4,20,2026-09-11
VEDL.NS,102422.94,No Band,2026-09-11
VAML.NS,168347.2,20,2026-09-11
VISL.NS,12278.62,5,2026-09-11
VOGL.NS,12993.03,20,2026-09-11
VEDPOWER.NS,13812.9,20,2026-09-11
VEEDOL.NS,2362.29,20,2026-09-11
VEEKAYEM.NS,122.77,5,2026-09-11
VELJAN.NS,,5,2026-09-11
VENTIVE.NS,14368.65,10,2026-09-11
VERANDA.NS,2244.3,20,2026-09-11
VERITAAS.NS,38.68,5,2026-09-11
VERTEXPLUS.NS,92.41,5,2026-09-11
VERTOZ.NS,300.69,20,2026-09-11
VESUVIUS.NS,9376.79,20,2026-09-11
VETO.NS,234.14,5,2026-09-11
VIAZ.NS,69.22,5,2026-09-11
VSTL.NS,210.67,20,2026-09-11
VHLTD.NS,893.57,5,2026-09-11
VIDYAWIRES.NS,1921.46,5,2026-09-11
VIJAYA.NS,13511.37,20,2026-09-11
VIKASECO.NS,154.11,20,2026-09-11
VIKASLIFE.NS,241.5,20,2026-09-11
VIKRAMSOLR.NS,6716.96,20,2026-09-11
VIKRAN.NS,1813.63,20,2026-09-11
VILAS.NS,1201.23,20,2026-09-11
VILINBIO.NS,25.11,5,2026-09-11
VINATIORGA.NS,13632.56,20,2026-09-11
VINDHYATEL.NS,2242.3,20,2026-09-11
VINNY.NS,49.78,20,2026-09-11
VINYLINDIA.NS,447.79,20,2026-09-11
VIPCLOTHNG.NS,195.85,10,2026-09-11
VIRINCHI.NS,177.18,20,2026-09-11
VISACHROME.NS,553.42,5,2026-09-11
VIVIDHA.NS,15.22,20,2026-09-11
VISAMAN.NS,54.14,5,2026-09-11
VMM.NS,52473.62,No Band,2026-09-11
VPRPL.NS,337.01,20,2026-09-11
VISHNUINFR.NS,540.06,20,2026-09-11
VISHWARAJ.NS,114.8,20,2026-09-11
VISHWAS.NS,86.75,5,2026-09-11
VITAL.NS,114.49,5,2026-09-11
VIVIANA.NS,736.26,20,2026-09-11
VIVIMEDLAB.NS,42.37,2,2026-09-11
VIVO.NS,16.32,5,2026-09-11
VIYASH.NS,11206.19,20,2026-09-11
VLEGOV.NS,118.32,5,2026-09-11
VMSTMT.NS,218.97,20,2026-09-11
IDEA.NS,146696.47,No Band,2026-09-11
VOLTAMP.NS,9509.08,20,2026-09-11
VSTIND.NS,3936.8,20,2026-09-11
VSTTILLERS.NS,3843.47,20,2026-09-11
WSI.NS,462.43,20,2026-09-11
WAAREEENER.NS,77585.32,No Band,2026-09-11
WAKEFIT.NS,4600.87,20,2026-09-11
WALCHANNAG.NS,1673.99,20,2026-09-11
WEWIN.NS,46.28,10,2026-09-11
WEBELSOLAR.NS,4377.67,5,2026-09-11
WEIZMANIND.NS,121.01,20,2026-09-11
WELSPLSOL.NS,,20,2026-09-11
WCIL.NS,921.06,20,2026-09-11
WEWORK.NS,9911.28,20,2026-09-11
WHEELS.NS,3468.27,10,2026-09-11
WHIRLPOOL.NS,9612.95,20,2026-09-11
WILLAMAGOR.NS,27.95,20,2026-09-11
WINDMACHIN.NS,3083.09,20,2026-09-11
WINNY.NS,62.93,5,2026-09-11
WINSOL.NS,437.01,20,2026-09-11
WINSOME.NS,16.57,—,2026-07-22
WIPRO.NS,172560.12,No Band,2026-09-11
WOCKPHARMA.NS,30247.92,20,2026-09-11
WOMANCART.NS,174.08,5,2026-09-11
WONDERLA.NS,2991.65,20,2026-09-11
WPIL.NS,,20,2026-09-11
XCHANGING.NS,713.99,20,2026-09-11
XELPMOC.NS,118.57,20,2026-09-11
XTGLOBAL.NS,380.11,20,2026-09-11
YASHOPTICS.NS,243.69,20,2026-09-11
YCCL.NS,48.26,20,2026-09-11
YESBANK.NS,72944.14,No Band,2026-09-11
YUDIZ.NS,62.9,5,2026-09-11
ZFSTEERING.NS,600.2,20,2026-09-11
ZTECH.NS,391.0,20,2026-09-11
ZAGGLE.NS,2739.47,20,2026-09-11
ZEAL.NS,252.22,10,2026-09-11
ZEEMEDIA.NS,517.13,10,2026-09-11
ZENITHEXPO.NS,107.28,5,2026-09-11
ZFCVINDIA.NS,26940.04,20,2026-09-11
ZODIACLOTH.NS,210.08,20,2026-09-11
ZODIAC.NS,,10,2026-09-11
ZOTA.NS,3874.69,20,2026-09-11
ANANTAM.NS,,20,2026-09-11
BAGMANE.NS,,20,2026-09-11
CAPINVIT.NS,,20,2026-09-11
CITIUSINVT.NS,,20,2026-09-11
KRT.NS,,20,2026-09-11
RIIT.NS,,20,2026-09-11
ROADSTAR.NS,,20,2026-09-11
ABMINTLLTD.NS,39.58,2,2026-09-11
AAVAS.NS,10988.8,20,2026-09-11
AFSL.NS,1022.18,20,2026-09-11
ACC.NS,25048.94,20,2026-09-11
ADANIPORTS.NS,409759.13,No Band,2026-09-11
AFFLE.NS,20547.6,20,2026-09-11
ABDL.NS,16853.93,10,2026-09-11
AMBUJACEM.NS,105244.43,No Band,2026-09-11
APOLLO.NS,14696.76,20,2026-09-11
ADL.NS,38.6,20,2026-09-11
ARIHANTSUP.NS,1114.55,20,2026-09-11
ARVIND.NS,13459.56,20,2026-09-11
ARVSMART.NS,2710.97,20,2026-09-11
ASAHIINDIA.NS,22241.12,20,2026-09-11
ASIANHOTNR.NS,1240.63,20,2026-09-11
ATULAUTO.NS,1314.58,20,2026-09-11
AWL.NS,24239.91,20,2026-09-11
BAJAJHCARE.NS,1069.46,20,2026-09-11
BATAINDIA.NS,8691.67,20,2026-09-11
BHARATGEAR.NS,182.73,5,2026-09-11
BIRLACORPN.NS,7500.71,20,2026-09-11
BLACKBUCK.NS,9912.89,20,2026-09-11
BOROSCI.NS,1356.18,20,2026-09-11
BROOKS.NS,194.36,10,2026-09-11
CALSOFT.NS,131.57,5,2026-09-11
CTE.NS,60.35,5,2026-09-11
CARYSIL.NS,3175.62,20,2026-09-11
CIEINDIA.NS,15895.28,20,2026-09-11
CIPLA.NS,112532.85,No Band,2026-09-11
COFORGE.NS,63743.05,No Band,2026-09-11
COHANCE.NS,16163.58,20,2026-09-11
CONTROLPR.NS,917.59,20,2026-09-11
CYBERTECH.NS,433.28,5,2026-09-11
DEEPAKNTR.NS,22556.68,20,2026-09-11
DICIND.NS,467.35,20,2026-09-11
DOMS.NS,13534.11,20,2026-09-11
DYNPRO.NS,290.92,20,2026-09-11
EDELWEISS.NS,10988.29,20,2026-09-11
ELECTHERM.NS,1270.97,10,2026-09-11
EMBDL.NS,8538.98,10,2026-09-11
EMUDHRA.NS,3755.13,20,2026-09-11
EPACK.NS,2222.88,20,2026-09-11
ERIS.NS,19340.01,20,2026-09-11
EXCELINDUS.NS,1149.4,20,2026-09-11
FAZE3Q.NS,1322.77,10,2026-09-11
FDC.NS,6532.75,20,2026-09-11
FINEORG.NS,14549.69,20,2026-09-11
FOODSIN.NS,406.19,20,2026-09-11
FOSECOIND.NS,3811.56,20,2026-09-11
GAYAPROJ.NS,955.53,5,2026-09-11
GENESYS.NS,1249.32,10,2026-09-11
GRASIM.NS,211140.08,No Band,2026-09-11
HINDPETRO.NS,81953.08,No Band,2026-09-11
HDBFS.NS,57345.63,20,2026-09-11
HIMATSEIDE.NS,1023.67,20,2026-09-11
HISARMETAL.NS,80.31,20,2026-09-11
HRHNEXT.NS,61.47,5,2026-09-11
IOB.NS,65125.79,20,2026-09-11
IOC.NS,197584.36,No Band,2026-09-11
IIFLCAPS.NS,10690.83,20,2026-09-11
IMPAL.NS,1336.73,20,2026-09-11
IEX.NS,10849.33,No Band,2026-09-11
INDOAMIN.NS,945.74,5,2026-09-11
INOXGREEN.NS,7514.73,20,2026-09-11
INTELLECT.NS,10222.22,20,2026-09-11
INTERARCH.NS,3036.71,20,2026-09-11
JBMA.NS,15587.34,20,2026-09-11
JSWDULUX.NS,13290.48,20,2026-09-11
JSWSTEEL.NS,304322.32,No Band,2026-09-11
JUBLPHARMA.NS,15376.23,20,2026-09-11
JYOTHYLAB.NS,7290.31,20,2026-09-11
KCP.NS,2103.86,20,2026-09-11
KPIL.NS,22164.57,20,2026-09-11
KEYFINSERV.NS,142.68,20,2026-09-11
RUSTOMJEE.NS,5070.31,20,2026-09-11
KSB.NS,15145.76,20,2026-09-11
KSOLVES.NS,665.83,20,2026-09-11
LATENTVIEW.NS,6081.53,20,2026-09-11
LAXMICOT.NS,24.8,20,2026-09-11
LRRPL.NS,24.23,5,2026-09-11
LINC.NS,614.75,20,2026-09-11
LOYALTEX.NS,99.73,20,2026-09-11
MCLOUD.NS,1605.21,20,2026-09-11
MANAKSTEEL.NS,465.75,5,2026-09-11
MANDEEP.NS,61.15,5,2026-09-11
MANORG.NS,452.76,5,2026-09-11
MARINE.NS,3288.11,20,2026-09-11
MARUTI.NS,421393.77,No Band,2026-09-11
METROBRAND.NS,27935.22,20,2026-09-11
MPHASIS.NS,42598.0,No Band,2026-09-11
MUFIN.NS,2480.99,20,2026-09-11
NDGL.NS,261.06,20,2026-09-11
NAHARINDUS.NS,501.57,20,2026-09-11
NSIL.NS,2832.08,20,2026-09-11
NAVNETEDUL.NS,3111.14,20,2026-09-11
NIBE.NS,2332.71,10,2026-09-11
NAM-INDIA.NS,70693.34,No Band,2026-09-11
NIVABUPA.NS,15648.22,20,2026-09-11
ORIENTCEM.NS,2760.35,20,2026-09-11
ORIENTTECH.NS,1177.94,20,2026-09-11
PARAGON.NS,266.1,20,2026-09-11
PETRONET.NS,40417.5,No Band,2026-09-11
PHANTOMFX.NS,557.09,20,2026-09-11
DIAMONDYD.NS,2664.53,20,2026-09-11
RAJRILTD.NS,1197.13,2,2026-09-11
RAMRAT.NS,3808.18,20,2026-09-11
RELCHEMQ.NS,95.66,20,2026-09-11
RELIABLE.NS,148.43,20,2026-09-11
ROSSTECH.NS,3687.34,20,2026-09-11
SAGCEM.NS,2308.3,20,2026-09-11
SBFC.NS,10016.92,20,2026-09-11
SCHAEFFLER.NS,63978.22,20,2026-09-11
SECMARK.NS,137.83,20,2026-09-11
SERVOTECH.NS,2197.7,20,2026-09-11
SIYSIL.NS,2792.76,20,2026-09-11
SMLMAH.NS,5642.93,5,2026-09-11
SOBHA.NS,14717.92,20,2026-09-11
SOUTHWEST.NS,771.19,20,2026-09-11
SPECTSTM.NS,253.56,20,2026-09-11
SPMLINFRA.NS,1672.14,20,2026-09-11
SRF.NS,77738.41,No Band,2026-09-11
STLTECH.NS,28206.02,5,2026-09-11
SUPREMEIND.NS,43423.85,No Band,2026-09-11
TVTODAY.NS,691.2,20,2026-09-11
TEXRAIL.NS,4438.89,20,2026-09-11
TGBHOTELS.NS,26.09,20,2026-09-11
THERMAX.NS,51570.56,20,2026-09-11
TIJARIA.NS,12.51,5,2026-09-11
TI.NS,10824.85,20,2026-09-11
UCOBANK.NS,32602.85,20,2026-09-11
UMESLTD.NS,14.38,10,2026-09-11
VHL.NS,1109.89,20,2026-09-11
WAAREERTL.NS,9843.98,20,2026-09-11
YUKEN.NS,964.12,20,2026-09-11
ZENITHSTL.NS,80.53,20,2026-09-11
ZUARI.NS,928.22,20,2026-09-11
ZUARIIND.NS,762.7,20,2026-09-11
RAJPUTANA.NS,,20,2026-09-11
AADHARHFC.NS,21648.19,20,2026-09-11
ACUTAAS.NS,26685.89,20,2026-09-11
AIROLAM.NS,128.84,20,2026-09-11
ALKYLAMINE.NS,9152.61,20,2026-09-11
ARVINDFASN.NS,6183.55,20,2026-09-11
ASIANPAINT.NS,252880.77,No Band,2026-09-11
ASAL.NS,807.1,20,2026-09-11
BAYERCROP.NS,18954.33,20,2026-09-11
BEACON.NS,212.08,5,2026-09-11
BIL.NS,978.83,20,2026-09-11
CONCORDBIO.NS,13061.33,20,2026-09-11
DHUNINV.NS,527.22,20,2026-09-11
DYNAMIC.NS,645.1,5,2026-09-11
ENDURANCE.NS,37050.59,20,2026-09-11
GEECEE.NS,698.77,5,2026-09-11
GENUSPAPER.NS,306.49,20,2026-09-11
HIGREEN.NS,418.21,20,2026-09-11
HINDUNILVR.NS,503987.33,No Band,2026-09-11
HINDOILEXP.NS,2142.87,20,2026-09-11
INDIANB.NS,111272.69,No Band,2026-09-11
K2INFRA.NS,347.01,5,2026-09-11
KAKATCEM.NS,94.06,5,2026-09-11
KAYNES.NS,21291.55,No Band,2026-09-11
LIKHITHA.NS,894.45,20,2026-09-11
MODISONLTD.NS,896.59,5,2026-09-11
MOTILALOFS.NS,52504.18,No Band,2026-09-11
NKIND.NS,35.89,20,2026-09-11
MOBIKWIK.NS,1582.97,20,2026-09-11
PATINTLOG.NS,96.17,5,2026-09-11
PENINLAND.NS,533.75,20,2026-09-11
PLADAINFO.NS,25.76,5,2026-09-11
POKARNA.NS,2872.52,20,2026-09-11
PIGL.NS,222.89,20,2026-09-11
POWERGRID.NS,268043.41,No Band,2026-09-11
PRUDENT.NS,11837.76,20,2026-09-11
PSB.NS,16866.21,20,2026-09-11
QUADFUTURE.NS,1444.2,20,2026-09-11
RPSGVENT.NS,2957.76,10,2026-09-11
SAGILITY.NS,18921.93,No Band,2026-09-11
SAKAR.NS,1760.82,10,2026-09-11
SHEETAL.NS,67.53,20,2026-09-11
SPANDANA.NS,2317.92,20,2026-09-11
SUPERHOUSE.NS,170.85,20,2026-09-11
SVPGLOB.NS,48.96,5,2026-09-11
SWIGGY.NS,65521.43,No Band,2026-09-11
TAINWALCHM.NS,189.03,20,2026-09-11
TGL.NS,566.5,2,2026-09-11
TCI.NS,7051.18,20,2026-09-11
VMART.NS,5764.45,20,2026-09-11
VINYAS.NS,1440.64,20,2026-09-11
WEALTH.NS,1001.84,20,2026-09-11
WESTLIFE.NS,7126.73,20,2026-09-11
GSTL.NS,28.77,5,2026-09-11
SHREEOSFM.NS,89.19,20,2026-09-11
BANKINDIA.NS,64238.15,No Band,2026-09-11
BELRISE.NS,22446.63,20,2026-09-11
FCL.NS,4519.43,10,2026-09-11
GRINDWELL.NS,21892.67,20,2026-09-11
KESORAMIND.NS,357.26,5,2026-09-11
LMW.NS,16881.28,20,2026-09-11
MOSCHIP.NS,4171.57,20,2026-09-11
NIACL.NS,27587.52,20,2026-09-11
OIL.NS,71375.55,No Band,2026-09-11
SHREDIGCEM.NS,1077.7,20,2026-09-11
SUMEETINDS.NS,1670.71,5,2026-09-11
SYRMA.NS,24519.23,20,2026-09-11
VIPULLTD.NS,162.39,2,2026-09-11
ZENTEC.NS,15144.68,20,2026-09-11
BANSWRAS.NS,425.61,20,2026-09-11
CCCL.NS,703.2,20,2026-09-11
CENTUM.NS,5163.91,20,2026-09-11
CHEMBOND.NS,231.11,20,2026-09-11
CROWN.NS,126.27,20,2026-09-11
DBSTOCKBRO.NS,118.12,5,2026-09-11
GREENPANEL.NS,2352.73,20,2026-09-11
HFCL.NS,29463.7,5,2026-09-11
JINDALSAW.NS,15994.73,20,2026-09-11
MAMATA.NS,936.94,20,2026-09-11
MOLDTKPAC.NS,2300.6,20,2026-09-11
PONNIERODE.NS,267.84,20,2026-09-11
RAMCOSYS.NS,2405.0,5,2026-09-11
SOMATEX.NS,338.14,5,2026-09-11
SPLIL.NS,90.76,20,2026-09-11
TRIDENT.NS,12779.72,20,2026-09-11
VENUSREM.NS,2103.76,5,2026-09-11
AARTECH.NS,145.57,5,2026-09-11
AARTISURF.NS,321.6,5,2026-09-11
ADANIENT.NS,406428.14,No Band,2026-09-11
AMBIKCO.NS,960.31,20,2026-09-11
PARKHOTELS.NS,2559.42,20,2026-09-11
ASTRON.NS,18.53,5,2026-09-11
AVALON.NS,10957.13,20,2026-09-11
BLISSGVS.NS,4782.04,5,2026-09-11
BOROLTD.NS,2737.36,20,2026-09-11
BORORENEW.NS,8047.5,20,2026-09-11
CASTROLIND.NS,18205.79,20,2026-09-11
CUMMINSIND.NS,151226.46,No Band,2026-09-11
DHAMPURSUG.NS,908.84,20,2026-09-11
DVL.NS,834.22,20,2026-09-11
EQUITASBNK.NS,8536.9,20,2026-09-11
EXICOM.NS,2209.7,20,2026-09-11
GANESHHOU.NS,6437.9,20,2026-09-11
GILLETTE.NS,25383.88,20,2026-09-11
GOCLCORP.NS,1924.16,20,2026-09-11
GRAVITA.NS,11934.33,20,2026-09-11
GREENPLY.NS,3525.98,20,2026-09-11
HEALTHX.NS,972.29,20,2026-09-11
HERITGFOOD.NS,3000.09,20,2026-09-11
IDEAFORGE.NS,4213.09,5,2026-09-11
IFGLEXPOR.NS,1408.7,20,2026-09-11
INDOCO.NS,2102.02,20,2026-09-11
INGERRAND.NS,13432.18,20,2026-09-11
KRISHNADEF.NS,1802.91,20,2026-09-11
MASTERTR.NS,1009.84,20,2026-09-11
MAYURUNIQ.NS,3414.94,20,2026-09-11
NACLIND.NS,4342.17,20,2026-09-11
NITCO.NS,2482.16,20,2026-09-11
NORTHARC.NS,4612.4,20,2026-09-11
ORIENTCER.NS,481.55,20,2026-09-11
PCJEWELLER.NS,8953.11,20,2026-09-11
RACLGEAR.NS,1546.26,20,2026-09-11
RAJOOENG.NS,931.43,5,2026-09-11
RAYMOND.NS,3838.69,20,2026-09-11
RELIGARE.NS,8541.08,20,2026-09-11
SHEMAROO.NS,337.18,5,2026-09-11
SBCL.NS,4203.38,10,2026-09-11
SHRADHA.NS,202.12,20,2026-09-11
SPRL.NS,46.17,5,2026-09-11
SUNCLAY.NS,2878.79,20,2026-09-11
SURYODAY.NS,1761.01,20,2026-09-11
TVSELECT.NS,911.36,20,2026-09-11
YATHARTH.NS,8035.47,20,2026-09-11
ZYDUSLIFE.NS,109645.62,No Band,2026-09-11
ANTELOPUS.NS,2781.87,20,2026-09-11
DHANBANK.NS,1262.25,20,2026-09-11
ELLEN.NS,3816.54,10,2026-09-11
EMBASSY.NS,35064.49,20,2026-09-11
FISCHER.NS,2340.55,20,2026-09-11
GINNIFILA.NS,393.22,5,2026-09-11
HEIDELBERG.NS,3518.9,20,2026-09-11
J&KBANK.NS,17027.58,20,2026-09-11
JAYBARMARU.NS,1656.22,5,2026-09-11
JETFREIGHT.NS,98.47,20,2026-09-11
JNKINDIA.NS,2562.13,20,2026-09-11
KOPRAN.NS,925.35,20,2026-09-11
LAL.NS,137.67,20,2026-09-11
MANCREDIT.NS,459.29,20,2026-09-11
MEGASTAR.NS,371.85,20,2026-09-11
MICROPRO.NS,60.84,20,2026-09-11
NHPC.NS,78250.82,No Band,2026-09-11
PHOENIXLTD.NS,68330.54,No Band,2026-09-11
REPRO.NS,519.59,20,2026-09-11
RITEZONE.NS,16.5,5,2026-09-11
SADHNANIQ.NS,773.79,2,2026-09-11
SCHNEIDER.NS,30626.84,20,2026-09-11
SOLARINDS.NS,163606.02,No Band,2026-09-11
SRGHFL.NS,461.02,10,2026-09-11
ANUP.NS,4187.78,20,2026-09-11
ZIMLAB.NS,608.11,20,2026-09-11
5PAISA.NS,1626.94,20,2026-09-11
AILIMITED.NS,56.6,5,2026-09-11
ADFFOODS.NS,2889.96,20,2026-09-11
AIAENG.NS,42656.74,20,2026-09-11
ALIVUS.NS,13484.16,20,2026-09-11
AMBICAAGAR.NS,42.46,20,2026-09-11
ARIHANTACA.NS,87.83,20,2026-09-11
ASPINWALL.NS,186.47,20,2026-09-11
BHEL.NS,140222.7,No Band,2026-09-11
CGCL.NS,21298.24,20,2026-09-11
CREST.NS,1048.98,20,2026-09-11
DAMCAPITAL.NS,1066.58,20,2026-09-11
DCMSRIND.NS,338.66,20,2026-09-11
DEEDEV.NS,4867.99,5,2026-09-11
EMAMILTD.NS,17619.32,20,2026-09-11
EPIGRAL.NS,4788.69,20,2026-09-11
EVEREADY.NS,2500.08,20,2026-09-11
FIBERWEB.NS,84.94,10,2026-09-11
GLOSTERLTD.NS,723.68,20,2026-09-11
GMRAIRPORT.NS,109855.59,No Band,2026-09-11
HOLMARC.NS,109.49,5,2026-09-11
IMAGICAA.NS,2569.01,20,2026-09-11
KIRLOSENG.NS,31011.76,20,2026-09-11
KMSUGAR.NS,248.4,20,2026-09-11
KRN.NS,7580.09,5,2026-09-11
MAHSCOOTER.NS,14157.71,20,2026-09-11
MALUPAPER.NS,55.41,20,2026-09-11
MDL.NS,194.96,20,2026-09-11
NAVINFLUOR.NS,37887.63,20,2026-09-11
NCLIND.NS,827.49,20,2026-09-11
NPST.NS,3131.82,20,2026-09-11
PIXTRANS.NS,2307.56,20,2026-09-11
PLATIND.NS,1281.27,20,2026-09-11
PNBHOUSING.NS,26913.73,No Band,2026-09-11
PSPPROJECT.NS,3767.16,20,2026-09-11
RPPL.NS,145.59,5,2026-09-11
RHIM.NS,7981.28,20,2026-09-11
SHREEPUSHK.NS,1261.98,20,2026-09-11
SHREMINVIT.NS,7207.96,20,2026-09-11
SIDDHIKA.NS,94.17,5,2026-09-11
SKMEGGPROD.NS,1313.92,20,2026-09-11
TRAVELFOOD.NS,16814.15,10,2026-09-11
YATRA.NS,1665.04,20,2026-09-11
NHIT.NS,,20,2026-09-11
STERTOOLS.NS,894.07,5,2026-09-11
TNPETRO.NS,883.52,20,2026-09-11
TITAN.NS,430350.01,No Band,2026-09-11
WSTCSTPAPR.NS,3722.52,20,2026-09-11
CENTRUM.NS,1093.27,20,2026-09-11
CHALET.NS,17629.03,20,2026-09-11
DEEPAKFERT.NS,19364.22,20,2026-09-11
DHARAN.NS,73.2,5,2026-09-11
ENERGYDEV.NS,79.8,20,2026-09-11
GALAPREC.NS,1350.96,20,2026-09-11
HECPROJECT.NS,139.53,20,2026-09-11
MGEL.NS,512.46,20,2026-09-11
SARLAPOLY.NS,777.86,20,2026-09-11
SHANTI.NS,7.36,20,2026-09-11
SIS.NS,5994.98,20,2026-09-11
SRM.NS,1143.3,20,2026-09-11
SPLPETRO.NS,13231.53,20,2026-09-11
TORNTPOWER.NS,71730.67,20,2026-09-11
VAISHALI.NS,95.89,10,2026-09-11
VINCOFE.NS,2157.35,20,2026-09-11
ZEELEARN.NS,265.13,20,2026-09-11
20MICRONS.NS,679.12,20,2026-09-11
APTUS.NS,13080.71,20,2026-09-11
ACI.NS,6489.59,20,2026-09-11
DATAPATTNS.NS,23966.74,20,2026-09-11
EPL.NS,7124.06,20,2026-09-11
HINDCOMPOS.NS,624.73,20,2026-09-11
INDOSTAR.NS,4039.81,20,2026-09-11
MAWANASUG.NS,409.28,20,2026-09-11
MIRZAINT.NS,459.8,20,2026-09-11
NINSYS.NS,1452.83,5,2026-09-11
PTCIL.NS,26592.28,20,2026-09-11
RUPA.NS,1281.06,20,2026-09-11
SAHANA.NS,1665.97,20,2026-09-11
SANGHVIMOV.NS,3547.88,20,2026-09-11
SATIN.NS,2637.62,20,2026-09-11
SIGNPOST.NS,1515.57,20,2026-09-11
SUNDRMBRAK.NS,301.72,5,2026-09-11
THANGAMAYL.NS,16245.02,5,2026-09-11
DENTALKART.NS,901.87,20,2026-09-11
VRAJ.NS,404.2,20,2026-09-11
WELSPUNLIV.NS,14680.89,20,2026-09-11
ZENITHDRUG.NS,134.53,20,2026-09-11
GSMFOILS.NS,57.62,5,2026-09-11
TRIDHYA.NS,23.17,5,2026-09-11
WTICAB.NS,265.86,20,2026-09-11
AFFORDABLE.NS,210.4,5,2026-09-11
BALAMINES.NS,6561.85,20,2026-09-11
CCL.NS,15365.08,20,2026-09-11
CUB.NS,20276.46,20,2026-09-11
NH.NS,38989.07,20,2026-09-11
UMIYA-MRO.NS,164.7,20,2026-09-11
UNIVAFOODS.NS,12.32,5,2026-09-11
VENUSPIPES.NS,3240.62,20,2026-09-11
VISHNU.NS,4036.9,20,2026-09-11
WANBURY.NS,999.97,20,2026-09-11
XPROINDIA.NS,3057.72,20,2026-09-11
ZEEL.NS,9426.54,20,2026-09-11
21STCENMGM.NS,,2,2026-09-11
ACCORD.NS,,5,2026-09-11
APSISAERO.NS,,2,2026-09-11
ASCOM.NS,,5,2026-09-11
AVATAR.NS,,5,2026-09-11
BAFNAPH.NS,,2,2026-09-11
DIVYADHAN.NS,,5,2026-09-11
FAIRCHEMOR.NS,,5,2026-09-11
FROG.NS,,20,2026-09-11
INNOMET.NS,,2,2026-09-11
ITTL.NS,,2,2026-09-11
LOKESHMACH.NS,,20,2026-09-11
NAMOEWASTE.NS,,5,2026-09-11
NRL.NS,,5,2026-09-11
RADIOWALLA.NS,,5,2026-09-11
SANGINITA.NS,,2,2026-09-11
SETCO.NS,,5,2026-09-11
SUPERSPIN.NS,,5,2026-09-11
SUPREMEENG.NS,,2,2026-09-11
SVLL.NS,,20,2026-09-11
UCL.NS,,2,2026-09-11
VIJIFIN.NS,,2,2026-09-11
AAKAAR.NS,,5,2026-09-11
ABSLLIQUID.NS,,5,2026-09-11
ACCPL.NS,,5,2026-09-11
ADDICTIVE.NS,,5,2026-09-11
AEROPLANE.NS,,5,2026-09-11
AGARWALFT.NS,,5,2026-09-11
AHIMSA.NS,,5,2026-09-11
AISL.NS,,5,2026-09-11
AKANKSHA.NS,,5,2026-09-11
AKIKO.NS,,10,2026-09-11
AKSHARCHEM.NS,,5,2026-09-11
AMBAAUTO.NS,,5,2026-09-11
AMBANIORGO.NS,,5,2026-09-11
AONELIQUID.NS,,5,2026-09-11
APEXECO.NS,,5,2026-09-11
ARISTO.NS,,5,2026-09-11
ARMOUR.NS,,5,2026-09-11
ARROWGREEN.NS,,20,2026-09-11
ARUNAYA.NS,,10,2026-09-11
ARVINDPORT.NS,,10,2026-09-11
ASAHISONG.NS,,5,2026-09-11
ATCENERGY.NS,,5,2026-09-11
AUSL.NS,,5,2026-09-11
AUSOMENT.NS,,5,2026-09-11
AVANA.NS,,5,2026-09-11
AVG.NS,,5,2026-09-11
AVSL.NS,,5,2026-09-11
BALCO.NS,,5,2026-09-11
BASML.NS,,5,2026-09-11
BDR.NS,,5,2026-09-11
BHADORA.NS,,5,2026-09-11
BHAGERIA.NS,,5,2026-09-11
BHAGYANGR.NS,,5,2026-09-11
BIKEWO.NS,,5,2026-09-11
BLUEWATER.NS,,5,2026-09-11
BOSS.NS,,5,2026-09-11
BRANDMAN.NS,,10,2026-09-11
BULKCORP.NS,,5,2026-09-11
CADSYS.NS,,5,2026-09-11
CAPTRUST.NS,,5,2026-09-11
CASHIETF.NS,,5,2026-09-11
CBAZAAR.NS,,5,2026-09-11
CEDAAR.NS,,5,2026-09-11
CEMPRO.NS,,5,2026-09-11
CHETANA.NS,,10,2026-09-11
CLASSICEIL.NS,,5,2026-09-11
CLEDUCATE.NS,,5,2026-09-11
COMMITTED.NS,,10,2026-09-11
CONSOFINVT.NS,,5,2026-09-11
CPCAP.NS,,20,2026-09-11
CUDML.NS,,20,2026-09-11
DEEM.NS,,5,2026-09-11
DESTINY.NS,,5,2026-09-11
DHARARAIL.NS,,5,2026-09-11
DIACABS.NS,,5,2026-09-11
DIRL.NS,,5,2026-09-11
DIVINEHIRA.NS,,5,2026-09-11
DPEL.NS,,10,2026-09-11
DRSCARGO.NS,,5,2026-09-11
DSKULKARNI.NS,,2,2026-09-11
E2E.NS,,5,2026-09-11
E2ERAIL.NS,,20,2026-09-11
ECOLINE.NS,,5,2026-09-11
EFFWA.NS,,20,2026-09-11
EIFFL.NS,,2,2026-09-11
ELIQUID.NS,,5,2026-09-11
EMAMIPAP.NS,,5,2026-09-11
EPWINDIA.NS,,5,2026-09-11
EQUIPPP.NS,,5,2026-09-11
EVERESTIND.NS,,5,2026-09-11
EXCELLENT.NS,,5,2026-09-11
FOCE.NS,,5,2026-09-11
FORCAS.NS,,5,2026-09-11
FORGEAUTO.NS,,5,2026-09-11
FRESHARA.NS,,5,2026-09-11
GANESHBE.NS,,5,2026-09-11
GANESHIN.NS,,5,2026-09-11
GCHOTELS.NS,,5,2026-09-11
GILT10BETA.NS,,No Band,2026-09-11
GILT5BETA.NS,,No Band,2026-09-11
GILT5YBEES.NS,,No Band,2026-09-11
GJL.NS,,5,2026-09-11
GLOBALPET.NS,,5,2026-09-11
GML.NS,,5,2026-09-11
GOLDTECH.NS,,5,2026-09-11
GRCL.NS,,5,2026-09-11
GREENLEAF.NS,,5,2026-09-11
GRETEX.NS,,5,2026-09-11
GROWWLIQID.NS,,5,2026-09-11
GSEC10IETF.NS,,No Band,2026-09-11
GSEC10YEAR.NS,,No Band,2026-09-11
GSEC5IETF.NS,,No Band,2026-09-11
GTECJAINX.NS,,10,2026-09-11
GULFPETRO.NS,,5,2026-09-11
GURUNANAK.NS,,5,2026-09-11
HDFCLIQUID.NS,,5,2026-09-11
HITECHCORP.NS,,5,2026-09-11
HOACFOODS.NS,,2,2026-09-11
HOMESFY.NS,,5,2026-09-11
HPTL.NS,,5,2026-09-11
HVAX.NS,,5,2026-09-11
IBLFL.NS,,5,2026-09-11
IBULLSLTD.NS,,5,2026-09-11
IMPEXFERRO.NS,,2,2026-09-11
INDOTECH.NS,,5,2026-09-11
INTEGRITY.NS,,5,2026-09-11
IWARE.NS,,5,2026-09-11
IZMO.NS,,10,2026-09-11
JAINIK.NS,,5,2026-09-11
JAKHARIA.NS,,5,2026-09-11
JEYYAM.NS,,5,2026-09-11
JFLLIFE.NS,,5,2026-09-11
JITFINFRA.NS,,10,2026-09-11
KALYANI.NS,,5,2026-09-11
KAMDHENU.NS,,5,2026-09-11
KANORICHEM.NS,,5,2026-09-11
KCK.NS,,5,2026-09-11
KONSTELEC.NS,,5,2026-09-11
KRMAYURVED.NS,,20,2026-09-11
LAMOSAIC.NS,,5,2026-09-11
LICNETFGSC.NS,,No Band,2026-09-11
LIQGRWBEES.NS,,5,2026-09-11
LIQUID.NS,,5,2026-09-11
LIQUID1.NS,,5,2026-09-11
LIQUIDADD.NS,,5,2026-09-11
LIQUIDBEES.NS,,5,2026-09-11
LIQUIDBETA.NS,,5,2026-09-11
LIQUIDBETF.NS,,5,2026-09-11
LIQUIDCASE.NS,,5,2026-09-11
LIQUIDETF.NS,,5,2026-09-11
LIQUIDIETF.NS,,5,2026-09-11
LIQUIDPLUS.NS,,5,2026-09-11
LIQUIDSBI.NS,,5,2026-09-11
LIQUIDSHRI.NS,,5,2026-09-11
LTGILTBEES.NS,,No Band,2026-09-11
LTGILTCASE.NS,,No Band,2026-09-11
MADHAVBAUG.NS,,5,2026-09-11
MADHUSUDAN.NS,,5,2026-09-11
MAHESHWARI.NS,,20,2026-09-11
MASTER.NS,,5,2026-09-11
MAXVOLT.NS,,5,2026-09-11
MEDIORG.NS,,5,2026-09-11
MENONBE.NS,,5,2026-09-11
METALIC.NS,,5,2026-09-11
MIEL.NS,,5,2026-09-11
MINDPOOL.NS,,5,2026-09-11
MMEL.NS,,10,2026-09-11
MOBILISE.NS,,5,2026-09-11
MOGSEC.NS,,No Band,2026-09-11
MPEL.NS,,5,2026-09-11
MPTODAY.NS,,5,2026-09-11
MRIL.NS,,5,2026-09-11
MUNISH.NS,,20,2026-09-11
NAVKARURB.NS,,5,2026-09-11
NEELAM.NS,,5,2026-09-11
NEOCHEM.NS,,20,2026-09-11
NFPSAMPOOR.NS,,10,2026-09-11
NIKITA.NS,,10,2026-09-11
NRVANDANA.NS,,20,2026-09-11
OCCLLTD.NS,,5,2026-09-11
ONELIFECAP.NS,,5,2026-09-11
ONMOBILE.NS,,5,2026-09-11
ONYX.NS,,5,2026-09-11
OPTIVALUE.NS,,5,2026-09-11
ORBTEXP.NS,,5,2026-09-11
ORIENTLTD.NS,,5,2026-09-11
ORTEL.NS,,5,2026-09-11
PANACHE.NS,,2,2026-09-11
PARAMOUNT.NS,,5,2026-09-11
PARAMPARA.NS,,5,2026-09-11
PATILAUTOM.NS,,20,2026-09-11
PILITA.NS,,5,2026-09-11
PPAP.NS,,5,2026-09-11
PPL.NS,,5,2026-09-11
PRECOT.NS,,20,2026-09-11
PRIMECAB.NS,,5,2026-09-11
PRITIKAUTO.NS,,5,2026-09-11
PRIZOR.NS,,2,2026-09-11
PROLIFE.NS,,5,2026-09-11
PROPSHOP.NS,,20,2026-09-11
PSRAJ.NS,,10,2026-09-11
PURPLEUTED.NS,,5,2026-09-11
QFIL.NS,,5,2026-09-11
QUADPRO.NS,,5,2026-09-11
QVCEL.NS,,5,2026-09-11
REXPRO.NS,,5,2026-09-11
RFBL.NS,,5,2026-09-11
RICHA.NS,,10,2026-09-11
RNPL.NS,,5,2026-09-11
RSWM.NS,,5,2026-09-11
RUBYMILLS.NS,,20,2026-09-11
SAAKSHI.NS,,5,2026-09-11
SAHASRA.NS,,5,2026-09-11
SAJHOTELS.NS,,5,2026-09-11
SAMAY.NS,,5,2026-09-11
SATECH.NS,,10,2026-09-11
SATIPOLY.NS,,5,2026-09-11
SBILIQETF.NS,,5,2026-09-11
SERVICE.NS,,5,2026-09-11
SETF10GILT.NS,,No Band,2026-09-11
SETL.NS,,5,2026-09-11
SHAIVAL.NS,,5,2026-09-11
SHEEL.NS,,5,2026-09-11
SHERA.NS,,20,2026-09-11
SHETHJI.NS,,20,2026-09-11
SHIVALIK.NS,,20,2026-09-11
SHRIAHIMSA.NS,,20,2026-09-11
SHRIKANHA.NS,,5,2026-09-11
SHYAMDHANI.NS,,5,2026-09-11
SICALLOG.NS,,5,2026-09-11
SIGACHI.NS,,20,2026-09-11
SIGMAADV.NS,,5,2026-09-11
SIGNORIA.NS,,5,2026-09-11
SILVERTUC.NS,,10,2026-09-11
SMARTEN.NS,,5,2026-09-11
SMARTLINK.NS,,5,2026-09-11
SMVD.NS,,5,2026-09-11
SPEB.NS,,10,2026-09-11
SPPPOLY.NS,,5,2026-09-11
SRIVASAVI.NS,,5,2026-09-11
SSFL.NS,,5,2026-09-11
SUBEXLTD.NS,,20,2026-09-11
SUNTECH.NS,,5,2026-09-11
SUTLEJTEX.NS,,5,2026-09-11
SWANDEF.NS,,5,2026-09-11
SYNOPTICS.NS,,5,2026-09-11
TAC.NS,,5,2026-09-11
TANKUP.NS,,2,2026-09-11
TEAMTECH.NS,,5,2026-09-11
TECHD.NS,,20,2026-09-11
TECHERA.NS,,5,2026-09-11
TEJASCARGO.NS,,5,2026-09-11
THESL.NS,,5,2026-09-11
TIRUPATIFL.NS,,5,2026-09-11
TROM.NS,,10,2026-09-11
UFBL.NS,,5,2026-09-11
UHTL.NS,,2,2026-09-11
UNIINFO.NS,,5,2026-09-11
UNIVASTU.NS,,5,2026-09-11
UNIVPHOTO.NS,,5,2026-09-11
UTKAL.NS,,5,2026-09-11
UTSSAV.NS,,20,2026-09-11
VELS.NS,,5,2026-09-11
VERA.NS,,5,2026-09-11
VICTORYEV.NS,,10,2026-09-11
VIGOR.NS,,10,2026-09-11
VINEETLAB.NS,,5,2026-09-11
VINSYS.NS,,5,2026-09-11
VIVIDEL.NS,,20,2026-09-11
VMOBILE.NS,,5,2026-09-11
VSCL.NS,,5,2026-09-11
WALPAR.NS,,5,2026-09-11
WELINV.NS,,2,2026-09-11
WOL3D.NS,,5,2026-09-11
XTRANET.NS,,10,2026-09-11
AASTHA.NS,,10,2026-09-11
ACMESOLAR.NS,,20,2026-09-11
AEGISLOG.NS,,10,2026-09-11
AEGISVOPAK.NS,,10,2026-09-11
AGL.NS,,20,2026-09-11
AJAXENGG.NS,,10,2026-09-11
AKUMS.NS,,10,2026-09-11
ARCIIL.NS,,10,2026-09-11
BLUEJET.NS,,20,2026-09-11
BLUSPRING.NS,,10,2026-09-11
C2C.NS,,20,2026-09-11
CKKRETAIL.NS,,20,2026-09-11
CONFIPET.NS,,20,2026-09-11
CORDELIA.NS,,5,2026-09-11
COUNCODOS.NS,,5,2026-09-11
DELTIC.NS,,10,2026-09-11
DHANSA.NS,,5,2026-09-11
DIGITIDE.NS,,20,2026-09-11
DJML.NS,,10,2026-09-11
ELGNZ.NS,,10,2026-09-11
EMCURE.NS,,10,2026-09-11
EMSLIMITED.NS,,20,2026-09-11
ESCONET.NS,,5,2026-09-11
FINBUD.NS,,20,2026-09-11
GANGABATH.NS,,20,2026-09-11
GRWRHITECH.NS,,20,2026-09-11
HAPPYFORGE.NS,,5,2026-09-11
INDOMIM.NS,,10,2026-09-11
JAYBEE.NS,,20,2026-09-11
JSWINFRA.NS,,20,2026-09-11
JUSTDIAL.NS,,10,2026-09-11
JYOTIGLOBL.NS,,5,2026-09-11
KALANA.NS,,5,2026-09-11
KCPSUGIND.NS,,5,2026-09-11
KECL.NS,,10,2026-09-11
KODYTECH.NS,,5,2026-09-11
KORE.NS,,5,2026-09-11
KUSUMGAR.NS,,10,2026-09-11
LAKSHYA.NS,,10,2026-09-11
LASERPOWER.NS,,10,2026-09-11
MSTCLTD.NS,,10,2026-09-11
PANAMAPET.NS,,20,2026-09-11
PARAS.NS,,10,2026-09-11
PNGJL.NS,,10,2026-09-11
POSITRON.NS,,10,2026-09-11
PPSL.NS,,5,2026-09-11
SAKSOFT.NS,,20,2026-09-11
SANATHAN.NS,,10,2026-09-11
SBIFUNDS.NS,,10,2026-09-11
SEL.NS,,5,2026-09-11
SHIVAUM.NS,,20,2026-09-11
SILKY.NS,,20,2026-09-11
SOCL.NS,,5,2026-09-11
STUDIOLSD.NS,,20,2026-09-11
THELEELA.NS,,10,2026-09-11
TSC.NS,,5,2026-09-11
TVSSCS.NS,,20,2026-09-11
UNICHEMLAB.NS,,20,2026-09-11
UNIHEALTH.NS,,20,2026-09-11
UNIMECH.NS,,10,2026-09-11
VLINFRA.NS,,5,2026-09-11
WEL.NS,,5,2026-09-11
3IINFOLTD.NS,,5,2026-09-11
3MINDIA.NS,,20,2026-09-11
63MOONS.NS,,20,2026-09-11
AARADHYA.NS,,5,2026-09-11
AARTIDRUGS.NS,,20,2026-09-11
AARTIIND.NS,,20,2026-09-11
AARVI.NS,,20,2026-09-11
ABBOTINDIA.NS,,20,2026-09-11
ABGSEC.NS,,No Band,2026-09-11
ABHAPOWER.NS,,20,2026-09-11
ABNINT.NS,,20,2026-08-21
ABREL.NS,,20,2026-09-11
ABSL10BANK.NS,,No Band,2026-09-11
ABSLBANETF.NS,,No Band,2026-09-11
ABSLMSCIN.NS,,No Band,2026-09-11
ABSLNN50ET.NS,,No Band,2026-09-11
ABSLPSE.NS,,No Band,2026-09-11
ACCELYA.NS,,20,2026-09-11
ACCENTMIC.NS,,20,2026-09-11
ACE.NS,,20,2026-09-11
ACETEC.NS,,20,2026-09-11
ACTIVEINFR.NS,,20,2026-09-11
ADISOFT.NS,,20,2026-09-11
ADOR.NS,,20,2026-09-11
ADROITINFO.NS,,20,2026-09-11
AEROENTER.NS,,20,2026-09-11
AERON.NS,,20,2026-09-11
AESTHETIK.NS,,20,2026-09-11
AETHER.NS,,20,2026-09-11
AGARWALEYE.NS,,20,2026-09-11
AGARWALTUF.NS,,20,2026-09-11
AGI.NS,,20,2026-09-11
AIIL.NS,,20,2026-09-11
AIMTRON.NS,,20,2026-09-11
AJANTPHARM.NS,,20,2026-09-11
AJOONI.NS,,20,2026-09-11
ALCODIS.NS,,20,2026-09-11
ALLDIGI.NS,,20,2026-09-11
ALPHA.NS,,No Band,2026-09-11
ALPHAETF.NS,,No Band,2026-09-11
ALPINETEX.NS,,20,2026-09-11
ALPL30IETF.NS,,No Band,2026-09-11
AMCL.NS,,20,2026-09-11
AMDIND.NS,,20,2026-09-11
ANANDRATHI.NS,,20,2026-09-11
ANANTRAJ.NS,,20,2026-09-11
ANONDITA.NS,,20,2026-09-11
ANUHPHR.NS,,20,2026-09-11
ANYA.NS,,20,2026-09-11
ANZEN.NS,,20,2026-09-11
AONEGOLD.NS,,No Band,2026-09-11
AONENIFTY.NS,,No Band,2026-09-11
AONESILVER.NS,,No Band,2026-09-11
AONETMMQ50.NS,,No Band,2026-09-11
AONETOTAL.NS,,No Band,2026-09-11
APCOTEXIND.NS,,20,2026-09-11
APLLTD.NS,,20,2026-09-11
APOLLOTYRE.NS,,20,2026-09-11
APRAMEYA.NS,,20,2026-09-11
ARE&M.NS,,20,2026-09-11
ARENTERP.NS,,20,2026-09-11
ARHAM.NS,,20,2026-09-11
ARIHANTCAP.NS,,20,2026-09-11
ARIS.NS,,20,2026-09-11
ARKADE.NS,,20,2026-09-11
ARMANFIN.NS,,20,2026-09-11
ARTEMISMED.NS,,20,2026-09-11
ASHALOG.NS,,20,2026-09-11
ASHIANA.NS,,20,2026-09-11
ASHIKAG.NS,,5,2026-09-11
ASHIMASYN.NS,,20,2026-09-11
ASHWINI.NS,,20,2026-09-11
ASKAUTOLTD.NS,,20,2026-09-11
ASTERDM.NS,,20,2026-09-11
ASTRAMICRO.NS,,20,2026-09-11
ATALREAL.NS,,10,2026-09-11
ATHERENERG.NS,,No Band,2026-09-11
ATLPP.NS,,20,2026-09-11
AURUM.NS,,20,2026-09-11
AURUS.NS,,20,2026-09-11
AUTOAXLES.NS,,20,2026-09-11
AUTOBEES.NS,,No Band,2026-09-11
AUTOIETF.NS,,No Band,2026-09-11
AVADHSUGAR.NS,,10,2026-09-11
AVIANSH.NS,,20,2026-09-11
AVIENCE.NS,,10,2026-09-11
AVL.NS,,20,2026-09-11
AYMSYNTEX.NS,,20,2026-09-11
AZAD.NS,,20,2026-09-11
BAGDIGITAL.NS,,20,2026-09-11
BAHETI.NS,,20,2026-09-11
BAJAJELEC.NS,,20,2026-09-11
BALAJIPHOS.NS,,20,2026-09-11
BALPHARMA.NS,,20,2026-09-11
BALRAMCHIN.NS,,20,2026-09-11
BANARBEADS.NS,,20,2026-09-11
BANK10ADD.NS,,No Band,2026-09-11
BANK10BETF.NS,,No Band,2026-09-11
BANKADD.NS,,No Band,2026-09-11
BANKBEES.NS,,No Band,2026-09-11
BANKBETA.NS,,No Band,2026-09-11
BANKBETF.NS,,No Band,2026-09-11
BANKETF.NS,,No Band,2026-09-11
BANKIETF.NS,,No Band,2026-09-11
BANKNIFTY1.NS,,No Band,2026-09-11
BANKPSU.NS,,No Band,2026-09-11
BARFLEX.NS,,20,2026-09-11
BASF.NS,,20,2026-09-11
BBETF0432.NS,,No Band,2026-09-11
BBNPNBETF.NS,,No Band,2026-09-11
BBNPPGOLD.NS,,No Band,2026-09-11
BBTCL.NS,,20,2026-09-11
BECTORFOOD.NS,,20,2026-09-11
BEPL.NS,,20,2026-09-11
BETA.NS,,20,2026-09-11
BFINVEST.NS,,20,2026-09-11
BFSI.NS,,No Band,2026-09-11
BHARATSE.NS,,20,2026-09-11
BHARTIHEXA.NS,,20,2026-09-11
BIOPOL.NS,,5,2026-09-11
BIRET.NS,,20,2026-09-11
BLSE.NS,,20,2026-09-11
BMLL.NS,,20,2026-09-11
BNKETFAXIS.NS,,No Band,2026-09-11
BORANA.NS,,20,2026-09-11
BRACEPORT.NS,,20,2026-09-11
BRIGADE.NS,,20,2026-09-11
BSE500IETF.NS,,No Band,2026-09-11
BSLGOLDETF.NS,,No Band,2026-09-11
BSLNIFTY.NS,,No Band,2026-09-11
BSLSENETFG.NS,,No Band,2026-09-11
BUTTERFLY.NS,,20,2026-09-11
CANTABIL.NS,,20,2026-09-11
CAPITALSFB.NS,,20,2026-09-11
CAPLIPOINT.NS,,20,2026-09-11
CARERATING.NS,,20,2026-09-11
CARTRADE.NS,,20,2026-09-11
CCAVENUE.NS,,20,2026-09-11
CELLPOINT.NS,,20,2026-09-11
CEMNTGROWW.NS,,No Band,2026-09-11
CENTENKA.NS,,20,2026-09-11
CENTURYPLY.NS,,20,2026-09-11
CERA.NS,,20,2026-09-11
CHAMUNDA.NS,,20,2026-09-11
CHANDAN.NS,,20,2026-09-11
CHAVDA.NS,,20,2026-09-11
CHEMICAL.NS,,No Band,2026-09-11
CHENNPETRO.NS,,20,2026-09-11
CHEVIOT.NS,,20,2026-09-11
CHOICEGOLD.NS,,No Band,2026-09-11
CHOICEIN.NS,,20,2026-09-11
CLAYCRAFT.NS,,20,2026-09-11
CLSL.NS,,5,2026-09-11
CMLL.NS,,20,2026-09-11
CNL.NS,,20,2026-09-11
COMMOIETF.NS,,No Band,2026-09-11
COMSYN.NS,,10,2026-09-11
CONNPLEX.NS,,20,2026-09-11
CONS.NS,,No Band,2026-09-11
CONSUMAXIS.NS,,No Band,2026-09-11
CONSUMBEES.NS,,No Band,2026-09-11
CONSUMER.NS,,No Band,2026-09-11
CONSUMIETF.NS,,No Band,2026-09-11
COROMANDEL.NS,,20,2026-09-11
COSMOFIRST.NS,,20,2026-09-11
CPL.NS,,20,2026-09-11
CPSEETF.NS,,No Band,2026-09-11
CRAFTSMAN.NS,,20,2026-09-11
CREDITACC.NS,,20,2026-09-11
CRISIL.NS,,20,2026-09-11
CSM.NS,,20,2026-09-11
CSSL.NS,,20,2026-09-11
CUBEINVIT.NS,,20,2026-09-11
CUPID.NS,,20,2026-09-11
CURIS.NS,,5,2026-09-11
CURRENT.NS,,20,2026-09-11
CYIENTDLM.NS,,20,2026-09-11
DALMIASUG.NS,,20,2026-09-11
DANISH.NS,,20,2026-09-11
DATAMATICS.NS,,20,2026-09-11
DBCORP.NS,,20,2026-09-11
DCBBANK.NS,,20,2026-09-11
DCCL.NS,,20,2026-09-11
DDEVPLSTIK.NS,,20,2026-09-11
DECCANTRAN.NS,,20,2026-09-11
DEFENCE.NS,,No Band,2026-09-11
DENORA.NS,,20,2026-09-11
DENTA.NS,,20,2026-09-11
DHARIWAL.NS,,5,2026-09-11
DIFFNKG.NS,,20,2026-09-11
DIVGIITTS.NS,,20,2026-09-11
DIVIDEND.NS,,No Band,2026-09-11
DIVOPPBEES.NS,,No Band,2026-09-11
DMCC.NS,,20,2026-09-11
DPABHUSHAN.NS,,20,2026-09-11
DYCL.NS,,20,2026-09-11
EBANKNIFTY.NS,,No Band,2026-09-11
EBBETF0430.NS,,No Band,2026-09-11
EBBETF0431.NS,,No Band,2026-09-11
EBBETF0433.NS,,No Band,2026-09-11
ECAPINSURE.NS,,No Band,2026-09-11
ECLERX.NS,,20,2026-09-11
EEPL.NS,,5,2026-09-11
EGOLD.NS,,No Band,2026-09-11
EIDPARRY.NS,,20,2026-09-11
EIEL.NS,,20,2026-09-11
EIHOTEL.NS,,20,2026-09-11
EIMCOELECO.NS,,20,2026-09-11
ELGIRUBCO.NS,,20,2026-09-11
ELM250.NS,,No Band,2026-09-11
EMAPARTNER.NS,,20,2026-09-11
EMETAL.NS,,No Band,2026-09-11
EMIL.NS,,20,2026-09-11
EMULTIMQ.NS,,No Band,2026-09-11
ENCOMPAS.NS,,20,2026-09-11
ENERGY.NS,,No Band,2026-09-11
ENEXT50.NS,,No Band,2026-09-11
ENIFTY.NS,,No Band,2026-09-11
ENTERO.NS,,20,2026-09-11
ENVIRO.NS,,20,2026-09-11
EQUAL200.NS,,No Band,2026-09-11
EQUAL50.NS,,No Band,2026-09-11
EQUAL50ADD.NS,,No Band,2026-09-11
ESAFSFB.NS,,5,2026-09-11
ESCORTS.NS,,20,2026-09-11
ESENSEX.NS,,No Band,2026-09-11
ESG.NS,,No Band,2026-09-11
ESILVER.NS,,No Band,2026-09-11
ESPRIT.NS,,20,2026-09-11
ETHOSLTD.NS,,20,2026-09-11
ETL.NS,,20,2026-09-11
ETML.NS,,20,2026-09-11
EVIETF.NS,,No Band,2026-09-11
EVINDIA.NS,,No Band,2026-09-11
EXIDEIND.NS,,20,2026-09-11
EXIMROUTES.NS,,20,2026-09-11
FIEMIND.NS,,20,2026-09-11
FILATEX.NS,,20,2026-09-11
FINIETF.NS,,No Band,2026-09-11
FINOPB.NS,,20,2026-09-11
FIVESTAR.NS,,20,2026-09-11
FLEXIADD.NS,,No Band,2026-09-11
FLUOROCHEM.NS,,20,2026-09-11
FLYSBS.NS,,20,2026-09-11
FMCGADD.NS,,No Band,2026-09-11
FMCGIETF.NS,,No Band,2026-09-11
FMGOETZE.NS,,20,2026-09-11
FSL.NS,,20,2026-09-11
FUSION.NS,,20,2026-09-11
FWSTC.NS,,20,2026-09-11
GABRIEL.NS,,20,2026-09-11
GAJANAND.NS,,20,2026-09-11
GALAXYSURF.NS,,20,2026-09-11
GANDHAR.NS,,20,2026-09-11
GANDHITUBE.NS,,20,2026-09-11
GANECOS.NS,,20,2026-09-11
GARFIBRES.NS,,20,2026-09-11
GENXAI.NS,,20,2026-09-11
GHCLTEXTIL.NS,,20,2026-09-11
GLAND.NS,,20,2026-09-11
GLAXO.NS,,20,2026-09-11
GMMPFAUDLR.NS,,20,2026-09-11
GNA.NS,,20,2026-09-11
GODREJIND.NS,,20,2026-09-11
GOKEX.NS,,20,2026-09-11
GOLD1.NS,,No Band,2026-09-11
GOLD360.NS,,No Band,2026-09-11
GOLDADD.NS,,No Band,2026-09-11
GOLDAXIS.NS,,No Band,2026-09-11
GOLDBEES.NS,,No Band,2026-09-11
GOLDBETA.NS,,No Band,2026-09-11
GOLDBND.NS,,No Band,2026-09-11
GOLDCASE.NS,,No Band,2026-09-11
GOLDETF.NS,,No Band,2026-09-11
GOLDIAM.NS,,20,2026-09-11
GOLDIETF.NS,,No Band,2026-09-11
GOODLUCK.NS,,20,2026-09-11
GPTHEALTH.NS,,20,2026-09-11
GRANULES.NS,,20,2026-09-11
GREAVESCOT.NS,,20,2026-09-11
GROWWCAPM.NS,,No Band,2026-09-11
GROWWCHEM.NS,,No Band,2026-09-11
GROWWDEFNC.NS,,No Band,2026-09-11
GROWWEV.NS,,No Band,2026-09-11
GROWWGOLD.NS,,No Band,2026-09-11
GROWWHOSPI.NS,,No Band,2026-09-11
GROWWLOVOL.NS,,No Band,2026-09-11
GROWWMC150.NS,,No Band,2026-09-11
GROWWMETAL.NS,,No Band,2026-09-11
GROWWMOM50.NS,,No Band,2026-09-11
GROWWN200.NS,,No Band,2026-09-11
GROWWNET.NS,,No Band,2026-09-11
GROWWNIFTY.NS,,No Band,2026-09-11
GROWWNXT50.NS,,No Band,2026-09-11
GROWWPOWER.NS,,No Band,2026-09-11
GROWWPSE.NS,,No Band,2026-09-11
GROWWPSUBK.NS,,No Band,2026-09-11
GROWWRAIL.NS,,No Band,2026-09-11
GROWWRLTY.NS,,No Band,2026-09-11
GROWWSC250.NS,,No Band,2026-09-11
GROWWSLVR.NS,,No Band,2026-09-11
GRPLTD.NS,,20,2026-09-11
GSEC10ABSL.NS,,No Band,2026-09-11
GUFICBIO.NS,,20,2026-09-11
GUJENERGY.NS,,20,2026-09-11
GYFTR.NS,,20,2026-09-11
HALEOSLABS.NS,,20,2026-09-11
HAPPSTMNDS.NS,,20,2026-09-11
HAPPY.NS,,10,2026-09-11
HARRMALAYA.NS,,20,2026-09-11
HCG.NS,,20,2026-09-11
HDFCBSE500.NS,,No Band,2026-09-11
HDFCGOLD.NS,,No Band,2026-09-11
HDFCGROWTH.NS,,No Band,2026-09-11
HDFCLOWVOL.NS,,No Band,2026-09-11
HDFCMID150.NS,,No Band,2026-09-11
HDFCMOMENT.NS,,No Band,2026-09-11
HDFCNEXT50.NS,,No Band,2026-09-11
HDFCNIF100.NS,,No Band,2026-09-11
HDFCNIFBAN.NS,,No Band,2026-09-11
HDFCNIFIT.NS,,No Band,2026-09-11
HDFCNIFTY.NS,,No Band,2026-09-11
HDFCNIMEG.NS,,No Band,2026-09-11
HDFCPSUBK.NS,,No Band,2026-09-11
HDFCPVTBAN.NS,,No Band,2026-09-11
HDFCQUAL.NS,,No Band,2026-09-11
HDFCSENSEX.NS,,No Band,2026-09-11
HDFCSILVER.NS,,No Band,2026-09-11
HDFCSML250.NS,,No Band,2026-09-11
HDFCVALUE.NS,,No Band,2026-09-11
HEALTHADD.NS,,No Band,2026-09-11
HEALTHAXIS.NS,,No Band,2026-09-11
HEALTHCARE.NS,,No Band,2026-09-11
HEALTHIETF.NS,,No Band,2026-09-11
HEALTHY.NS,,No Band,2026-09-11
HEG.NS,,5,2026-09-11
HESTERBIO.NS,,20,2026-09-11
HEXT.NS,,20,2026-09-11
HGS.NS,,20,2026-09-11
HIKAL.NS,,20,2026-09-11
HIRECT.NS,,20,2026-09-11
HLEGLAS.NS,,10,2026-09-11
HMVL.NS,,5,2026-09-11
HNDFDS.NS,,20,2026-09-11
HNGSNGBEES.NS,,No Band,2026-09-11
HOMEFIRST.NS,,20,2026-09-11
HONASA.NS,,20,2026-09-11
HONAUT.NS,,20,2026-09-11
HSBCGOLD.NS,,No Band,2026-09-11
HSCL.NS,,20,2026-09-11
HTMEDIA.NS,,20,2026-09-11
HUHTAMAKI.NS,,20,2026-09-11
HYBRIDETF.NS,,No Band,2026-09-11
ICELCO.NS,,20,2026-09-11
ICEMAKE.NS,,20,2026-09-11
ICICIB22.NS,,No Band,2026-09-11
ICIL.NS,,20,2026-09-11
IDBI.NS,,20,2026-09-11
IDEALTECHO.NS,,20,2026-09-11
IDENTICAL.NS,,20,2026-09-11
IDFNIFTYET.NS,,No Band,2026-09-11
IFBIND.NS,,20,2026-09-11
IGARASHI.NS,,20,2026-09-11
IGCL.NS,,20,2026-09-11
IIFL.NS,,20,2026-09-11
IKIO.NS,,20,2026-09-11
IKS.NS,,20,2026-09-11
INDIACEM.NS,,20,2026-09-11
INDIAGLYCO.NS,,5,2026-09-11
INDIANCARD.NS,,20,2026-09-11
INDIANHUME.NS,,20,2026-09-11
INDIGOPNTS.NS,,20,2026-09-11
INDIGRID.NS,,20,2026-09-11
INDNIPPON.NS,,20,2026-09-11
INDOBORAX.NS,,20,2026-09-11
INDOFARM.NS,,20,2026-09-11
INDORAMA.NS,,20,2026-09-11
INDSWFTLAB.NS,,20,2026-09-11
INDUSINVIT.NS,,20,2026-09-11
INFLUX.NS,,20,2026-09-11
INFRA.NS,,No Band,2026-09-11
INFRABEES.NS,,No Band,2026-09-11
INFRAIETF.NS,,No Band,2026-09-11
INNOVACAP.NS,,20,2026-09-11
INOXINDIA.NS,,20,2026-09-11
INTERISE.NS,,20,2026-09-11
INTERNET.NS,,No Band,2026-09-11
INVICTA.NS,,20,2026-09-11
IOLCP.NS,,20,2026-09-11
IONEXCHANG.NS,,20,2026-09-11
IPCALAB.NS,,20,2026-09-11
IPHL.NS,,20,2026-09-11
IRBINVIT.NS,,20,2026-09-11
IRBIT.NS,,20,2026-09-11
IRISDOREME.NS,,20,2026-09-11
IT.NS,,No Band,2026-09-11
ITADD.NS,,No Band,2026-09-11
ITAXIS.NS,,No Band,2026-09-11
ITBEES.NS,,No Band,2026-09-11
ITBETA.NS,,No Band,2026-09-11
ITDC.NS,,20,2026-09-11
ITETF.NS,,No Band,2026-09-11
ITIETF.NS,,No Band,2026-09-11
IVC.NS,,20,2026-09-11
IVZINGOLD.NS,,No Band,2026-09-11
IVZINNIFTY.NS,,No Band,2026-09-11
IXIGO.NS,,20,2026-09-11
JAGSNPHARM.NS,,20,2026-09-11
JAMNAAUTO.NS,,20,2026-09-11
JASH.NS,,20,2026-09-11
JAYAGROGN.NS,,20,2026-09-11
JAYESH.NS,,20,2026-09-11
JGCHEM.NS,,20,2026-09-11
JINDWORLD.NS,,10,2026-09-11
JKCEMENT.NS,,20,2026-09-11
JKPAPER.NS,,20,2026-09-11
JLHL.NS,,20,2026-09-11
JSFB.NS,,20,2026-09-11
JSL.NS,,20,2026-09-11
JUBLINGREA.NS,,20,2026-09-11
JUNIORBEES.NS,,No Band,2026-09-11
JYOTICNC.NS,,20,2026-09-11
KABRAEXTRU.NS,,10,2026-09-11
KAJARIACER.NS,,20,2026-09-11
KANPRPLA.NS,,20,2026-09-11
KAPSTON.NS,,20,2026-09-11
KARURVYSYA.NS,,20,2026-09-11
KATARIA.NS,,20,2026-09-11
KAYA.NS,,5,2026-09-11
KAYTEX.NS,,20,2026-09-11
KDDL.NS,,20,2026-09-11
KEN.NS,,20,2026-09-11
KERNEX.NS,,20,2026-09-11
KICL.NS,,20,2026-09-11
KIRIINDUS.NS,,20,2026-09-11
KIRLOSBROS.NS,,20,2026-09-11
KIRLOSIND.NS,,20,2026-09-11
KKCL.NS,,20,2026-09-11
KKJEWELS.NS,,20,2026-09-11
KMEW.NS,,20,2026-09-11
KNACK.NS,,20,2026-09-11
KNAGRI.NS,,20,2026-09-11
KOLTEPATIL.NS,,20,2026-09-11
KOTHARIPET.NS,,20,2026-09-11
KRISHANA.NS,,20,2026-09-11
KRONOX.NS,,5,2026-09-11
KROSS.NS,,20,2026-09-11
KRYSTAL.NS,,20,2026-09-11
KSL.NS,,20,2026-09-11
KTKBANK.NS,,20,2026-09-11
KUANTUM.NS,,20,2026-09-11
LAGNAM.NS,,20,2026-09-11
LALPATHLAB.NS,,20,2026-09-11
LAMBODHARA.NS,,20,2026-09-11
LANDMARK.NS,,20,2026-09-11
LAOPALA.NS,,20,2026-09-11
LCL.NS,,20,2026-09-11
LIBERTSHOE.NS,,20,2026-09-11
LICMFGOLD.NS,,No Band,2026-09-11
LICNETFN50.NS,,No Band,2026-09-11
LICNETFSEN.NS,,No Band,2026-09-11
LICNFNHGP.NS,,No Band,2026-09-11
LICNMID100.NS,,No Band,2026-09-11
LLOYDSENGG.NS,,20,2026-09-11
LLOYDSENT.NS,,20,2026-09-11
LLOYDSME.NS,,20,2026-09-11
LORDSCHLO.NS,,20,2026-09-11
LOWVOL.NS,,No Band,2026-09-11
LOWVOL1.NS,,No Band,2026-09-11
LOWVOLIETF.NS,,No Band,2026-09-11
LXCHEM.NS,,20,2026-09-11
M&MFIN.NS,,20,2026-09-11
MACOBSTECH.NS,,20,2026-09-11
MACPOWER.NS,,20,2026-09-11
MAFANG.NS,,No Band,2026-09-11
MAGADSUGAR.NS,,20,2026-09-11
MAGSON.NS,,20,2026-09-11
MAHICKRA.NS,,20,2026-09-11
MAHKTECH.NS,,No Band,2026-09-11
MAHLIFE.NS,,20,2026-09-11
MAHLOG.NS,,20,2026-09-11
MAKEINDIA.NS,,No Band,2026-09-11
MANAKCOAT.NS,,20,2026-09-11
MANALIPETC.NS,,20,2026-09-11
MANBA.NS,,20,2026-09-11
MANGLMCEM.NS,,20,2026-09-11
MANILAM.NS,,20,2026-09-11
MANOMAY.NS,,20,2026-09-11
MANORAMA.NS,,20,2026-09-11
MANUFGBEES.NS,,No Band,2026-09-11
MAPMYINDIA.NS,,20,2026-09-11
MARUSHIKA.NS,,20,2026-09-11
MASFIN.NS,,20,2026-09-11
MASPTOP50.NS,,No Band,2026-09-11
MASTEK.NS,,20,2026-09-11
MATRIMONY.NS,,20,2026-09-11
MAYASHEEL.NS,,20,2026-09-11
MBAPL.NS,,20,2026-09-11
MEDANTA.NS,,20,2026-09-11
MEDISTEP.NS,,20,2026-09-11
METAL.NS,,No Band,2026-09-11
METALIETF.NS,,No Band,2026-09-11
METROPOLIS.NS,,20,2026-09-11
MGSL.NS,,20,2026-09-11
MID150.NS,,No Band,2026-09-11
MID150BEES.NS,,No Band,2026-09-11
MID150CASE.NS,,No Band,2026-09-11
MIDCAP.NS,,No Band,2026-09-11
MIDCAPADD.NS,,No Band,2026-09-11
MIDCAPBETA.NS,,No Band,2026-09-11
MIDCAPETF.NS,,No Band,2026-09-11
MIDCAPIETF.NS,,No Band,2026-09-11
MIDQ50ADD.NS,,No Band,2026-09-11
MIDSELIETF.NS,,No Band,2026-09-11
MIDSMALL.NS,,No Band,2026-09-11
MINDACORP.NS,,20,2026-09-11
MINDSPACE.NS,,20,2026-09-11
MMFL.NS,,20,2026-09-11
MMP.NS,,20,2026-09-11
MNC.NS,,No Band,2026-09-11
MOALPHA50.NS,,No Band,2026-09-11
MOBANK10.NS,,No Band,2026-09-11
MOCAPITAL.NS,,No Band,2026-09-11
MODEFENCE.NS,,No Band,2026-09-11
MOENERGY.NS,,No Band,2026-09-11
MOGOLD.NS,,No Band,2026-09-11
MOHEALTH.NS,,No Band,2026-09-11
MOINFRA.NS,,No Band,2026-09-11
MOIPO.NS,,No Band,2026-09-11
MOL.NS,,20,2026-09-11
MOLDTECH.NS,,5,2026-09-11
MOLOWVOL.NS,,No Band,2026-09-11
MOM100.NS,,No Band,2026-09-11
MOM30IETF.NS,,No Band,2026-09-11
MOM50.NS,,No Band,2026-09-11
MOMENTUM.NS,,No Band,2026-09-11
MOMENTUM30.NS,,No Band,2026-09-11
MOMENTUM50.NS,,No Band,2026-09-11
MOMGF.NS,,No Band,2026-09-11
MOMIDMTM.NS,,No Band,2026-09-11
MOMMIDCAP.NS,,No Band,2026-09-11
MOMNC.NS,,No Band,2026-09-11
MOMOMENTUM.NS,,No Band,2026-09-11
MON100.NS,,No Band,2026-09-11
MON50EQUAL.NS,,No Band,2026-09-11
MONARCH.NS,,20,2026-09-11
MONEXT50.NS,,No Band,2026-09-11
MONIFTY100.NS,,No Band,2026-09-11
MONIFTY500.NS,,No Band,2026-09-11
MONOLITH.NS,,20,2026-09-11
MONQ50.NS,,No Band,2026-09-11
MOPSE.NS,,No Band,2026-09-11
MOQUALITY.NS,,No Band,2026-09-11
MOREALTY.NS,,No Band,2026-09-11
MOREPENLAB.NS,,10,2026-09-11
MOSERVICE.NS,,No Band,2026-09-11
MOSILVER.NS,,No Band,2026-09-11
MOSMALL250.NS,,No Band,2026-09-11
MOTISONS.NS,,20,2026-09-11
MOTOUR.NS,,No Band,2026-09-11
MOVALUE.NS,,No Band,2026-09-11
MPSLTD.NS,,20,2026-09-11
MRF.NS,,20,2026-09-11
MRPL.NS,,20,2026-09-11
MSCI360.NS,,No Band,2026-09-11
MSCIADD.NS,,No Band,2026-09-11
MSCIINDIA.NS,,No Band,2026-09-11
MSUMI.NS,,20,2026-09-11
MUKANDLTD.NS,,20,2026-09-11
MULTICAP.NS,,No Band,2026-09-11
MUNJALAU.NS,,20,2026-09-11
MUNJALSHOW.NS,,20,2026-09-11
MUTHOOTCAP.NS,,20,2026-09-11
MUTHOOTMF.NS,,20,2026-09-11
MVGJL.NS,,10,2026-09-11
MYMUDRA.NS,,20,2026-09-11
NAHARPOLY.NS,,20,2026-09-11
NAHARSPING.NS,,20,2026-09-11
NAZARA.NS,,20,2026-09-11
NBIFIN.NS,,20,2026-09-11
NDRINVIT.NS,,20,2026-09-11
NELCO.NS,,20,2026-09-11
NEOGEN.NS,,20,2026-09-11
NEPTUNE.NS,,20,2026-09-11
NETF.NS,,No Band,2026-09-11
NEULANDLAB.NS,,20,2026-09-11
NEWGEN.NS,,20,2026-09-11
NEXT30ADD.NS,,No Band,2026-09-11
NEXT50.NS,,No Band,2026-09-11
NEXT50ADD.NS,,No Band,2026-09-11
NEXT50BETA.NS,,No Band,2026-09-11
NEXT50ETF.NS,,No Band,2026-09-11
NEXT50IETF.NS,,No Band,2026-09-11
NGLFINE.NS,,20,2026-09-11
NIBL.NS,,20,2026-09-11
NIF100BEES.NS,,No Band,2026-09-11
NIF100IETF.NS,,No Band,2026-09-11
NIFTY1.NS,,No Band,2026-09-11
NIFTY100EW.NS,,No Band,2026-09-11
NIFTYADD.NS,,No Band,2026-09-11
NIFTYAXIS.NS,,No Band,2026-09-11
NIFTYBEES.NS,,No Band,2026-09-11
NIFTYBETA.NS,,No Band,2026-09-11
NIFTYBETF.NS,,No Band,2026-09-11
NIFTYCASE.NS,,No Band,2026-09-11
NIFTYETF.NS,,No Band,2026-09-11
NIFTYIETF.NS,,No Band,2026-09-11
NIFTYQLITY.NS,,No Band,2026-09-11
NIITLTD.NS,,20,2026-09-11
NIITMTS.NS,,20,2026-09-11
NILKAMAL.NS,,20,2026-09-11
NITIRAJ.NS,,20,2026-09-11
NMSTEEL.NS,,20,2026-09-11
NPBET.NS,,No Band,2026-09-11
NRAIL.NS,,20,2026-09-11
NURECA.NS,,5,2026-09-11
NUVAMA.NS,,20,2026-09-11
NUVOCO.NS,,20,2026-09-11
NV20.NS,,No Band,2026-09-11
NV20BEES.NS,,No Band,2026-09-11
NV20IETF.NS,,No Band,2026-09-11
NXST.NS,,20,2026-09-11
NXT-INFRA.NS,,20,2026-09-11
OAL.NS,,10,2026-09-11
OBSCP.NS,,20,2026-09-11
OILIETF.NS,,No Band,2026-09-11
OMAXE.NS,,10,2026-09-11
ONDOOR.NS,,20,2026-09-11
ONWARDTEC.NS,,20,2026-09-11
OPTIEMUS.NS,,20,2026-09-11
ORCHPHARMA.NS,,20,2026-09-11
ORIENTHOT.NS,,20,2026-09-11
OSEINTRUST.NS,,20,2026-09-11
OSELDEVICE.NS,,20,2026-09-11
PAISALO.NS,,20,2026-09-11
PANSARI.NS,,20,2026-09-11
PAR.NS,,5,2026-09-11
PARADEEP.NS,,20,2026-09-11
PARAMATRIX.NS,,20,2026-09-11
PARIN.NS,,20,2026-09-11
PARTH.NS,,20,2026-09-11
PCBL.NS,,20,2026-09-11
PDMJEPAPER.NS,,20,2026-09-11
PDSL.NS,,20,2026-09-11
PELATRO.NS,,20,2026-09-11
PENIND.NS,,20,2026-09-11
PFIZER.NS,,20,2026-09-11
PFOCUS.NS,,20,2026-09-11
PGHL.NS,,20,2026-09-11
PGIL.NS,,20,2026-09-11
PGINVIT.NS,,20,2026-09-11
PHARMABEES.NS,,No Band,2026-09-11
PHOGLOBAL.NS,,20,2026-09-11
PICCADIL.NS,,20,2026-09-11
PLASTIBLEN.NS,,20,2026-09-11
PNCINFRA.NS,,20,2026-09-11
PODDARMENT.NS,,20,2026-09-11
POLYMED.NS,,20,2026-09-11
POLYPLEX.NS,,20,2026-09-11
POONAWALLA.NS,,20,2026-09-11
PPLPHARMA.NS,,20,2026-09-11
PRANIK.NS,,20,2026-09-11
PREMIERPOL.NS,,20,2026-09-11
PREMIUM.NS,,20,2026-09-11
PRICOLLTD.NS,,20,2026-09-11
PRIVISCL.NS,,20,2026-09-11
PROFX.NS,,20,2026-09-11
PROV.NS,,20,2026-09-11
PSFL.NS,,20,2026-09-11
PSUBANK.NS,,No Band,2026-09-11
PSUBANKADD.NS,,No Band,2026-09-11
PSUBNKBEES.NS,,No Band,2026-09-11
PSUBNKIETF.NS,,No Band,2026-09-11
PUNJABCHEM.NS,,20,2026-09-11
PUSHPA.NS,,20,2026-09-11
PVRINOX.NS,,20,2026-09-11
PVSL.NS,,20,2026-09-11
PVTBANIETF.NS,,No Band,2026-09-11
PVTBANK.NS,,No Band,2026-09-11
PVTBANKADD.NS,,No Band,2026-09-11
PVTBKGROWW.NS,,No Band,2026-09-11
QGOLDHALF.NS,,No Band,2026-09-11
QLINE.NS,,20,2026-09-11
QMSMEDI.NS,,5,2026-09-11
QNIFTY.NS,,No Band,2026-09-11
QUAL30IETF.NS,,No Band,2026-09-11
QUALITY30.NS,,No Band,2026-09-11
QUESS.NS,,20,2026-09-11
RADHIKAJWE.NS,,20,2026-09-11
RAIN.NS,,20,2026-09-11
RAINBOW.NS,,20,2026-09-11
RAJINDLTD.NS,,20,2026-09-11
RAJRATAN.NS,,20,2026-09-11
RAMAPHO.NS,,20,2026-09-11
RAMBHAJO.NS,,10,2026-09-11
RAMCOCEM.NS,,20,2026-09-11
RAMCOIND.NS,,20,2026-09-11
RANEHOLDIN.NS,,20,2026-09-11
RAPIDFLEET.NS,,20,2026-09-11
RAPPID.NS,,20,2026-09-11
RATEGAIN.NS,,20,2026-09-11
RAYMONDREL.NS,,20,2026-09-11
RBZJEWEL.NS,,5,2026-09-11
READYMIX.NS,,20,2026-09-11
REDINGTON.NS,,20,2026-09-11
RELAXO.NS,,20,2026-09-11
RELTD.NS,,20,2026-09-11
RGL.NS,,20,2026-09-11
RICOAUTO.NS,,20,2026-09-11
RILINFRA.NS,,20,2026-09-11
RIR.NS,,20,2026-09-11
RISHABH.NS,,20,2026-09-11
RITCO.NS,,20,2026-09-11
RITES.NS,,20,2026-09-11
RKFORGE.NS,,20,2026-09-11
RML.NS,,20,2026-09-11
RNFI.NS,,20,2026-09-11
ROCKPP.NS,,10,2026-09-11
ROSSELLIND.NS,,20,2026-09-11
ROTO.NS,,20,2026-09-11
ROUTE.NS,,20,2026-09-11
ROXHITECH.NS,,20,2026-09-11
ROYALARC.NS,,20,2026-09-11
RPEL.NS,,20,2026-09-11
RPGLIFE.NS,,20,2026-09-11
RPTECH.NS,,20,2026-09-11
RRKABEL.NS,,20,2026-09-11
RTL.NS,,20,2026-09-11
RULKA.NS,,20,2026-09-11
RUSHIL.NS,,20,2026-09-11
RVHL.NS,,20,2026-09-11
SACHEEROME.NS,,20,2026-09-11
SAFEENTP.NS,,20,2026-09-11
SAILIFE.NS,,20,2026-09-11
SAMBHV.NS,,20,2026-09-11
SANGAMIND.NS,,20,2026-09-11
SANOFI.NS,,20,2026-09-11
SANSERA.NS,,20,2026-09-11
SAREGAMA.NS,,20,2026-09-11
SATIA.NS,,20,2026-09-11
SATKARTAR.NS,,20,2026-09-11
SATTVAENGG.NS,,20,2026-09-11
SAVY.NS,,20,2026-09-11
SAWALIYA.NS,,10,2026-09-11
SBC.NS,,20,2026-09-11
SBIBPB.NS,,No Band,2026-09-11
SBIETFCON.NS,,No Band,2026-09-11
SBIETFIT.NS,,No Band,2026-09-11
SBIETFPB.NS,,No Band,2026-09-11
SBIETFQLTY.NS,,No Band,2026-09-11
SBIMIDMOM.NS,,No Band,2026-09-11
SBINEQWETF.NS,,No Band,2026-09-11
SBINMID150.NS,,No Band,2026-09-11
SBISILVER.NS,,No Band,2026-09-11
SBISMLETF.NS,,No Band,2026-09-11
SBIVALETF.NS,,No Band,2026-09-11
SCODATUBES.NS,,20,2026-09-11
SCPL.NS,,5,2026-09-11
SDREAMS.NS,,20,2026-09-11
SEITINVIT.NS,,20,2026-09-11
SELECTIPO.NS,,No Band,2026-09-11
SELLOWRAP.NS,,20,2026-09-11
SENCO.NS,,20,2026-09-11
SENORES.NS,,20,2026-09-11
SENSEXADD.NS,,No Band,2026-09-11
SENSEXAXIS.NS,,No Band,2026-09-11
SENSEXBETA.NS,,No Band,2026-09-11
SENSEXETF.NS,,No Band,2026-09-11
SENSEXIETF.NS,,No Band,2026-09-11
SETFGOLD.NS,,No Band,2026-09-11
SETFNIF50.NS,,No Band,2026-09-11
SETFNIFBK.NS,,No Band,2026-09-11
SETFNN50.NS,,No Band,2026-09-11
SFL.NS,,20,2026-09-11
SFML.NS,,20,2026-09-11
SGIL.NS,,20,2026-09-11
SHAILY.NS,,20,2026-09-11
SHALPAINTS.NS,,5,2026-09-11
SHANKARA.NS,,20,2026-09-11
SHAREINDIA.NS,,20,2026-09-11
SHARIABEES.NS,,No Band,2026-09-11
SHILPAMED.NS,,20,2026-09-11
SHIVASHRIT.NS,,20,2026-09-11
SHK.NS,,20,2026-09-11
SHKSIL.NS,,20,2026-09-11
SHOPERSTOP.NS,,20,2026-09-11
SHREEDHAR.NS,,5,2026-09-11
SHRIPISTON.NS,,20,2026-09-11
SHUBHSHREE.NS,,20,2026-09-11
SHYAMMETL.NS,,20,2026-09-11
SIDDHICOTS.NS,,20,2026-09-11
SIKKO.NS,,5,2026-09-11
SIL.NS,,20,2026-09-11
SILVER.NS,,No Band,2026-09-11
SILVER1.NS,,No Band,2026-09-11
SILVER360.NS,,No Band,2026-09-11
SILVERADD.NS,,No Band,2026-09-11
SILVERAG.NS,,No Band,2026-09-11
SILVERAXIS.NS,,No Band,2026-09-11
SILVERBEES.NS,,No Band,2026-09-11
SILVERBETA.NS,,No Band,2026-09-11
SILVERBND.NS,,No Band,2026-09-11
SILVERCASE.NS,,No Band,2026-09-11
SILVERIETF.NS,,No Band,2026-09-11
SIMCA.NS,,5,2026-09-11
SINTERCOM.NS,,20,2026-09-11
SJS.NS,,20,2026-09-11
SKYGOLD.NS,,20,2026-09-11
SMALL250.NS,,No Band,2026-09-11
SMALLADD.NS,,No Band,2026-09-11
SMALLCAP.NS,,No Band,2026-09-11
SMALLGROWW.NS,,No Band,2026-09-11
SMALLIETF.NS,,No Band,2026-09-11
SMARTWORKS.NS,,20,2026-09-11
SMCGLOBAL.NS,,20,2026-09-11
SML100CASE.NS,,No Band,2026-09-11
SNEHAA.NS,,20,2026-09-11
SNXT30BEES.NS,,No Band,2026-09-11
SNXT50BETA.NS,,No Band,2026-09-11
SONATSOFTW.NS,,20,2026-09-11
SOTL.NS,,20,2026-09-11
SOUTHBANK.NS,,20,2026-09-11
SPAL.NS,,20,2026-09-11
SPCON.NS,,20,2026-09-11
SPECIALITY.NS,,5,2026-09-11
SPECTRUM.NS,,5,2026-09-11
SPORTKING.NS,,20,2026-09-11
SPUNWEB.NS,,20,2026-09-11
SREEL.NS,,5,2026-09-11
SSEGL.NS,,20,2026-09-11
SSFLPP.NS,,20,2026-08-13
SSWL.NS,,20,2026-09-11
STALLION.NS,,5,2026-09-11
STANLEY.NS,,20,2026-09-11
STARHEALTH.NS,,20,2026-09-11
STARPAPER.NS,,20,2026-09-11
STEELCAS.NS,,20,2026-09-11
STEL.NS,,20,2026-09-11
STOVEKRAFT.NS,,20,2026-09-11
STRIDERS.NS,,20,2026-09-11
STYLAMIND.NS,,20,2026-09-11
STYRENIX.NS,,20,2026-09-11
SUBAHOTELS.NS,,20,2026-09-11
SUBROS.NS,,20,2026-09-11
SUDARSCHEM.NS,,20,2026-09-11
SUMICHEM.NS,,20,2026-09-11
SUMIT.NS,,20,2026-09-11
SUNDRMFAST.NS,,20,2026-09-11
SUNLITE.NS,,20,2026-09-11
SUNREST.NS,,20,2026-09-11
SUPRAJIT.NS,,20,2026-09-11
SUVEN.NS,,20,2026-09-11
SUYOG.NS,,20,2026-09-11
SWARAJ.NS,,5,2026-09-11
TAJGVK.NS,,20,2026-09-11
TALBROAUTO.NS,,20,2026-09-11
TANLA.NS,,20,2026-09-11
TARSONS.NS,,20,2026-09-11
TASTYBITE.NS,,20,2026-09-11
TATAGOLD.NS,,No Band,2026-09-11
TATSILV.NS,,No Band,2026-09-11
TATVA.NS,,20,2026-09-11
TAURIAN.NS,,5,2026-09-11
TBOTEK.NS,,20,2026-09-11
TBZ.NS,,5,2026-09-11
TCIEXP.NS,,20,2026-09-11
TCL.NS,,20,2026-09-11
TCPLPACK.NS,,20,2026-09-11
TECH.NS,,No Band,2026-09-11
TEJA.NS,,10,2026-09-11
TEXINFRA.NS,,20,2026-09-11
TFCILTD.NS,,20,2026-09-11
THEJO.NS,,20,2026-09-11
THYROCARE.NS,,20,2026-09-11
TIL.NS,,5,2026-09-11
TIMETECHNO.NS,,20,2026-09-11
TINNARUBR.NS,,20,2026-09-11
TMB.NS,,20,2026-09-11
TNIDETF.NS,,No Band,2026-09-11
TOP100CASE.NS,,No Band,2026-09-11
TOP10ADD.NS,,No Band,2026-09-11
TOP15IETF.NS,,No Band,2026-09-11
TOP20.NS,,No Band,2026-09-11
TPLPLASTEH.NS,,20,2026-09-11
TSFINV.NS,,20,2026-09-11
TTKHLTCARE.NS,,20,2026-09-11
TTKPRESTIG.NS,,20,2026-09-11
TVSHLTD.NS,,20,2026-09-11
TVSINVIT.NS,,20,2026-09-11
TWCGOLDETF.NS,,No Band,2026-09-11
UBL.NS,,20,2026-09-11
UCAL.NS,,5,2026-09-11
UDS.NS,,20,2026-09-11
UFLEX.NS,,20,2026-09-11
UJJIVANSFB.NS,,20,2026-09-11
UNILEX.NS,,20,2026-09-11
UNIONGOLD.NS,,No Band,2026-09-11
UNIPARTS.NS,,20,2026-09-11
UNIVCABLES.NS,,20,2026-09-11
USHAFIN.NS,,20,2026-09-11
USHAMART.NS,,20,2026-09-11
UTKARSHBNK.NS,,20,2026-09-11
UYFINCORP.NS,,5,2026-09-11
VADILALIND.NS,,20,2026-09-11
VAIBHAVGBL.NS,,20,2026-09-11
VAL30IETF.NS,,No Band,2026-09-11
VALUE.NS,,No Band,2026-09-11
VALUE360.NS,,20,2026-09-11
VALUEAXIS.NS,,No Band,2026-09-11
VARROC.NS,,20,2026-09-11
VDEAL.NS,,20,2026-09-11
VENKEYS.NS,,20,2026-09-11
VERTIS.NS,,20,2026-09-11
VGINFOTECH.NS,,20,2026-09-11
VIDHIING.NS,,20,2026-09-11
VIESL.NS,,20,2026-09-11
VIJAYPD.NS,,20,2026-09-11
VIMTALABS.NS,,20,2026-09-11
VISAKAIND.NS,,20,2026-09-11
VLSFINANCE.NS,,20,2026-09-11
VOEPL.NS,,20,2026-09-11
VOLERCAR.NS,,20,2026-09-11
VRLLOG.NS,,20,2026-09-11
VSSL.NS,,20,2026-09-11
WABAG.NS,,20,2026-09-11
WELCORP.NS,,20,2026-09-11
WELENT.NS,,20,2026-09-11
WENDT.NS,,20,2026-09-11
WHITEFORCE.NS,,20,2026-09-11
WINDLAS.NS,,20,2026-09-11
WIPL.NS,,20,2026-09-11
WORTHPERI.NS,,20,2026-09-11
YAAP.NS,,20,2026-09-11
YASHO.NS,,20,2026-09-11
ZENSARTECH.NS,,20,2026-09-11
ZYDUSWELL.NS,,20,2026-09-11
ABB.NS,,No Band,2026-09-11
ABCAPITAL.NS,,No Band,2026-09-11
ADANIENSOL.NS,,No Band,2026-09-11
ALKEM.NS,,No Band,2026-09-11
APOLLOHOSP.NS,,No Band,2026-09-11
AUROPHARMA.NS,,No Band,2026-09-11
BAJAJ-AUTO.NS,,No Band,2026-09-11
BAJAJFINSV.NS,,No Band,2026-09-11
BAJAJHLDNG.NS,,No Band,2026-09-11
BAJFINANCE.NS,,No Band,2026-09-11
BHARATFORG.NS,,No Band,2026-09-11
BHARTIARTL.NS,,No Band,2026-09-11
BIOCON.NS,,No Band,2026-09-11
BLUESTARCO.NS,,No Band,2026-09-11
BOSCHLTD.NS,,No Band,2026-09-11
BPCL.NS,,No Band,2026-09-11
BRITANNIA.NS,,No Band,2026-09-11
CDSL.NS,,No Band,2026-09-11
CHOLAFIN.NS,,No Band,2026-09-11
COLPAL.NS,,No Band,2026-09-11
CONCOR.NS,,No Band,2026-09-11
DALBHARAT.NS,,20,2026-09-11
DIVISLAB.NS,,No Band,2026-09-11
DIXON.NS,,No Band,2026-09-11
DLF.NS,,No Band,2026-09-11
EICHERMOT.NS,,No Band,2026-09-11
ETERNAL.NS,,No Band,2026-09-11
FEDERALBNK.NS,,No Band,2026-09-11
GAIL.NS,,No Band,2026-09-11
GODREJCP.NS,,No Band,2026-09-11
GODREJPROP.NS,,No Band,2026-09-11
HAL.NS,,No Band,2026-09-11
HAVELLS.NS,,No Band,2026-09-11
HCLTECH.NS,,No Band,2026-09-11
HEROMOTOCO.NS,,No Band,2026-09-11
HYUNDAI.NS,,No Band,2026-09-11
ICICIBANK.NS,,No Band,2026-09-11
ICICIPRULI.NS,,No Band,2026-09-11
IDFCFIRSTB.NS,,No Band,2026-09-11
INDHOTEL.NS,,No Band,2026-09-11
INDIGO.NS,,No Band,2026-09-11
INDUSINDBK.NS,,No Band,2026-09-11
KALYANKJIL.NS,,No Band,2026-09-11
KFINTECH.NS,,No Band,2026-09-11
LAURUSLABS.NS,,No Band,2026-09-11
LICI.NS,,No Band,2026-09-11
LODHA.NS,,No Band,2026-09-11
LTF.NS,,No Band,2026-09-11
LTM.NS,,No Band,2026-09-11
LUPIN.NS,,No Band,2026-09-11
M&M.NS,,No Band,2026-09-11
MANAPPURAM.NS,,No Band,2026-09-11
MANKIND.NS,,No Band,2026-09-11
MARICO.NS,,No Band,2026-09-11
MAXHEALTH.NS,,No Band,2026-09-11
MOTHERSON.NS,,No Band,2026-09-11
NAUKRI.NS,,No Band,2026-09-11
NESTLEIND.NS,,No Band,2026-09-11
NYKAA.NS,,No Band,2026-09-11
OBEROIRLTY.NS,,No Band,2026-09-11
OFSS.NS,,No Band,2026-09-11
PAGEIND.NS,,No Band,2026-09-11
PAYTM.NS,,No Band,2026-09-11
PERSISTENT.NS,,No Band,2026-09-11
PGEL.NS,,No Band,2026-09-11
PIDILITIND.NS,,No Band,2026-09-11
PNB.NS,,No Band,2026-09-11
PRESTIGE.NS,,No Band,2026-09-11
RADICO.NS,,No Band,2026-09-11
RECLTD.NS,,No Band,2026-09-11
SBICARD.NS,,No Band,2026-09-11
SBIN.NS,,No Band,2026-09-11
SHREECEM.NS,,No Band,2026-09-11
SIEMENS.NS,,No Band,2026-09-11
SONACOMS.NS,,No Band,2026-09-11
SUNPHARMA.NS,,No Band,2026-09-11
TCS.NS,,No Band,2026-09-11
TECHM.NS,,No Band,2026-09-11
TORNTPHARM.NS,,No Band,2026-09-11
TVSMOTOR.NS,,No Band,2026-09-11
ULTRACEMCO.NS,,No Band,2026-09-11
UNIONBANK.NS,,No Band,2026-09-11
UNITDSPR.NS,,No Band,2026-09-11
UNOMINDA.NS,,No Band,2026-09-11
VOLTAS.NS,,No Band,2026-09-11
HERCULES.NS,508.8,—,2026-08-05
NEUEON.NS,839.12,5,2026-09-11
JNPR.NS,,10,2026-09-11
EBANK10.NS,,No Band,2026-09-11
ELMDIV.NS,,No Band,2026-09-11
INSUREIETF.NS,,No Band,2026-09-11
MANIPALHOS.NS,,20,2026-09-11
MOMETAL.NS,,No Band,2026-09-11
MOOILGAS.NS,,No Band,2026-09-11
MVELECTRO.NS,,10,2026-09-11
VISDEM.NS,,20,2026-09-11
MIDBANKADD.NS,,No Band,2026-09-11
ANAWIL.NS,,20,2026-09-11
BURNPUR.NS,,5,2026-09-11
OPTIMYSTIX.NS,,20,2026-09-11
ARDEE.NS,,20,2026-09-11
LEAPIND.NS,,20,2026-09-11
SHUKRAPHAR.NS,,20,2026-09-11
TECHNOCRAF.NS,,20,2026-09-11
GENESYS-RE.NS,,40,2026-08-13
SHANTI-RE.NS,,40,2026-08-13
ANDREWYU.NS,,20,2026-09-11
GUJGASLTD.NS,30684.84,—,2026-08-19
LANCER.NS,,20,2026-09-11
VISHAL.NS,365.38,20,2026-09-11
WATERBASE.NS,,20,2026-09-11
PADMALAYAT.NS,,—,2026-08-20
VIKASWSP.NS,,—,2026-08-22
APOORVA.NS,,5,2026-09-11
ARCL.NS,,5,2026-09-11
ASSAMENT.NS,,5,2026-09-11
CREDENT.NS,,20,2026-09-11
DHABRIYA.NS,,5,2026-09-11
EBIX.NS,,5,2026-09-11
FASCINATE.NS,,5,2026-09-11
GFSTEELS.NS,,5,2026-09-11
GSEC10ADD.NS,,No Band,2026-09-11
MUKESHB.NS,,5,2026-09-11
ONEGLOBAL.NS,,5,2026-09-11
ONIXSOLAR.NS,,5,2026-09-11
PRAMODINI.NS,,20,2026-09-11
SAB.NS,,5,2026-09-11
SAYAJIIND.NS,,5,2026-09-11
SGLRES.NS,,5,2026-09-11
SIEL.NS,,5,2026-09-11
SIMPLXREA.NS,,5,2026-09-11
SKYTECH.NS,,5,2026-09-11
TOYAMSL.NS,,5,2026-09-11
UPHOT.NS,,5,2026-09-11
VASUPRADA.NS,,5,2026-09-11
VGCL.NS,,5,2026-09-11
VIJSOLX.NS,,5,2026-09-11
CRSL.NS,,5,2026-09-11
DHOOTTRANS.NS,,10,2026-09-11
EASTWEST.NS,,10,2026-09-11
ECORECO.NS,,10,2026-09-11
FREDUN.NS,,10,2026-09-11
GKB.NS,,10,2026-09-11
HORIZONIND.NS,,10,2026-09-11
INDOKEM.NS,,10,2026-09-11
KJMCFIN.NS,,5,2026-09-11
LALITHAA.NS,,5,2026-09-11
LKPSEC.NS,,10,2026-09-11
MANBRO.NS,,10,2026-08-31
MILKYMIST.NS,,5,2026-09-11
MINALIND.NS,,2,2026-09-11
MPDL.NS,,5,2026-09-11
MYSORPETRO.NS,,5,2026-09-11
RRECL.NS,,10,2026-09-11
SAMBANDAM.NS,,5,2026-09-11
ACGL.NS,,20,2026-09-11
ADDIND.NS,,20,2026-09-11
ADVIKCA.NS,,20,2026-09-11
ALFREDHE.NS,,20,2026-09-11
ALUFLUOR.NS,,20,2026-09-11
AMAL.NS,,20,2026-09-11
AMARJOTHI.NS,,20,2026-09-11
ANSALBU.NS,,20,2026-09-11
ARYAMAN.NS,,20,2026-09-11
ASIANTNE.NS,,20,2026-09-11
AUSTENG.NS,,20,2026-09-11
AVANCE.NS,,20,2026-09-11
AXTEL.NS,,20,2026-09-11
AZADIND.NS,,20,2026-09-11
BENARAS.NS,,20,2026-09-11
BLEL.NS,,20,2026-09-11
BLUECLOUDS.NS,,20,2026-09-11
BPLPHARMA.NS,,20,2026-09-11
BRAHMINFRA.NS,,20,2026-09-11
BRIGHTBR.NS,,20,2026-09-11
CFEL.NS,,10,2026-09-11
CGVAK.NS,,20,2026-09-11
CHEMCRUX.NS,,20,2026-09-11
COMPEAU.NS,,20,2026-09-11
CRAVATEX.NS,,20,2026-09-11
DEEP.NS,,20,2026-09-11
DHATRE.NS,,20,2026-09-11
EKI.NS,,20,2026-09-11
EMPIND.NS,,20,2026-09-11
ENKEIWHEL.NS,,20,2026-09-11
HAMPTON.NS,,20,2026-09-11
HAZOOR.NS,,20,2026-09-11
HBPOR.NS,,20,2026-09-11
HINDADH.NS,,20,2026-09-11
HINDALUMI.NS,,20,2026-09-11
HRYNSHP.NS,,20,2026-09-11
IPRINGLTD.NS,,20,2026-09-11
ISTLTD.NS,,20,2026-09-11
ITL.NS,,20,2026-09-11
IVZBANKNF.NS,,No Band,2026-09-11
IVZSENSEX.NS,,No Band,2026-09-11
JENBURPH.NS,,20,2026-09-11
JYOTIRES.NS,,20,2026-09-11
KAMANWALA.NS,,20,2026-09-11
KANCOTEA.NS,,20,2026-09-11
KMCSHIL.NS,,20,2026-09-11
KSE.NS,,20,2026-09-11
LADDERUP.NS,,10,2026-09-11
LAKSHMIMIL.NS,,20,2026-09-11
LARGEMID50.NS,,No Band,2026-09-11
LEENEE.NS,,5,2026-09-11
LOTUSCHO.NS,,20,2026-09-11
MAKERSL.NS,,10,2026-09-11
MEDICAPQ.NS,,10,2026-09-11
MIIL.NS,,20,2026-09-11
MKEXIM.NS,,20,2026-09-11
MLKFOOD.NS,,20,2026-09-11
MOHITE.NS,,20,2026-09-11
MOLBIO.NS,,20,2026-09-11
MSL.NS,,20,2026-09-11
NICCOPAR.NS,,20,2026-09-11
NIFTYJBLK.NS,,No Band,2026-09-11
NTCIND.NS,,20,2026-09-11
ODYCORP.NS,,20,2026-09-11
OPTIFIN.NS,,20,2026-09-11
ORIRAIL.NS,,20,2026-09-11
PACIFICI.NS,,20,2026-09-11
PANCHMAHQ.NS,,20,2026-09-11
PANORAMA.NS,,20,2026-09-11
PARNAXLAB.NS,,20,2026-09-11
PBMPOLY.NS,,20,2026-09-11
PERMAGN.NS,,20,2026-09-11
PHOENXINTL.NS,,20,2026-09-11
POEL.NS,,20,2026-09-11
POLYSPIN.NS,,20,2026-09-11
PRISMX.NS,,20,2026-09-11
RTSPOWR.NS,,20,2026-09-11
SAICAPI.NS,,20,2026-09-11
SEKURITIND.NS,,20,2026-09-11
SGRL.NS,,20,2026-09-11
SHERVANI.NS,,20,2026-09-11
SHILGRAVQ.NS,,20,2026-09-11
SHIPROCKET.NS,,20,2026-09-11
SHIVAAGRO.NS,,20,2026-09-11
SHIVACEM.NS,,20,2026-09-11
SHRADDHA.NS,,20,2026-09-11
SHRJAGP.NS,,20,2026-09-11
SPELS.NS,,5,2026-09-11
SRIKPRIND.NS,,5,2026-09-11
STLSTRINF.NS,,20,2026-09-11
SUMEDHA.NS,,20,2026-09-11
SUN-RE.NS,,10,2026-08-26
SUNLOC.NS,,20,2026-09-11
SUNRAKSHAK.NS,,20,2026-09-11
SUNSHIEL.NS,,20,2026-09-11
SUPTANERY.NS,,5,2026-09-11
SVGLOBAL.NS,,20,2026-09-11
SWARNSAR.NS,,20,2026-09-11
SWISSMLTRY.NS,,5,2026-09-11
TANAA.NS,,20,2026-09-11
TERAI.NS,,20,2026-09-11
TGVSL.NS,,20,2026-09-11
TRANSCOR.NS,,20,2026-09-11
TRITONV.NS,,20,2026-09-11
TUTIALKA.NS,,20,2026-09-11
UDAYJEW.NS,,20,2026-09-11
VADILENT.NS,,20,2026-09-11
VEDAVAAG.NS,,20,2026-09-11
VIRAT.NS,,10,2026-09-11
VIRTUALG.NS,,5,2026-09-11
VIVOBIOT.NS,,20,2026-09-11
VOITHPAPR.NS,,20,2026-09-11
VTMLTD.NS,,20,2026-09-11
WARDINMOBI.NS,,20,2026-09-11
WHBRADY.NS,,20,2026-09-11
YOGI.NS,,20,2026-09-11
GAJA.NS,,20,2026-09-11
SHANKESH.NS,,20,2026-09-11
SILVER001.NS,,No Band,2026-09-11
SUNSHINE.NS,,20,2026-09-11
KSHITIJ-RE.NS,,20,2026-08-31
KEL.NS,148.79,—,2026-08-31
SABEVENTS.NS,6.95,—,2026-08-31
ABH.NS,,5,2026-09-11
HTEL.NS,,5,2026-09-11
MADHURKNIT.NS,,5,2026-09-11
MBECL.NS,,5,2026-09-11
AUGMONT.NS,,10,2026-09-11
NIF500BETA.NS,,No Band,2026-09-11
SKYWAYS.NS,,20,2026-09-11
SYMBIOTEC.NS,,20,2026-09-11
TEMPSENS.NS,,20,2026-09-11
RCDL-RE.NS,,20,2026-09-11
AMIRCHAND.NS,,—,2026-09-02
ASHIKA.NS,,—,2026-09-02
AURIGROW.NS,18.65,—,2026-09-02
JBCHEPHARM.NS,38792.59,—,2026-09-02
LYPSAGEMS.NS,13.65,—,2026-09-02
SANCO.NS,2.98,—,2026-09-02
SRPL.NS,7.28,—,2026-09-02
WIMPLAST.NS,,—,2026-09-02
HINDMOTORS.NS,431.72,—,2026-09-02
BGLOBAL.NS,5.2,5,2026-09-11
CMICABLES.NS,3.86,5,2026-09-11
EDUCOMP.NS,10.65,5,2026-09-11
MORARJEE.NS,33.71,5,2026-09-11
NAGAFERT.NS,122.6,5,2026-09-11
QUINTEGRA.NS,3.24,5,2026-09-11
RAJVIR.NS,2.62,5,2026-09-11
SECL.NS,218.25,5,2026-09-11
SKIL.NS,18.19,5,2026-09-11
VIKASPROP.NS,,—,2026-09-04
ANNU.NS,446.86,5,2026-09-11
ESDS.NS,,5,2026-09-11
KDGREEN.NS,512.02,10,2026-09-11
LUMINO.NS,,20,2026-09-11
PRIORITY.NS,434.7,5,2026-09-11
PERNIASPOP.NS,,20,2026-09-11
CLCIND.NS,38.07,5,2026-09-11
ASHUTOSH.NS,,5,2026-09-11
MOMSBELIEF.NS,,5,2026-09-11
QUALIANCE.NS,,5,2026-09-11
SHANTIINOR.NS,,5,2026-09-11
SUMAX.NS,,5,2026-09-11
CRESTO.NS,,20,2026-09-11
DEEPA.NS,,20,2026-09-11
MPEL-RE.NS,,20,2026-09-11
PRANAV.NS,,20,2026-09-11
JAYKAY-RE1.NS,,40,2026-09-11
ENERGYAXIS.NS,,No Band,2026-09-11
SPICEJET.NS,,—,2026-09-14
BCP.NS,,—,2026-09-16
DIL.NS,10.58,—,2026-09-18
FCONSUMER.NS,43.93,—,2026-09-18
FAALCON.NS,,—,2026-09-18
