Name,Symbol,Industry Group,Industry,Current Price
20 Microns,20MICRONS,Minerals & Mining,Industrial Minerals,222.49
21st Cent. Mgmt.,21STCENMGM,Capital Markets,Other Capital Market related Services,38.13
360 ONE,360ONE,Capital Markets,Stockbroking & Allied,1137
3B Blackbio,3BBLACKBIO,Healthcare Services,Healthcare Service Provider,1460.1
3i Infotech,3IINFOLTD,IT - Software,Computers - Software & Consulting,22.37
3M India,3MINDIA,Diversified,Diversified,32845
3P Land Hold.,3PLAND,Finance,Investment Company,32.39
5paisa Capital,5PAISA,Capital Markets,Stockbroking & Allied,342.1
63 Moons Tech.,63MOONS,IT - Software,Computers - Software & Consulting,876.5
A B B,ABB,Electrical Equipment,Heavy Electrical Equipment,7410
A B Infrabuild,ABINFRA,Construction,Civil Construction,11.35
A B Lifestyle,ABLBL,Retailing,Speciality Retail,86.07
A B M Internatl.,ABMINTLLTD,Commercial Services & Supplies,Trading & Distributors,55.86
A B Real Estate,ABREL,Realty,"Residential, Commercial Projects",1373.6
A C J K Exports,AEROPLANE,Agricultural Food & other Products,Other Agricultural Products,194.29
A G Universal,AGUL,Industrial Products,Iron & Steel Products,45.9
A.K.Capital Serv,AKCAPIT,Finance,Non Banking Financial Company (NBFC),1736.9
A2Z Infra Engg.,A2ZINFRA,Construction,Civil Construction,15.61
AAA Technologies,AAATECH,Commercial Services & Supplies,Consulting Services,91.74
Aadhar Hsg. Fin.,AADHARHFC,Finance,Housing Finance Company,483.55
Aakaar Medical,AAKAAR,Personal Products,Personal Care,62.7
Aakash Explor.,AAKASH,Oil,Offshore Support Solution Drilling,8.75
Aaradhya Dis.,AARADHYA,"Paper, Forest & Jute Products",Paper & Paper Products,110.8
Aarey Drugs,AAREYDRUGS,Pharmaceuticals & Biotechnology,Pharmaceuticals,95.79
Aarnav Fashions,AARNAV,Textiles & Apparels,Trading - Textile Products,32.17
Aaron Industries,AARON,Industrial Manufacturing,Industrial Products,128.45
Aartech Solonics,AARTECH,Electrical Equipment,Heavy Electrical Equipment,48.64
Aarti Drugs,AARTIDRUGS,Pharmaceuticals & Biotechnology,Pharmaceuticals,431.65
Aarti Industries,AARTIIND,Chemicals & Petrochemicals,Specialty Chemicals,492.05
Aarti Pharma,AARTIPHARM,Pharmaceuticals & Biotechnology,Pharmaceuticals,858.8
Aarti Surfactant,AARTISURF,Chemicals & Petrochemicals,Specialty Chemicals,548.5
Aarvi Encon,AARVI,Commercial Services & Supplies,Diversified Commercial Services,141.92
Aastha Spintex,AASTHA,Textiles & Apparels,Other Textile Products,78.12
Aatmaj Health,AATMAJ,Healthcare Services,Hospital,18.25
AAVAS Financiers,AAVAS,Finance,Housing Finance Company,1304.2
AB Cotspin,ABCOTS,Textiles & Apparels,Other Textile Products,208.15
Aban Offshore,ABAN,Oil,Offshore Support Solution Drilling,14.99
ABans Enterprise,ABANSENT,Metals & Minerals Trading,Trading - Metals,27.86
Abans Financial,AFSL,Finance,Holding Company,202.07
Abbott India,ABBOTINDIA,Pharmaceuticals & Biotechnology,Pharmaceuticals,26065
ABH Healthcare,ABH,Healthcare Services,Hospital,80.7
Abha Power,ABHAPOWER,Industrial Products,Castings & Forgings,24.6
Abhishek Integr.,AILIMITED,Construction,Civil Construction,22.25
ABM Knowledge,ABMKNO,IT - Software,Software Products,189.9
ABS Marine,ABSMARINE,Transport Services,Shipping,337.9
ACC,ACC,Cement & Cement Products,Cement & Cement Products,1283.8
Accelya Solution,ACCELYA,IT - Software,Computers - Software & Consulting,1131
Accent Microcell,ACCENTMIC,Pharmaceuticals & Biotechnology,Pharmaceuticals,617.8
Accord Synergy,ACCORD,Telecom - Services,Other Telecom Services,188.45
Accretion Pha.,ACCPL,Pharmaceuticals & Biotechnology,Pharmaceuticals,200
Accuracy Shippi.,ACCURACY,Transport Services,Logistics Solution Provider,4.31
Ace Integrated,ACEINTEG,Commercial Services & Supplies,Diversified Commercial Services,17.83
Acetech E-Commerce,ACETEC,Retailing,E-Retail/ E-Commerce,139
ACME Solar Hold.,ACMESOLAR,Power,Power Generation,418
ACS Tech,ACSTECH,IT - Services,IT Enabled Services,51.83
Action Const.Eq.,ACE,"Agricultural, Commercial & Construction Vehicles",Construction Vehicles,1125.4
Active Infra.,ACTIVEINFR,Realty,"Residential, Commercial Projects",172.5
Acutaas Chemical,ACUTAAS,Pharmaceuticals & Biotechnology,Pharmaceuticals,3168.5
Adani Energy Sol,ADANIENSOL,Power,Power Distribution,1409.6
Adani Enterp.,ADANIENT,Metals & Minerals Trading,Trading - Minerals,2938
Adani Green,ADANIGREEN,Power,Power Generation,1301.3
Adani Ports,ADANIPORTS,Transport Infrastructure,Port & Port services,1707.3
Adani Power,ADANIPOWER,Power,Integrated Power Utilities,207.2
Adani Total Gas,ATGL,Gas,LPG/CNG/PNG/LNG Supplier,612.35
Addi Industries,ADDIND,Textiles & Apparels,Garments & Apparels,79.34
Addictive Learn,ADDICTIVE,Other Consumer Services,E-Learning,43.3
ADF Foods,ADFFOODS,Food Products,Packaged Foods,264.8
Adisoft Technol.,ADISOFT,Industrial Manufacturing,Industrial Products,206.25
Adit.Birla Money,BIRLAMONEY,Capital Markets,Stockbroking & Allied,126.37
Aditya AMC,ABSLAMC,Capital Markets,Asset Management Company,1062.3
Aditya Bir. Fas.,ABFRL,Retailing,Speciality Retail,52.97
Aditya Birla Cap,ABCAPITAL,Finance,Investment Company,404.9
Aditya Infotech,CPPLUS,Industrial Manufacturing,Industrial Products,3704.6
Aditya Ultra,AUSL,Industrial Products,Iron & Steel Products,24.55
Aditya Vision,AVL,Retailing,Speciality Retail,600.05
Ador Welding,ADOR,Industrial Products,Other Industrial Products,1674.4
Adroit Info.,ADROITINFO,IT - Services,IT Enabled Services,10.31
Advait Energy,ADVAIT,Electrical Equipment,Other Electrical Equipment,2151.3
Advance Agrolife,ADVANCE,Fertilizers & Agrochemicals,Pesticides & Agrochemicals,117.43
Advanced Enzyme,ADVENZYMES,Pharmaceuticals & Biotechnology,Biotechnology,293.2
Advani Hotels.,ADVANIHOTR,Leisure Services,Hotels & Resorts,49.45
Advent Hotels,ADVENTHTL,Leisure Services,Hotels & Resorts,134.57
Advik Capital,ADVIKCA,Finance,Non Banking Financial Company (NBFC),1.12
Advit Jewels,RAMBHAJO,Consumer Durables,"Gems, Jewellery And Watches",268.68
Aegis Logistics,AEGISLOG,Gas,Trading - Gas,1270.2
Aegis Vopak Term,AEGISVOPAK,Oil,Oil Storage & Transportation,284.5
Aequs,AEQUS,Aerospace & Defense,Aerospace & Defense,242.18
Aeroflex,AEROFLEX,Industrial Products,Iron & Steel Products,537.45
Aeroflex Enter.,AEROENTER,Industrial Products,Iron & Steel Products,141.81
Aeroflex Neu,AERONEU,Industrial Products,Packaging,80.57
Aeron Composites,AERON,Industrial Products,Other Industrial Products,83
Aesthetik Engi.,AESTHETIK,Construction,Civil Construction,69.8
Aether Industri.,AETHER,Chemicals & Petrochemicals,Specialty Chemicals,1625.6
Afcons Infrastr.,AFCONS,Construction,Civil Construction,292.8
Affle 3i,AFFLE,IT - Services,IT Enabled Services,1616.5
Affordable Robo.,AFFORDABLE,Industrial Manufacturing,Industrial Products,157.47
Agarwal Float,AGARWALFT,Industrial Products,Glass - Industrial,28.6
Agarwal Indl.,AGARIND,Chemicals & Petrochemicals,Petrochemicals,450.8
Agarwal Toughene,AGARWALTUF,Industrial Products,Glass - Industrial,140.6
AGI Greenpac,AGI,Industrial Products,Packaging,735.25
AGI Infra,AGIIL,Realty,"Residential, Commercial Projects",283.7
Agni Green,AGNI,Construction,Civil Construction,15.25
Agri-Tech India,AGRITECH,Agricultural Food & other Products,Other Agricultural Products,101.21
Agro Phos India,AGROPHOS,Fertilizers & Agrochemicals,Fertilizers,25.77
AGS Transact,AGSTRA,Financial Technology (Fintech),Financial Technology (Fintech),1.99
Ahimsa Industrie,AHIMSA,Industrial Products,Plastic Products - Industrial,25.75
Ahlada Engineers,AHLADA,Consumer Durables,"Furniture, Home Furnishing",37.29
Ahluwalia Contr.,AHLUCONT,Construction,Civil Construction,599.05
AIA Engineering,AIAENG,Industrial Products,Castings & Forgings,4231.2
Aimtron,AIMTRON,Industrial Manufacturing,Industrial Products,1582.6
Aion-Tech Soluti,GOLDTECH,IT - Software,Software Products,47.04
Airan,AIRAN,IT - Services,IT Enabled Services,15.44
Airo Lam,AIROLAM,Consumer Durables,Plywood Boards/ Laminates,86.46
Ajanta Pharma,AJANTPHARM,Pharmaceuticals & Biotechnology,Pharmaceuticals,3464.8
Ajax Engineering,AJAXENGG,"Agricultural, Commercial & Construction Vehicles",Construction Vehicles,582.45
Ajmera Realty,AJMERA,Realty,"Residential, Commercial Projects",117.76
Ajooni Biotech,AJOONI,Food Products,Animal Feed,3.71
Akanksha Power,AKANKSHA,Electrical Equipment,Other Electrical Equipment,136.7
Akash InfraProj.,AKASH,Construction,Civil Construction,25.6
AKG Exim,AKG,Commercial Services & Supplies,Trading & Distributors,9.59
AKI India,AKI,Consumer Durables,Leather And Leather Products,7.22
Akiko,AKIKO,Finance,Other Financial Services,416.15
Akme Fintrade,AFIL,Finance,Non Banking Financial Company (NBFC),9.22
Aksh Optifibre,AKSHOPTFBR,Telecom -  Equipment & Accessories,Telecom -  Equipment & Accessories,7.43
Akshar Spintex,AKSHAR,Textiles & Apparels,Other Textile Products,0.42
AksharChem (I),AKSHARCHEM,Chemicals & Petrochemicals,Dyes And Pigments,444.85
Akums Drugs,AKUMS,Pharmaceuticals & Biotechnology,Pharmaceuticals,765.75
Alankit,ALANKIT,Commercial Services & Supplies,Diversified Commercial Services,8.14
Albert David,ALBERTDAVD,Pharmaceuticals & Biotechnology,Pharmaceuticals,860.25
Alcokraft Dist.,ALCODIS,Beverages,Breweries & Distilleries,68.4
Alembic,ALEMBICLTD,Realty,"Residential, Commercial Projects",111.41
Alembic Pharma,APLLTD,Pharmaceuticals & Biotechnology,Pharmaceuticals,808.2
Alfred Herbert,ALFREDHE,Finance,Non Banking Financial Company (NBFC),2898.9
Algoquant Fin,ALGOQUANT,Finance,Other Financial Services,64.5
Alicon Cast.,ALICON,Auto Components,Auto Components & Equipments,684.2
Alivus Life,ALIVUS,Pharmaceuticals & Biotechnology,Pharmaceuticals,1366.3
Alkali Metals,ALKALI,Chemicals & Petrochemicals,Specialty Chemicals,65.55
Alkem Lab,ALKEM,Pharmaceuticals & Biotechnology,Pharmaceuticals,5190
Alkyl Amines,ALKYLAMINE,Chemicals & Petrochemicals,Specialty Chemicals,2020.9
All E Tech,ALLETEC,IT - Software,Computers - Software & Consulting,137.25
All Time Plastic,ALLTIME,Consumer Durables,Houseware,206.08
Allcargo Global,AGL,Transport Services,Logistics Solution Provider,13.65
Allcargo Logist.,ALLCARGO,Transport Services,Logistics Solution Provider,12.44
Allcargo Termi,ATL,Transport Infrastructure,Port & Port services,25.31
Alldigi Tech,ALLDIGI,Commercial Services & Supplies,Business Process Outsourcing (BPO)/ Knowledge Process Outsourcing (KPO),805.85
Allied Blenders,ABDL,Beverages,Breweries & Distilleries,609.95
Allied Digital,ADSL,IT - Services,IT Enabled Services,104.13
Almondz Global,ALMONDZ,Capital Markets,Stockbroking & Allied,17.89
Alok Industries,ALOKINDS,Textiles & Apparels,Other Textile Products,7.83
Alpa Laboratorie,ALPA,Pharmaceuticals & Biotechnology,Pharmaceuticals,62.71
Alpex Solar,ALPEXSOLAR,Electrical Equipment,Other Electrical Equipment,889.3
Alphageo (India),ALPHAGEO,Oil,Offshore Support Solution Drilling,323.85
Alpine Texworld,ALPINETEX,Textiles & Apparels,Other Textile Products,57.76
Alufluoride,ALUFLUOR,Chemicals & Petrochemicals,Commodity Chemicals,499.05
Aluwind Infra,ALUWIND,Industrial Products,"Aluminium, Copper & Zinc Products",49.2
Amagi Media Labs,AMAGI,IT - Services,IT Enabled Services,563.3
Amal,AMAL,Chemicals & Petrochemicals,Specialty Chemicals,743.2
Amanta Healthcar,AMANTA,Pharmaceuticals & Biotechnology,Pharmaceuticals,194.03
Amara Raja Ener.,ARE&M,Auto Components,Auto Components & Equipments,864.2
Amarjothi Spg.,AMARJOTHI,Textiles & Apparels,Other Textile Products,160.94
Amba Auto Sales,AMBAAUTO,Automobiles,Auto Dealer,110.5
Ambalal Sarabhai,AMBALALSA,Pharmaceuticals & Biotechnology,Pharmaceuticals,43.73
Ambani Orgochem,AMBANIORGO,Chemicals & Petrochemicals,Specialty Chemicals,110
Amber Enterp.,AMBER,Consumer Durables,Household Appliances,7474
Ambica Agarbat.,AMBICAAGAR,Household Products,Household Products,27.21
Ambika Cotton,AMBIKCO,Textiles & Apparels,Other Textile Products,1639.1
Ambuja Cements,AMBUJACEM,Cement & Cement Products,Cement & Cement Products,405
AMD Industries,AMDIND,Industrial Products,Packaging,60.32
Ameya Precision,AMEYA,Industrial Products,Other Industrial Products,107.15
Amiable Logistic,AMIABLE,Transport Services,Logistics Solution Provider,77
Amines & Plast.,AMNPLST,Chemicals & Petrochemicals,Commodity Chemicals,172.89
AMJ Land Holdin.,AMJLAND,Realty,"Residential, Commercial Projects",39.47
Amrutanjan Healt,AMRUTANJAN,Pharmaceuticals & Biotechnology,Pharmaceuticals,505.45
Anand Rathi Shar,ARSSBL,Capital Markets,Stockbroking & Allied,515.05
Anand Rathi Wea.,ANANDRATHI,Capital Markets,Financial Products Distributor,2215.9
Anant Raj,ANANTRAJ,Realty,"Residential, Commercial Projects",625.45
Anantam Highways,ANANTAM,Transport Infrastructure,"Road AssetsToll, Annuity, Hybrid-Annuity",106
Anawil Wire,ANAWIL,Electrical Equipment,Heavy Electrical Equipment,382.4
ANB Metal,AMCL,Industrial Products,"Aluminium, Copper & Zinc Products",370
Andhra Cements,ACL,Cement & Cement Products,Cement & Cement Products,43.36
Andhra Paper,ANDHRAPAP,"Paper, Forest & Jute Products",Paper & Paper Products,64.45
Andhra Sugars,ANDHRSUGAR,Chemicals & Petrochemicals,Commodity Chemicals,99.51
Andrew Yule & Co,ANDREWYU,Agricultural Food & other Products,Tea & Coffee,27.93
Angel One,ANGELONE,Capital Markets,Stockbroking & Allied,299.8
ANI Integrated,AISL,Commercial Services & Supplies,Diversified Commercial Services,59.95
Anik Industries,ANIKINDS,Commercial Services & Supplies,Trading & Distributors,45
Anjani Portland,APCL,Cement & Cement Products,Cement & Cement Products,101.42
Ankit Met.Power,ANKITMETAL,Ferrous Metals,Iron & Steel,1.7
Anlon Healthcare,AHCL,Pharmaceuticals & Biotechnology,Pharmaceuticals,15.68
Anlon Tech,ANLON,Commercial Services & Supplies,Diversified Commercial Services,670
Anmol India,ANMOL,Consumable Fuels,Trading - Coal,10.08
Annapurna Swadi.,ANNAPURNA,Food Products,Packaged Foods,140.2
Annu Projects,ANNU,Construction,Civil Construction,68.23
Anondita Medi.,ANONDITA,Personal Products,Personal Care,1109.55
Ansal Buildwell,ANSALBU,Realty,"Residential, Commercial Projects",80.68
Ansal Properties,ANSALAPI,Realty,"Residential, Commercial Projects",3.31
Antarctica,ANTGRAPHIC,Industrial Products,Packaging,0.73
Antelopus Selan,ANTELOPUS,Oil,Oil Exploration & Production,957.15
Anthem Bioscienc,ANTHEM,Pharmaceuticals & Biotechnology,Biotechnology,934.05
Antony Waste han,AWHCL,Other Utilities,Waste Management,370.8
Anuh Pharma,ANUHPHR,Pharmaceuticals & Biotechnology,Pharmaceuticals,81.1
Anupam Rasayan,ANURAS,Chemicals & Petrochemicals,Specialty Chemicals,1238.7
Anya Polytech &,ANYA,Fertilizers & Agrochemicals,Fertilizers,15.3
Anzen IYEP Trust,ANZEN,Power,Power - Transmission,129
Apar Inds.,APARINDS,Electrical Equipment,Other Electrical Equipment,17421
Apcotex Industri,APCOTEXIND,Industrial Products,Rubber,635.5
Apeejay Surrend.,PARKHOTELS,Leisure Services,Hotels & Resorts,112.18
Apex Ecotech,APEXECO,Other Utilities,Water Supply & Management,278.2
Apex Frozen Food,APEX,Food Products,Seafood,375.15
APL Apollo Tubes,APLAPOLLO,Industrial Products,Iron & Steel Products,2250
Apollo Hospitals,APOLLOHOSP,Healthcare Services,Hospital,8650
Apollo Micro Sys,APOLLO,Aerospace & Defense,Aerospace & Defense,388.9
Apollo Pipes,APOLLOPIPE,Industrial Products,Plastic Products - Industrial,605.1
Apollo Sindoori,APOLSINHOT,Leisure Services,Hotels & Resorts,1218.1
Apollo Tyres,APOLLOTYRE,Auto Components,Tyres & Rubber Products,429.55
Apoorva Leasing,APOORVA,Finance,Other Financial Services,25.5
Aprameya Enginee,APRAMEYA,Healthcare Equipment & Supplies,Medical Equipment & Supplies,116.5
Apsis Aerocom,APSISAERO,Aerospace & Defense,Aerospace & Defense,611.3
Aptech,APTECHT,Other Consumer Services,Education,89.13
Aptus Value Hou.,APTUS,Finance,Housing Finance Company,258.85
Aqylon Nexus,AQYLON,Entertainment,TV Broadcasting & Software Production,22.46
Arabian Petrol.,ARABIAN,Petroleum Products,Lubricants,86.25
ARC Insulation,ARCIIL,Industrial Products,Other Industrial Products,36.95
Archean Chemical,ACI,Chemicals & Petrochemicals,Specialty Chemicals,504.2
Archidply Decor,ADL,Consumer Durables,Plywood Boards/ Laminates,72
Archidply Inds.,ARCHIDPLY,Consumer Durables,Plywood Boards/ Laminates,104.89
Archies,ARCHIES,Consumer Durables,Leisure Products,12.9
ARCL Organics,ARCL,Chemicals & Petrochemicals,Commodity Chemicals,225
Ardee Industries,ARDEE,Diversified Metals,Diversified Metals,55.66
Arfin India,ARFIN,Non - Ferrous Metals,Aluminium,87.24
Arham Tech,ARHAM,Consumer Durables,Consumer Electronics,213.95
Aries Agro,ARIES,Fertilizers & Agrochemicals,Fertilizers,500.1
Arih.Found.Hsg.,ARIHANT,Realty,"Residential, Commercial Projects",953.15
Arihant Academy,ARIHANTACA,Other Consumer Services,Education,498.25
Arihant Capital,ARIHANTCAP,Capital Markets,Stockbroking & Allied,79.69
Arihant Super.,ARIHANTSUP,Realty,"Residential, Commercial Projects",229.5
Arisinfra Solu.,ARIS,Other Construction Materials,Other Construction Materials,128.56
Aristo Bio-Tech,ARISTO,Fertilizers & Agrochemicals,Pesticides & Agrochemicals,103
Arkade,ARKADE,Realty,"Residential, Commercial Projects",125.22
Arman Financial,ARMANFIN,Finance,Non Banking Financial Company (NBFC),2069.3
Armour Security,ARMOUR,Commercial Services & Supplies,Diversified Commercial Services,18
Aro Granite Inds,AROGRANITE,Consumer Durables,Granites & Marbles,24.55
Arrow Greentech,ARROWGREEN,Industrial Products,Packaging,814.1
Arshiya,ARSHIYA,Transport Services,Logistics Solution Provider,0.73
Art Nirman Ltd,ARTNIRMAN,Realty,"Residential, Commercial Projects",40.63
Artemis Electri.,AEPL,Electrical Equipment,Other Electrical Equipment,17.5
Artemis Medicare,ARTEMISMED,Healthcare Services,Hospital,332.8
Arunaya Organics,ARUNAYA,Chemicals & Petrochemicals,Dyes And Pigments,14.45
Arvee Laborat.,ARVEE,Chemicals & Petrochemicals,Specialty Chemicals,165.1
Arvind Fashions.,ARVINDFASN,Retailing,Speciality Retail,446.5
Arvind Ltd,ARVIND,Textiles & Apparels,Garments & Apparels,552.95
Arvind Port &,ARVINDPORT,Transport Services,Shipping,32
Arvind SmartSp.,ARVSMART,Realty,"Residential, Commercial Projects",642.5
Aryaman Fin.Serv,ARYAMAN,Finance,Non Banking Financial Company (NBFC),620.2
Asahi India Glas,ASAHIINDIA,Auto Components,Auto Components & Equipments,955.9
Asahi Songwon,ASAHISONG,Chemicals & Petrochemicals,Dyes And Pigments,372.65
Ascom Leasing &,ASCOM,Finance,Non Banking Financial Company (NBFC),210.9
Ashapura Logi.,ASHALOG,Transport Services,Logistics Solution Provider,62.5
Ashapura Minech.,ASHAPURMIN,Minerals & Mining,Industrial Minerals,551
Ashiana Housing,ASHIANA,Realty,"Residential, Commercial Projects",359.55
Ashika Global Securities.,ASHIKAG,Finance,Non Banking Financial Company (NBFC),426.85
Ashima,ASHIMASYN,Textiles & Apparels,Other Textile Products,17.89
Ashok Leyland,ASHOKLEY,"Agricultural, Commercial & Construction Vehicles",Commercial Vehicles,169
Ashoka Buildcon,ASHOKA,Construction,Civil Construction,115.55
Ashoka Metcast,ASHOKAMET,Metals & Minerals Trading,Trading - Metals,13.58
Ashutosh Fibre,ASHUTOSH,,,
Ashwini Contain.,ASHWINI,Transport Services,Road Transport,180
Asian Energy,ASIANENE,Oil,Oil Equipment & Services,517.45
Asian Granito,ASIANTILES,Consumer Durables,Ceramics,50.26
Asian Hotels (E),AHLEAST,Leisure Services,Hotels & Resorts,136.51
Asian Hotels (N),ASIANHOTNR,Leisure Services,Hotels & Resorts,384.75
Asian Hotels (W),AHLWEST,Leisure Services,Hotels & Resorts,530.85
Asian Paints,ASIANPAINT,Consumer Durables,Paints,2527.3
Asian Star Co.,ASTAR,Consumer Durables,"Gems, Jewellery And Watches",585
Asian Tea & Exp,ASIANTNE,Commercial Services & Supplies,Trading & Distributors,9.74
ASK Automotive,ASKAUTOLTD,Auto Components,Auto Components & Equipments,618.85
Aspinwall & Co,ASPINWALL,Transport Services,Logistics Solution Provider,259.25
Aspire & Innovat,ASPIRE,Consumer Durables,Household Appliances,13.25
Assam Entrade,ASSAMENT,Finance,Non Banking Financial Company (NBFC),830
Assoc.Alcohols,ASALCBR,Beverages,Breweries & Distilleries,706.35
Astec Lifescienc,ASTEC,Fertilizers & Agrochemicals,Pesticides & Agrochemicals,554.45
Aster DM Quality,ASTERDM,Healthcare Services,Hospital,785.75
Astra Microwave,ASTRAMICRO,Aerospace & Defense,Aerospace & Defense,1729
Astral,ASTRAL,Industrial Products,Plastic Products - Industrial,1492.9
Astrazeneca Phar,ASTRAZEN,Pharmaceuticals & Biotechnology,Pharmaceuticals,6944
Astron Paper,ASTRON,"Paper, Forest & Jute Products",Paper & Paper Products,3.06
Atal Realtech,ATALREAL,Realty,"Residential, Commercial Projects",26.22
Atam Valves,ATAM,Industrial Manufacturing,Industrial Products,52.99
ATC Energies,ATCENERGY,Electrical Equipment,Other Electrical Equipment,22.5
Ather Energy,ATHERENERG,Automobiles,2/3 Wheelers,1584
Atlanta Electric,ATLANTAELE,Electrical Equipment,Heavy Electrical Equipment,1881.7
Atlantaa,ATLANTAA,Construction,Civil Construction,39.15
Atlas Cycles,ATLASCYCLE,Consumer Durables,Cycles,96.18
Atmastco Ltd,ATMASTCO,Construction,Civil Construction,139.5
Atul,ATUL,Chemicals & Petrochemicals,Specialty Chemicals,6386
Atul Auto,ATULAUTO,"Agricultural, Commercial & Construction Vehicles",Commercial Vehicles,465.15
AU Small Finance,AUBANK,Banks,Other Bank,1065
Augmont Enterpri,AUGMONT,Non - Ferrous Metals,Precious Metals,901.5
Aurionpro Sol.,AURIONPRO,IT - Software,Computers - Software & Consulting,689.7
Auro Impex,AUROIMPEX,Industrial Products,Electrodes & Refractories,27.5
Aurobindo Pharma,AUROPHARMA,Pharmaceuticals & Biotechnology,Pharmaceuticals,1653.1
Aurum Proptech,AURUM,IT - Services,IT Enabled Services,225.16
AURUS GEM,AURUS,Consumer Durables,"Gems, Jewellery And Watches",4.84
Ausom Enter.,AUSOMENT,Consumer Durables,"Gems, Jewellery And Watches",161.79
Austin Engg Co,AUSTENG,Industrial Manufacturing,Industrial Products,124.7
Australian Prem,APS,Electrical Equipment,Heavy Electrical Equipment,244.75
Authum Invest,AIIL,Finance,Non Banking Financial Company (NBFC),519.9
Auto.Corp.of Goa,ACGL,Auto Components,Auto Components & Equipments,1797.6
Autoline Industr,AUTOIND,Auto Components,Auto Components & Equipments,86.45
Automotive Axles,AUTOAXLES,Auto Components,Auto Components & Equipments,1688.7
Automotive Stamp,ASAL,Auto Components,Auto Components & Equipments,473.75
Avadh Sugar,AVADHSUGAR,Agricultural Food & other Products,Sugar,809.5
Avalon Tech,AVALON,Electrical Equipment,Other Electrical Equipment,2196.6
Avana Electrosystems,AVANA,Electrical Equipment,Heavy Electrical Equipment,154.75
Avance Tech.,AVANCE,IT - Software,Software Products,0.82
Avantel,AVANTEL,Aerospace & Defense,Aerospace & Defense,154.96
Avanti Feeds,AVANTIFEED,Food Products,Animal Feed,798.6
AVATAR Industries,AVATAR,Auto Components,Auto Components & Equipments,242.4
Avenue Super.,DMART,Retailing,Diversified Retail,3770
AvenuesAI,CCAVENUE,Financial Technology (Fintech),Financial Technology (Fintech),15.7
AVG Logistics,AVG,Transport Services,Logistics Solution Provider,166.04
Avi Ansh,AVIANSH,Textiles & Apparels,Other Textile Products,102.5
Avience Biomedi.,AVIENCE,Healthcare Equipment & Supplies,Medical Equipment & Supplies,275
Avio Smart Market,ASMS,IT - Services,IT Enabled Services,7.07
Avonmore Capital,AVONMORE,Finance,Non Banking Financial Company (NBFC),13.02
AVP Infracon,AVPINFRA,Construction,Civil Construction,58.25
Avro India,AVROIND,Consumer Durables,Plastic Products - Consumer,8.72
AVSL Industries,AVSL,Industrial Products,Plastic Products - Industrial,119.7
AVT Natural Prod,AVTNPL,Agricultural Food & other Products,Other Agricultural Products,91.02
AWFIS Space,AWFIS,Commercial Services & Supplies,Diversified Commercial Services,260.8
AWL Agri Busine.,AWL,Agricultural Food & other Products,Edible Oil,187.29
Axis Bank,AXISBANK,Banks,Private Sector Bank,1273
AXISCADES Tech.,AXISCADES,Aerospace & Defense,Aerospace & Defense,1711.6
Axita Cotton,AXITA,Textiles & Apparels,Other Textile Products,8.01
Axtel Industries,AXTEL,Industrial Manufacturing,Industrial Products,394.5
Aye Finance,AYE,Finance,Non Banking Financial Company (NBFC),184.81
AYM Syntex,AYMSYNTEX,Textiles & Apparels,Other Textile Products,310.7
Azad Engineering,AZAD,Electrical Equipment,Heavy Electrical Equipment,2777.3
Azad India,AZADIND,Industrial Products,Iron & Steel Products,89.59
B & A,BNALTD,Agricultural Food & other Products,Tea & Coffee,360
B H E L,BHEL,Electrical Equipment,Heavy Electrical Equipment,431.1
B P C L,BPCL,Petroleum Products,Refineries & Marketing,315.7
B.A.G. Converge.,BAGDIGITAL,Entertainment,Digital Entertainment,105
B.C. Power,BCP,Industrial Products,Cables - Electricals,1.74
B.L.Kashyap,BLKASHYAP,Construction,Civil Construction,59.34
B&B Triplewall,BBTCL,Industrial Products,Packaging,230.22
Baazar Style,STYLEBAAZA,Retailing,Speciality Retail,400.25
Baba Food,BABAFP,Food Products,Other Food Products,23.85
Bafna Pharma.,BAFNAPH,Pharmaceuticals & Biotechnology,Pharmaceuticals,295.85
BAG Films,BAGFILMS,Entertainment,TV Broadcasting & Software Production,4.51
Bagmane Prime REIT,BAGMANE,Realty,Real Estate Investment Trusts (REITs),106.28
Baheti Recycling,BAHETI,Industrial Products,"Aluminium, Copper & Zinc Products",846
Baid Finserv,BAIDFIN,Finance,Non Banking Financial Company (NBFC),10.12
Bajaj Auto,BAJAJ-AUTO,Automobiles,2/3 Wheelers,11919
Bajaj Consumer,BAJAJCON,Personal Products,Personal Care,517.55
Bajaj Electrical,BAJAJELEC,Consumer Durables,Household Appliances,331.15
Bajaj Finance,BAJFINANCE,Finance,Non Banking Financial Company (NBFC),1060.5
Bajaj Finserv,BAJAJFINSV,Finance,Holding Company,1970
Bajaj Healthcare,BAJAJHCARE,Pharmaceuticals & Biotechnology,Pharmaceuticals,321.45
Bajaj Hindusthan,BAJAJHIND,Agricultural Food & other Products,Sugar,21.86
Bajaj Holdings,BAJAJHLDNG,Finance,Holding Company,11162
Bajaj Housing,BAJAJHFL,Finance,Housing Finance Company,83.08
Bajaj Steel Inds,BAJAJST,Industrial Manufacturing,Industrial Products,362.95
Bajel Projects,BAJEL,Electrical Equipment,Heavy Electrical Equipment,183.82
Bal Pharma,BALPHARMA,Pharmaceuticals & Biotechnology,Pharmaceuticals,87.73
Balaji Amines,BALAMINES,Chemicals & Petrochemicals,Specialty Chemicals,2525.2
Balaji Phos.,BALAJIPHOS,Fertilizers & Agrochemicals,Fertilizers,114
Balaji Telefilms,BALAJITELE,Entertainment,Media & Entertainment,93.17
Balaxi Pharma,BALAXI,Pharmaceuticals & Biotechnology,Pharmaceuticals,25.37
Balkrishna Inds,BALKRISIND,Auto Components,Tyres & Rubber Products,2284.6
Balkrishna Paper,BALKRISHNA,"Paper, Forest & Jute Products",Paper & Paper Products,17.08
Balmer Law. Inv.,BLIL,Finance,Holding Company,72.53
Balmer Lawrie,BALMLAWRIE,Diversified,Diversified,177.98
Balrampur Chini,BALRAMCHIN,Agricultural Food & other Products,Sugar,690.6
Balu Forge,BALUFORGE,Industrial Products,Castings & Forgings,574.1
Banaras Beads,BANARBEADS,Consumer Durables,"Gems, Jewellery And Watches",113.9
Banco Products,BANCOINDIA,Auto Components,Auto Components & Equipments,623.5
Bandhan Bank,BANDHANBNK,Banks,Private Sector Bank,164.95
Bang Overseas,BANG,Textiles & Apparels,Garments & Apparels,34.79
Bank of Baroda,BANKBARODA,Banks,Public Sector Bank,239
Bank of India,BANKINDIA,Banks,Public Sector Bank,145
Bank of Maha,MAHABANK,Banks,Public Sector Bank,85.95
Banka Bioloo,BANKA,Construction,Civil Construction,79
Bannari Amm Spg.,BASML,Textiles & Apparels,Other Textile Products,25.41
Bannari Amm.Sug.,BANARISUG,Agricultural Food & other Products,Sugar,3803.3
Bansal Wire Inds,BANSALWIRE,Industrial Products,Iron & Steel Products,315
Banswara Syntex,BANSWRAS,Textiles & Apparels,Other Textile Products,117.05
Barak Valley,BVCL,Cement & Cement Products,Cement & Cement Products,43.48
Barflex Polyfilm,BARFLEX,Industrial Products,Packaging,60.9
BASF India,BASF,Chemicals & Petrochemicals,Specialty Chemicals,3864.9
Basilic Fly Stud,BASILIC,Entertainment,Media & Entertainment,188.65
Bata India,BATAINDIA,Consumer Durables,Footwear,672.75
Batliboi,BATLIBOI,Industrial Manufacturing,Industrial Products,90.81
Baweja Studios L,BAWEJA,Entertainment,"Film Production, Distribution & Exhibition",26.1
Bayer Crop Sci.,BAYERCROP,Fertilizers & Agrochemicals,Pesticides & Agrochemicals,3989.9
BCL Industries,BCLIND,Beverages,Breweries & Distilleries,36.62
BCPL Railway,BCPL,Construction,Civil Construction,68.45
Beacon Trust.,BEACON,Capital Markets,"Depositories, Clearing Houses and Other Intermediaries",83.6
Beardsell,BEARDSELL,Industrial Products,Other Industrial Products,25.31
Bedmutha Indus.,BEDMUTHA,Industrial Products,Iron & Steel Products,112.37
Beekay Steel Ind,BEEKAY,Industrial Products,Iron & Steel Products,417.4
Behari Lal Engg.,BLEL,Industrial Products,Iron & Steel Products,453.15
Bella Casa Fashi,BELLACASA,Textiles & Apparels,Garments & Apparels,242.85
Belrise Industri,BELRISE,Auto Components,Auto Components & Equipments,236.86
BEML Land Assets,BLAL,Finance,Investment Company,160.88
BEML Ltd,BEML,"Agricultural, Commercial & Construction Vehicles",Construction Vehicles,2057.8
Benares Hotels,BENARAS,Leisure Services,Hotels & Resorts,10200
Bengal & Assam,BENGALASM,Finance,Non Banking Financial Company (NBFC),6332.5
Berger Paints,BERGEPAINT,Consumer Durables,Paints,485.3
Best Agrolife,BESTAGRO,Fertilizers & Agrochemicals,Pesticides & Agrochemicals,19.29
Beta Drugs Ltd,BETA,Pharmaceuticals & Biotechnology,Pharmaceuticals,2218.5
BEW Engg,BEWLTD,Industrial Manufacturing,Industrial Products,49.3
BF Investment,BFINVEST,Finance,Holding Company,469.35
BF Utilities,BFUTILITIE,Transport Infrastructure,"Road AssetsToll, Annuity, Hybrid-Annuity",542.45
BGR Energy Sys.,BGRENERGY,Construction,Civil Construction,246.26
Bhadora Indust.,BHADORA,Industrial Products,Cables - Electricals,111.95
Bhageria Indust.,BHAGERIA,Chemicals & Petrochemicals,Dyes And Pigments,304.65
Bhagiradha Chem.,BHAGCHEM,Fertilizers & Agrochemicals,Pesticides & Agrochemicals,264.6
Bhagyanagar Ind,BHAGYANGR,Non - Ferrous Metals,Copper,370.45
Bhandari Hosiery,BHANDARI,Textiles & Apparels,Other Textile Products,3.03
Bhansali Engg.,BEPL,Chemicals & Petrochemicals,Petrochemicals,127.5
Bharat Bijlee,BBL,Electrical Equipment,Heavy Electrical Equipment,2289.3
Bharat Coking,BHARATCOAL,Consumable Fuels,Coal,33.81
Bharat Dynamics,BDL,Aerospace & Defense,Aerospace & Defense,1255
Bharat Electron,BEL,Aerospace & Defense,Aerospace & Defense,405.35
Bharat Forge,BHARATFORG,Auto Components,Auto Components & Equipments,1956
Bharat Gears,BHARATGEAR,Auto Components,Auto Components & Equipments,102.93
Bharat Parenter.,BPLPHARMA,Pharmaceuticals & Biotechnology,Pharmaceuticals,1533.3
Bharat Rasayan,BHARATRAS,Fertilizers & Agrochemicals,Pesticides & Agrochemicals,1171.8
Bharat Road,BRNL,Construction,Civil Construction,17.12
Bharat Seats,BHARATSE,Auto Components,Auto Components & Equipments,211.69
Bharat Wire,BHARATWIRE,Industrial Products,Iron & Steel Products,181.32
Bharti Airtel,BHARTIARTL,Telecom - Services,Telecom - Cellular & Fixed line services,1840
Bharti Hexacom,BHARTIHEXA,Telecom - Services,Telecom - Cellular & Fixed line services,1495.4
Bhartiya Intl.,BIL,Consumer Durables,Leather And Leather Products,907.85
Bhilwara Tech,BTTL,Textiles & Apparels,Trading - Textile Products,41.53
BIGBLOC Const.,BIGBLOC,Cement & Cement Products,Cement & Cement Products,41.92
Bikaji Foods,BIKAJI,Food Products,Packaged Foods,584.2
Bikewo Green,BIKEWO,Automobiles,Auto Dealer,97.8
BIL Vyapar,BILVYAPAR,Finance,Holding Company,4.04
Bilcare,BI,Healthcare Services,"Healthcare Research, Analytics & Technology",95.85
Billionbrains,GROWW,Capital Markets,Stockbroking & Allied,194
Bimetal Bearings,BIMETAL,Auto Components,Auto Components & Equipments,635
Bio Medica Lab,BMLL,Pharmaceuticals & Biotechnology,Pharmaceuticals,177
Biocon,BIOCON,Pharmaceuticals & Biotechnology,Pharmaceuticals,397.4
Biofil Chemicals,BIOFILCHEM,Pharmaceuticals & Biotechnology,Pharmaceuticals,32
Biopol Chemicals,BIOPOL,Chemicals & Petrochemicals,Specialty Chemicals,45.75
Birla Cable,BIRLACABLE,Telecom -  Equipment & Accessories,Telecom -  Equipment & Accessories,376.55
Birla Corpn.,BIRLACORPN,Cement & Cement Products,Cement & Cement Products,887.35
Birla Precision,BIRLAPREC,Industrial Manufacturing,Industrial Products,57.92
BirlaNu Ltd,BIRLANU,Other Construction Materials,Other Construction Materials,1448
Birlasoft Ltd,BSOFT,IT - Software,Computers - Software & Consulting,289.35
Black Box,BBOX,IT - Services,IT Enabled Services,712.25
Black Rose Indus,BLACKROSE,Chemicals & Petrochemicals,Specialty Chemicals,113.02
Blackbuck,BLACKBUCK,Transport Services,Transport Related Services,586.1
BLB,BLBLIMITED,Finance,Investment Company,16.68
Bliss GVS Pharma,BLISSGVS,Pharmaceuticals & Biotechnology,Pharmaceuticals,671
BLS E-Services,BLSE,IT - Services,IT Enabled Services,320.05
BLS Internat.,BLS,Leisure Services,"Tour, Travel Related Services",238.79
Blu.Coast Hotel.,BLUECOAST,Leisure Services,Hotels & Resorts,23.49
Blue Chip India,BLUECHIP,Finance,Investment Company,2.14
Blue Cloud Soft.,BLUECLOUDS,IT - Software,Software Products,19.88
Blue Dart Expres,BLUEDART,Transport Services,Logistics Solution Provider,4991.7
Blue Jet Health,BLUEJET,Pharmaceuticals & Biotechnology,Pharmaceuticals,569.8
Blue Pebble,BLUEPEBBLE,Other Consumer Services,Other Consumer Services,84
Blue Star,BLUESTARCO,Consumer Durables,Household Appliances,1484
Blue Water,BLUEWATER,Transport Services,Logistics Solution Provider,486.75
Bluestone Jewel,BLUESTONE,Consumer Durables,"Gems, Jewellery And Watches",842.75
Bluspring Enter.,BLUSPRING,Commercial Services & Supplies,Diversified Commercial Services,138.96
BMW Ventures,BMWVENTLTD,Metals & Minerals Trading,Trading - Metals,55.36
BN Agrochem,BNAGROCHEM,Commercial Services & Supplies,Trading & Distributors,216.73
Bodal Chemicals,BODALCHEM,Chemicals & Petrochemicals,Dyes And Pigments,155.62
Bodhi Tree,BTML,Entertainment,Digital Entertainment,8.51
Bohra Industries,BOHRAIND,Fertilizers & Agrochemicals,Fertilizers,12.7
Bombay Dyeing,BOMDYEING,Textiles & Apparels,Other Textile Products,113.47
Bombay Metrics,BMETRICS,Commercial Services & Supplies,Trading & Distributors,35.15
Bombay Super Hyb,BSHSL,Agricultural Food & other Products,Other Agricultural Products,91.48
Bonlon Industrie,BONLON,Diversified Metals,Diversified Metals,40.13
Borana Weaves,BORANA,Textiles & Apparels,Other Textile Products,307.6
Borosil,BOROLTD,Consumer Durables,Houseware,258.96
Borosil Renew.,BORORENEW,Industrial Products,Glass - Industrial,499.15
Borosil Scienti.,BOROSCI,Industrial Products,Glass - Industrial,132.16
Bosch,BOSCHLTD,Auto Components,Auto Components & Equipments,46820
Bosch Home Comfort,BOSCH-HCIL,Consumer Durables,Household Appliances,1818.8
Boss Packaging,BOSS,Industrial Manufacturing,Industrial Products,55.7
BPL,BPL,Consumer Durables,Consumer Electronics,49.38
Brace Port,BRACEPORT,Transport Services,Logistics Solution Provider,58.8
Brahmaputra Inf.,BRAHMINFRA,Construction,Civil Construction,163.82
Brainbees Solut.,FIRSTCRY,Retailing,E-Retail/ E-Commerce,180.16
Brand Concepts,BCONCEPTS,Retailing,Speciality Retail,167.33
Brandman Retail,BRANDMAN,Consumer Durables,Footwear,171.3
Brigade Enterpr.,BRIGADE,Realty,"Residential, Commercial Projects",696.1
Brigade Hotel,BRIGHOTEL,Leisure Services,Hotels & Resorts,59.19
Bright Brothers,BRIGHTBR,Industrial Products,Plastic Products - Industrial,254.8
Brightcom Group,BCG,IT - Services,IT Enabled Services,8.98
Britannia Inds.,BRITANNIA,Food Products,Packaged Foods,5101.5
Brookfield India,BIRET,Realty,Real Estate Investment Trusts (REITs),341.79
Brooks Lab.,BROOKS,Pharmaceuticals & Biotechnology,Pharmaceuticals,66.07
BSE,BSE,Capital Markets,Exchange and Data Platform,3409.8
BSL,BSL,Textiles & Apparels,Other Textile Products,123.58
Bulkcorp Inter.,BULKCORP,Industrial Products,Packaging,78
Burnpur Cement,BURNPUR,Cement & Cement Products,Cement & Cement Products,21.56
Butterfly Gan Ap,BUTTERFLY,Consumer Durables,Household Appliances,624.85
C C C L,CCCL,Realty,"Residential, Commercial Projects",14.27
C D S L,CDSL,Capital Markets,"Depositories, Clearing Houses and Other Intermediaries",1394.6
C K K Retail,CKKRETAIL,Agricultural Food & other Products,Sugar,151
C P C L,CHENNPETRO,Petroleum Products,Refineries & Marketing,1452.2
C P S Shapers,CPS,Textiles & Apparels,Garments & Apparels,1130
C.E. Info System,MAPMYINDIA,IT - Software,Software Products,972.2
C2C Advanced,C2C,Aerospace & Defense,Aerospace & Defense,221.8
Cadsys (India),CADSYS,Commercial Services & Supplies,Business Process Outsourcing (BPO)/ Knowledge Process Outsourcing (KPO),46.45
Caliber Mining,CMLL,Consumable Fuels,Coal,503.05
California Soft.,CALSOFT,IT - Software,Computers - Software & Consulting,40.98
Cambridge Tech.,CTE,IT - Software,Computers - Software & Consulting,41.82
Camlin Fine,CAMLINFINE,Chemicals & Petrochemicals,Specialty Chemicals,103.13
Campus Activewe.,CAMPUS,Consumer Durables,Footwear,223.24
Cams Services,CAMS,Capital Markets,"Depositories, Clearing Houses and Other Intermediaries",748.8
Can Fin Homes,CANFINHOME,Finance,Housing Finance Company,807.4
Canara Bank,CANBK,Banks,Public Sector Bank,125.5
Canara HSBC,CANHLIFE,Insurance,Life Insurance,157.23
Canara Robeco,CRAMC,Capital Markets,Asset Management Company,251.5
Canarys Automa.,CANARYS,IT - Software,Computers - Software & Consulting,26.1
Cantabil Retail,CANTABIL,Textiles & Apparels,Garments & Apparels,243.05
Capacit'e Infra.,CAPACITE,Construction,Civil Construction,216.22
Capillary Tech.,CAPILLARY,IT - Software,Software Products,490.05
Capital India,CIFL,Finance,Non Banking Financial Company (NBFC),19.98
Capital Infra,CAPINVIT,Construction,Civil Construction,76.64
Capital Small,CAPITALSFB,Banks,Other Bank,280.95
Capital Trust,CAPTRUST,Finance,Non Banking Financial Company (NBFC),20.04
Caplin Point Lab,CAPLIPOINT,Pharmaceuticals & Biotechnology,Pharmaceuticals,2810.8
Capri Global,CGCL,Finance,Non Banking Financial Company (NBFC),279.9
Captain Polyplas,CPL,Industrial Products,Plastic Products - Industrial,62.11
Carborundum Uni.,CARBORUNIV,Industrial Products,Abrasives & Bearings,1130.6
CARE Ratings,CARERATING,Capital Markets,Ratings,1738.2
Career Point Edu,CPEDU,Other Consumer Services,Education,191.97
Carraro India,CARRARO,Auto Components,Auto Components & Equipments,533.65
Cartrade Tech,CARTRADE,Retailing,E-Retail/ E-Commerce,3000.2
Carysil,CARYSIL,Consumer Durables,Household Appliances,1140.8
Cash UR Drive,CUDML,Media,Advertising & Media Agencies,105.2
Castrol India,CASTROLIND,Petroleum Products,Lubricants,190.27
CCL Products,CCL,Agricultural Food & other Products,Tea & Coffee,1106.2
CEAT,CEATLTD,Auto Components,Tyres & Rubber Products,3333.2
Cedaar Textile,CEDAAR,Textiles & Apparels,Other Textile Products,13.6
Ceigall India,CEIGALL,Construction,Civil Construction,355.8
Ceinsys Tech,CEINSYS,IT - Software,Computers - Software & Consulting,677.85
Celebrity Fash.,CELEBRITY,Textiles & Apparels,Garments & Apparels,6.8
Cell Point,CELLPOINT,Retailing,Speciality Retail,16.3
Cellecor Gadgets,CELLECOR,Consumer Durables,Consumer Electronics,32.85
Cello World,CELLO,Consumer Durables,Houseware,342
Cemindia Project,CEMPRO,Construction,Civil Construction,1297.4
Central Bank,CENTRALBK,Banks,Public Sector Bank,31.08
Central Mine Pla,CMPDI,Construction,Civil Construction,243.92
Centrum Capital,CENTRUM,Finance,Other Financial Services,22.55
Centum Electron,CENTUM,Aerospace & Defense,Aerospace & Defense,3767.3
Century Enka,CENTENKA,Textiles & Apparels,Other Textile Products,608.9
Century Extrus.,CENTEXT,Industrial Products,"Aluminium, Copper & Zinc Products",20.19
Century Plyboard,CENTURYPLY,Consumer Durables,Plywood Boards/ Laminates,748.45
Cera Sanitary.,CERA,Consumer Durables,Sanitary Ware,5787.5
Cerebra Integr.,CEREBRAINT,IT - Hardware,Computers Hardware & Equipments,2.69
CESC,CESC,Power,Integrated Power Utilities,146.5
CG Power & Ind,CGPOWER,Electrical Equipment,Heavy Electrical Equipment,891
CG-VAK Software,CGVAK,IT - Software,Computers - Software & Consulting,148.21
Chalet Hotels,CHALET,Leisure Services,Hotels & Resorts,896.75
Chaman Metallics,CMNL,Ferrous Metals,Sponge Iron,115.75
Chamanlal Setia,CLSEL,Agricultural Food & other Products,Other Agricultural Products,301.9
Chambal Fert.,CHAMBLFERT,Fertilizers & Agrochemicals,Fertilizers,419.05
Chamunda Ele.,CHAMUNDA,Commercial Services & Supplies,Diversified Commercial Services,43.35
Chandan Healthca,CHANDAN,Healthcare Services,Healthcare Service Provider,211.5
Chavda Infra Ltd,CHAVDA,Construction,Civil Construction,124.5
Chembond Chemic.,CHEMBONDCH,Chemicals & Petrochemicals,Specialty Chemicals,254.45
Chembond Materi.,CHEMBOND,Chemicals & Petrochemicals,Specialty Chemicals,170.9
Chemcon Special.,CHEMCON,Chemicals & Petrochemicals,Specialty Chemicals,198.38
Chemcrux Enterp.,CHEMCRUX,Chemicals & Petrochemicals,Specialty Chemicals,82.16
Chemfab Alka.,CHEMFAB,Chemicals & Petrochemicals,Commodity Chemicals,360.1
Chemplast Sanmar,CHEMPLASTS,Chemicals & Petrochemicals,Specialty Chemicals,170.29
Chetana Educa.,CHETANA,Printing & Publication,Printing & Publication,43.65
Cheviot Company,CHEVIOT,"Paper, Forest & Jute Products",Jute & Jute Products,1159.4
Choice Intl.,CHOICEIN,Finance,Holding Company,760.95
Chola Financial,CHOLAHLDNG,Finance,Investment Company,1525.7
Cholaman.Inv.&Fn,CHOLAFIN,Finance,Non Banking Financial Company (NBFC),1839
CIE Automotive,CIEINDIA,Auto Components,Auto Components & Equipments,385.35
Cineline India,CINELINE,Entertainment,"Film Production, Distribution & Exhibition",95.23
Cinevista,CINEVISTA,Realty,"Residential, Commercial Projects",14.24
Cipla,CIPLA,Pharmaceuticals & Biotechnology,Pharmaceuticals,1385
Citius Transnet,CITIUSINVT,Transport Infrastructure,"Road AssetsToll, Annuity, Hybrid-Annuity",116.37
City Union Bank,CUB,Banks,Private Sector Bank,236.01
CL Educate,CLEDUCATE,Other Consumer Services,Education,58.08
Classic Electrod,CLASSICEIL,Industrial Products,Other Industrial Products,54.95
Clay Craft India,CLAYCRAFT,Consumer Durables,Houseware,159.4
CLC Industries,CLCIND,Textiles & Apparels,Other Textile Products,47.48
Clean Max Enviro,CLEANMAX,Power,Power Generation,1347.9
Clean Science,CLEAN,Chemicals & Petrochemicals,Specialty Chemicals,836.15
Clear Secured,CSSL,Commercial Services & Supplies,Diversified Commercial Services,91.65
CMR Green Tech.,CMRGREEN,Industrial Products,"Aluminium, Copper & Zinc Products",228.34
CMS Info Systems,CMSINFO,Commercial Services & Supplies,Diversified Commercial Services,243.46
Coal India,COALINDIA,Consumable Fuels,Coal,415.35
Coastal Corporat,COASTCORP,Food Products,Seafood,41.88
Cochin Shipyard,COCHINSHIP,Industrial Manufacturing,Ship Building & Allied Services,1499.1
Coffee Day Enter,COFFEEDAY,Leisure Services,Restaurants,32.86
Coforge,COFORGE,IT - Software,Computers - Software & Consulting,1972.8
Cohance Life,COHANCE,Pharmaceuticals & Biotechnology,Pharmaceuticals,456.6
Colgate-Palmoliv,COLPAL,Personal Products,Personal Care,1829.2
Comfort Intech,COMFINTE,Beverages,Breweries & Distilleries,6.21
Commerl. Synbags,COMSYN,Industrial Products,Packaging,301.3
Committed Cargo,COMMITTED,Transport Services,Logistics Solution Provider,345
Competent Auto,COMPEAU,Automobiles,Auto Dealer,371.8
Compucom Soft.,COMPUSOFT,Other Consumer Services,Education,13.02
Concord Biotech,CONCORDBIO,Pharmaceuticals & Biotechnology,Pharmaceuticals,1417.1
Concord Enviro,CEWATER,Other Utilities,Waste Management,262.55
Confidence Fut.,CFEL,Commercial Services & Supplies,Trading & Distributors,32.48
Confidence Petro,CONFIPET,Gas,LPG/CNG/PNG/LNG Supplier,82.48
Connplex Cinemas,CONNPLEX,Entertainment,"Film Production, Distribution & Exhibition",244.45
Cons. Finvest,CONSOFINVT,Finance,Non Banking Financial Company (NBFC),288.3
Container Corpn.,CONCOR,Transport Services,Logistics Solution Provider,508
Continental Seed,CONTI,Commercial Services & Supplies,Trading & Distributors,11.1
Control Print,CONTROLPR,IT - Hardware,Computers Hardware & Equipments,593.35
Cool Caps,COOLCAPS,Industrial Products,Packaging,24.5
Coral India Fin.,CORALFINAC,Commercial Services & Supplies,Diversified Commercial Services,33.47
Cords Cable,CORDSCABLE,Industrial Products,Cables - Electricals,317
Coromandel Inter,COROMANDEL,Fertilizers & Agrochemicals,Fertilizers,1938.8
Corona Remedies,CORONA,Pharmaceuticals & Biotechnology,Pharmaceuticals,2100.1
Cosmo First,COSMOFIRST,Industrial Products,Packaging,919.85
Country Club Hos,CCHHL,Leisure Services,Hotels & Resorts,12.61
Country Condo,COUNCODOS,Realty,"Residential, Commercial Projects",6.45
CP Capital,CPCAP,Finance,Non Banking Financial Company (NBFC),128.33
Craftsman Auto,CRAFTSMAN,Auto Components,Auto Components & Equipments,11398
Cravatex,CRAVATEX,Commercial Services & Supplies,Trading & Distributors,329.5
Crayons Advertis,CRAYONS,Media,Advertising & Media Agencies,25.1
Creative Eye,CREATIVEYE,Entertainment,Media & Entertainment,6.19
Creative Graphic,CGRAPHICS,Industrial Products,Other Industrial Products,147.6
Creative Newtech,CNL,Commercial Services & Supplies,Trading & Distributors,1215.5
Credent Connect N Care,CREDENT,Commercial Services & Supplies,Diversified Commercial Services,317.7
CreditAcc. Gram.,CREDITACC,Finance,Microfinance Institutions,1443.1
Credo Brands,MUFTI,Retailing,Speciality Retail,75.23
Cressanda Railwa,CRSL,IT - Services,IT Enabled Services,2.73
Crest Ventures,CREST,Finance,Non Banking Financial Company (NBFC),359
CRISIL,CRISIL,Finance,Other Financial Services,4802
Crizac,CRIZAC,Retailing,Internet & Catalogue Retail,160.29
Crompton Gr. Con,CROMPTON,Consumer Durables,Household Appliances,232.4
Crop Life Scienc,CLSL,Fertilizers & Agrochemicals,Pesticides & Agrochemicals,87.25
Crown Lifters,CROWN,Industrial Manufacturing,Industrial Products,112.84
CSB Bank,CSBBANK,Banks,Private Sector Bank,328.55
CSL Finance,CSLFINANCE,Finance,Non Banking Financial Company (NBFC),251.77
CSM Technologies,CSM,IT - Software,Computers - Software & Consulting,94.36
Cube Highways,CUBEINVIT,Transport Infrastructure,"Road AssetsToll, Annuity, Hybrid-Annuity",157.5
Cubex Tubings,CUBEXTUB,Industrial Products,"Aluminium, Copper & Zinc Products",76.8
Cummins India,CUMMINSIND,Industrial Products,"Compressors, Pumps & Diesel Engines",5035
Cupid,CUPID,Personal Products,Personal Care,283.15
Cura Tech.,CURAA,IT - Software,Computers - Software & Consulting,72.46
Curis Lifescien.,CURIS,Pharmaceuticals & Biotechnology,Pharmaceuticals,151.35
Current Infra.,CURRENT,Construction,Civil Construction,85
Cyber Media Ind,CYBERMEDIA,Media,Electronic Media,26.4
Cyber Media Res.,CMRSL,Media,Advertising & Media Agencies,73.15
Cybertech Sys.,CYBERTECH,IT - Software,Computers - Software & Consulting,133.36
Cyient,CYIENT,IT - Services,IT Enabled Services,1101.8
Cyient DLM,CYIENTDLM,Aerospace & Defense,Aerospace & Defense,856.95
D B Corp,DBCORP,Media,Print Media,195.65
D P Wires,DPWIRES,Industrial Products,Iron & Steel Products,154.62
D S Kulkarni Dev,DSKULKARNI,Realty,"Residential, Commercial Projects",19.42
D-Link India,DLINKINDIA,IT - Hardware,Computers Hardware & Equipments,451.15
D.K. Enterprises,DKEGL,Industrial Products,Packaging,65.25
D.P. Abhushan,DPABHUSHAN,Consumer Durables,"Gems, Jewellery And Watches",1414.2
Dabur India,DABUR,Personal Products,Personal Care,380.9
Dai-ichi Karkari,DAICHI,Chemicals & Petrochemicals,Specialty Chemicals,364.8
Dalmia Bharat,DALMIASUG,Agricultural Food & other Products,Sugar,438.55
Dalmia BharatLtd,DALBHARAT,Cement & Cement Products,Cement & Cement Products,1749.3
Dam Capital Advi,DAMCAPITAL,Capital Markets,Stockbroking & Allied,144.9
Damodar Indust.,DAMODARIND,Textiles & Apparels,Other Textile Products,28.45
Dangee Dums,DANGEE,Food Products,Packaged Foods,2.94
Danish Power,DANISH,Electrical Equipment,Heavy Electrical Equipment,854.1
Dar Credit & Cap,DCCL,Finance,Non Banking Financial Company (NBFC),43
Data Pattern,DATAPATTNS,Aerospace & Defense,Aerospace & Defense,4585
Datamatics Glob.,DATAMATICS,IT - Services,IT Enabled Services,764.9
Davangere Sugar,DAVANGERE,Diversified FMCG,Diversified FMCG,1.96
DB Intl.Stock,DBSTOCKBRO,Capital Markets,Stockbroking & Allied,28.63
DC Infotech,DCI,IT - Hardware,Computers Hardware & Equipments,350.55
DCB Bank,DCBBANK,Banks,Private Sector Bank,220.74
DCG Cables,DCG,Industrial Products,Cables - Electricals,68.8
DCM,DCM,IT - Services,IT Enabled Services,77.01
DCM Financial,DCMFINSERV,Finance,Investment Company,5.2
DCM Nouvelle,DCMNVL,Textiles & Apparels,Other Textile Products,184.96
DCM Shriram,DCMSHRIRAM,Diversified,Diversified,1020.9
DCM Shriram Fine Chemicals,DSFCL,Chemicals & Petrochemicals,Specialty Chemicals,25.81
DCM Shriram Inds,DCMSRIND,Agricultural Food & other Products,Sugar,44.91
DCM Shriram Intl,DCMSIL,Textiles & Apparels,Other Textile Products,68.76
DCW,DCW,Chemicals & Petrochemicals,Petrochemicals,45.98
DCX Systems,DCXINDIA,Aerospace & Defense,Aerospace & Defense,168.83
DDev Plastiks,DDEVPLSTIK,Chemicals & Petrochemicals,Specialty Chemicals,273
De Neers Tools,DENEERS,Industrial Products,Iron & Steel Products,172.3
DE Nora India,DENORA,Industrial Products,Electrodes & Refractories,812.3
Debock Industrie,DIL,Leisure Services,Hotels & Resorts,0.65
Dec.Gold Mines,DECNGOLD,Non - Ferrous Metals,Precious Metals,213.87
Deccan Cements,DECCANCE,Cement & Cement Products,Cement & Cement Products,569.75
Deccan Transcon,DECCANTRAN,Transport Services,Logistics Solution Provider,20
DEE Development,DEEDEV,Industrial Manufacturing,Industrial Products,658.25
Deem Roll-Tech,DEEM,Industrial Products,Iron & Steel Products,42.3
Deep Industries,DEEPINDS,Oil,Oil Equipment & Services,786.45
Deep Polymers,DEEP,Chemicals & Petrochemicals,Specialty Chemicals,35
Deepak Builders,DBEIL,Construction,Civil Construction,6.43
Deepak Fertilis.,DEEPAKFERT,Chemicals & Petrochemicals,Commodity Chemicals,1362.1
Deepak Nitrite,DEEPAKNTR,Chemicals & Petrochemicals,Specialty Chemicals,1712.4
Delaplex,DELAPLEX,IT - Software,Computers - Software & Consulting,100
Delhivery,DELHIVERY,Transport Services,Logistics Solution Provider,457.9
Delphi World,DELPHIFX,Finance,Other Financial Services,6.04
Delta Auto.,DELTIC,Automobiles,2/3 Wheelers,35.35
Delta Corp,DELTACORP,Leisure Services,Amusement Parks/ Other Recreation,56.12
Delta Manufact.,DELTAMAGNT,Industrial Products,Other Industrial Products,58.4
Den Networks,DEN,Entertainment,TV Broadcasting & Software Production,27.97
Denta Water,DENTA,Other Utilities,Water Supply & Management,275.35
Destiny Logistic,DESTINY,Transport Services,Logistics Solution Provider,100.65
Dev Accele.,DEVX,Commercial Services & Supplies,Diversified Commercial Services,33.29
Dev Information,DEVIT,IT - Services,IT Enabled Services,24.21
Devyani Intl.,DEVYANI,Leisure Services,Restaurants,139.28
Dhabriya Poly.,DHABRIYA,Industrial Products,Plastic Products - Industrial,503.45
Dhampur Bio,DBOL,Agricultural Food & other Products,Sugar,124.99
Dhampur Sugar,DHAMPURSUG,Agricultural Food & other Products,Sugar,167.59
Dhanlaxmi Bank,DHANBANK,Banks,Private Sector Bank,31.86
Dhanlaxmi Crop,DHANLAXMI,Agricultural Food & other Products,Other Agricultural Products,25
Dhansa Labs,DHANSA,Fertilizers & Agrochemicals,Pesticides & Agrochemicals,28.1
Dhanuka Agritech,DHANUKA,Fertilizers & Agrochemicals,Pesticides & Agrochemicals,1010.65
Dhara Rail Pro.,DHARARAIL,Commercial Services & Supplies,Diversified Commercial Services,136.6
Dharan Infra-EPC,DHARAN,Realty,"Residential, Commercial Projects",0.13
Dhariwalcorp,DHARIWAL,Chemicals & Petrochemicals,Trading - Chemicals,24
Dharmaj Crop,DHARMAJ,Fertilizers & Agrochemicals,Pesticides & Agrochemicals,270.05
Dhatre Udyog,DHATRE,Industrial Products,Iron & Steel Products,4.33
Dhoot Transmission,DHOOTTRANS,Auto Components,Auto Components & Equipments,1615.7
Dhruv Consultanc,DHRUV,Commercial Services & Supplies,Consulting Services,22.32
Dhunseri Invest.,DHUNINV,Finance,Non Banking Financial Company (NBFC),1019.15
Dhunseri Tea,DTIL,Agricultural Food & other Products,Tea & Coffee,150.64
Dhunseri Vent.,DVL,Industrial Products,Packaging,290.05
Diamines & Chem.,DIAMINESQ,Chemicals & Petrochemicals,Specialty Chemicals,240.99
Diamond Power,DIACABS,Electrical Equipment,Other Electrical Equipment,331.8
DIC India,DICIND,Chemicals & Petrochemicals,Printing Inks,618.6
Diensten Tech,DTL,Commercial Services & Supplies,Diversified Commercial Services,128
Diffusion Eng,DIFFNKG,Industrial Products,Other Industrial Products,474.9
Digicontent,DGCONTENT,Media,Advertising & Media Agencies,24.83
Digidrive Dist.,DIGIDRIVE,Retailing,E-Retail/ E-Commerce,17.65
Digikore Studios,DIGIKORE,Entertainment,Media & Entertainment,40.1
DigiSpice Tech.,DIGISPICE,IT - Services,IT Enabled Services,16.98
Digitide Solutio,DIGITIDE,IT - Services,IT Enabled Services,97.01
Digjam,DIGJAMLMTD,Textiles & Apparels,Other Textile Products,49.96
Diligent Media,DNAMEDIA,Media,Electronic Media,2.63
Dilip Buildcon,DBL,Construction,Civil Construction,401
Disa India,DISAQ,Industrial Manufacturing,Industrial Products,11990
Dish TV India,DISHTV,Entertainment,TV Broadcasting & Software Production,2.57
Dishman Carbogen,DCAL,Pharmaceuticals & Biotechnology,Pharmaceuticals,174.38
Divgi Torq,DIVGIITTS,Auto Components,Auto Components & Equipments,1235.8
Divi's Lab.,DIVISLAB,Pharmaceuticals & Biotechnology,Pharmaceuticals,9100
Divine Hira Jew.,DIVINEHIRA,Consumer Durables,"Gems, Jewellery And Watches",109.45
Divine Power,DPEL,Industrial Products,Cables - Electricals,578.75
Divyadhan Recy.,DIVYADHAN,Textiles & Apparels,Other Textile Products,44.9
Dixon Technolog.,DIXON,Consumer Durables,Consumer Electronics,14240
DJ Mediaprint,DJML,Transport Services,Logistics Solution Provider,75.64
DLF,DLF,Realty,"Residential, Commercial Projects",681.9
DMCC Speciality,DMCC,Chemicals & Petrochemicals,Specialty Chemicals,293.35
Docmode Health,DHTL,Other Consumer Services,E-Learning,32.6
Dodla Dairy,DODLA,Food Products,Dairy Products,1066.8
Dolat Algotech,DOLATALGO,Capital Markets,Stockbroking & Allied,70.91
Dollar Industrie,DOLLAR,Textiles & Apparels,Garments & Apparels,264.25
Dollex Agrotech,DOLLEX,Agricultural Food & other Products,Sugar,36.8
Dolphin Offshore,DOLPHIN,Oil,Offshore Support Solution Drilling,674
DOMS Industries,DOMS,Household Products,Stationary,2208.7
Donear Inds.,DONEAR,Textiles & Apparels,Other Textile Products,92.25
Dr Agarwal's Eye,DRAGARWQ,Healthcare Services,Hospital,5422.5
Dr Agarwal's Hea,AGARWALEYE,Healthcare Services,Hospital,514.1
Dr Lal Pathlabs,LALPATHLAB,Healthcare Services,Healthcare Service Provider,1877.5
Dr Reddy's Labs,DRREDDY,Pharmaceuticals & Biotechnology,Pharmaceuticals,1151
DRC Systems,DRCSYSTEMS,IT - Software,Computers - Software & Consulting,13.64
Dreamfolks Servi,DREAMFOLKS,Transport Infrastructure,Airport & Airport services,66.93
Dredging Corpn.,DREDGECORP,Engineering Services,Dredging,1087.7
Drone Destinatio,DRONE,Other Consumer Services,Education,33.5
DRS Dilip Road,DRSDILIP,Transport Services,Logistics Solution Provider,107
DSJ Keep Learn,KEEPLEARN,Other Consumer Services,Education,1.87
DU Digital,DUGLOBAL,Leisure Services,"Tour, Travel Related Services",25.55
Ducol Organics,DUCOL,Chemicals & Petrochemicals,Dyes And Pigments,108
Ducon Tech,DUCON,Industrial Manufacturing,Industrial Products,1.92
Durlax Top,DURLAX,Consumer Durables,"Furniture, Home Furnishing",64.5
Dwarikesh Sugar,DWARKESH,Agricultural Food & other Products,Sugar,47.31
Dynacons Sys.,DSSL,IT - Services,IT Enabled Services,1053.1
Dynamatic Tech.,DYNAMATECH,Industrial Manufacturing,Industrial Products,11654
Dynamic Cables,DYCL,Industrial Products,Cables - Electricals,487.9
Dynamic Services,DYNAMIC,Commercial Services & Supplies,Diversified Commercial Services,146.3
Dynemic Products,DYNPRO,Chemicals & Petrochemicals,Specialty Chemicals,236.06
E Factor Experie,EFACTOR,Other Consumer Services,Other Consumer Services,173
E to E Transportation,E2ERAIL,Construction,Civil Construction,353.1
E2E Networks,E2E,IT - Services,IT Enabled Services,601.55
East WestFreight,EASTWEST,Transport Services,Logistics Solution Provider,2.36
Easy Trip Plann.,EASEMYTRIP,Leisure Services,"Tour, Travel Related Services",6
Ebix,EBIX,Automobiles,2/3 Wheelers,20.28
eClerx Services,ECLERX,Commercial Services & Supplies,Business Process Outsourcing (BPO)/ Knowledge Process Outsourcing (KPO),1905.7
Eco Recyc.,ECORECO,Other Utilities,Waste Management,459.35
Ecoline Exim,ECOLINE,Industrial Products,Packaging,180.35
Ecos (India),ECOSMOBLTY,Transport Services,Road Transport,113.54
Edelweiss.Fin.,EDELWEISS,Finance,Holding Company,136.08
Educomp Sol.,EDUCOMP,Other Consumer Services,Education,0.9
EFC (I),EFCIL,Commercial Services & Supplies,Diversified Commercial Services,193.24
Effwa Infra,EFFWA,Other Utilities,Waste Management,360
Eicher Motors,EICHERMOT,Automobiles,2/3 Wheelers,7630.5
EID Parry,EIDPARRY,Food Products,Other Food Products,781.35
EIH,EIHOTEL,Leisure Services,Hotels & Resorts,291.9
EIH Assoc.Hotels,EIHAHOTELS,Leisure Services,Hotels & Resorts,297.65
Eimco Elecon(I),EIMCOELECO,Industrial Manufacturing,Industrial Products,2254.4
EKI Energy,EKI,Commercial Services & Supplies,Consulting Services,74.13
Elantas Beck,ELANTAS,Chemicals & Petrochemicals,Specialty Chemicals,12219
Elcid Investment,ELCIDIN,Finance,Investment Company,107590
Eldeco Housing,ELDEHSG,Realty,"Residential, Commercial Projects",789.1
Elecon Engg.Co,ELECON,Electrical Equipment,Heavy Electrical Equipment,433.75
Electro Force,EFORCE,Electrical Equipment,Other Electrical Equipment,20.05
Electronics Mart,EMIL,Retailing,Diversified Retail,173.74
Electrost.Cast.,ELECTCAST,Industrial Products,Iron & Steel Products,83.71
Electrotherm(I),ELECTHERM,Industrial Products,Iron & Steel Products,980.9
Eleganz Interior,ELGNZ,Commercial Services & Supplies,Diversified Commercial Services,87.55
Elgi Equipments,ELGIEQUIP,Industrial Products,"Compressors, Pumps & Diesel Engines",642.1
Elgi Rubber Co,ELGIRUBCO,Industrial Products,Rubber,58.69
Elin Electronics,ELIN,Consumer Durables,Household Appliances,95.4
Elitecon Inter.,ELITECON,Cigarettes & Tobacco Products,Cigarettes & Tobacco Products,8.68
Ellen.Indl.Gas,ELLEN,Chemicals & Petrochemicals,Industrial Gases,331.85
Elpro Internatio,ELPROINTL,Realty,"Residential, Commercial Projects",174
EMA Partners,EMAPARTNER,Commercial Services & Supplies,Diversified Commercial Services,85.35
Emami,EMAMILTD,Personal Products,Personal Care,366.05
Emami Paper,EMAMIPAP,"Paper, Forest & Jute Products",Paper & Paper Products,115.92
Emami Realty Ltd,EMAMIREAL,Realty,"Residential, Commercial Projects",66.74
Embassy Develop,EMBDL,Realty,"Residential, Commercial Projects",57.53
Embassy Off.REIT,EMBASSY,Realty,Real Estate Investment Trusts (REITs),438.69
Emcure Pharma,EMCURE,Pharmaceuticals & Biotechnology,Pharmaceuticals,1927.6
Emerald Tyre,ETML,Auto Components,Tyres & Rubber Products,81.95
Emk.Global Fin.,EMKAY,Capital Markets,Stockbroking & Allied,267.25
Emkay Taps & Cut,EMKAYTOOLS,Industrial Manufacturing,Industrial Products,98
Emkay Tools,ETL,Industrial Manufacturing,Industrial Products,1047
Emmbi Industries,EMMBI,Industrial Products,Packaging,91
Emmvee Photovol.,EMMVEE,Electrical Equipment,Other Electrical Equipment,325.2
Empire Inds.,EMPIND,Diversified,Diversified,1195.6
Empower India,EMPOWER,IT - Software,Computers - Software & Consulting,1.84
EMS,EMSLIMITED,Other Utilities,Waste Management,383.05
eMudhra,EMUDHRA,IT - Services,IT Enabled Services,524.8
Encompass Design,ENCOMPAS,Commercial Services & Supplies,Trading & Distributors,256.8
Endurance Tech.,ENDURANCE,Auto Components,Auto Components & Equipments,2782.8
Energy Devl.Co.,ENERGYDEV,Power,Power Generation,15.49
Energy-Mission,EMMIL,Industrial Manufacturing,Industrial Products,120.1
Enfuse Solutions,ENFUSE,IT - Services,IT Enabled Services,155
Engineers India,ENGINERSIN,Construction,Civil Construction,279.45
Enkei Wheels,ENKEIWHEL,Auto Components,Auto Components & Equipments,389.8
Enser,ENSER,IT - Services,IT Enabled Services,15.3
Ent.Network,ENIL,Entertainment,Media & Entertainment,102.65
Entero Healthcar,ENTERO,Retailing,Pharmacy Retail,1827.6
Enviro Infra,EIEL,Other Utilities,Water Supply & Management,199.17
Envirotech Sys.,ENVIRO,Industrial Products,Other Industrial Products,70.5
Epack Durable,EPACK,Consumer Durables,Household Appliances,189.27
EPack PrefabTech,EPACKPEB,Industrial Manufacturing,Industrial Products,231.11
Epigral,EPIGRAL,Chemicals & Petrochemicals,Specialty Chemicals,1219.7
EPL Ltd,EPL,Industrial Products,Packaging,247.1
Eppeltone Ene.,EEPL,Electrical Equipment,Other Electrical Equipment,139.7
EPW India,EPWINDIA,IT - Hardware,Computers Hardware & Equipments,244.1
Equippp Social,EQUIPPP,IT - Software,Computers - Software & Consulting,22.75
Equitas Sma. Fin,EQUITASBNK,Banks,Other Bank,72.95
ERIS Lifescience,ERIS,Pharmaceuticals & Biotechnology,Pharmaceuticals,1321.7
Esab India,ESABINDIA,Industrial Products,Other Industrial Products,6067.5
ESAF Small Fin,ESAFSFB,Banks,Other Bank,41.41
Esconet,ESCONET,IT - Hardware,Computers Hardware & Equipments,238.6
Escorts Kubota,ESCORTS,"Agricultural, Commercial & Construction Vehicles",Tractors,2968.8
ESDS Software,ESDS,IT - Services,IT Enabled Services,908.4
ESI,EASTSILK,Textiles & Apparels,Other Textile Products,61
Esprit Stones,ESPRIT,Consumer Durables,Granites & Marbles,63
Essar Shipping,ESSARSHPNG,Transport Services,Shipping,17.09
Essen Speciality,ESFL,Consumer Durables,Plastic Products - Consumer,120.75
Ester Industries,ESTER,Industrial Products,Packaging,93.57
Eternal,ETERNAL,Retailing,E-Retail/ E-Commerce,322.75
Ethos,ETHOSLTD,Consumer Durables,"Gems, Jewellery And Watches",2792.8
Eureka Forbes,EUREKAFORB,Consumer Durables,Household Appliances,423.75
Euro India Fresh,EIFFL,Food Products,Packaged Foods,273.05
Euro Panel,EUROBOND,Industrial Products,"Aluminium, Copper & Zinc Products",151
Euro Pratik Sale,EUROPRATIK,Consumer Durables,"Furniture, Home Furnishing",263.75
Eurotex Industri,EUROTEXIND,Textiles & Apparels,Other Textile Products,13.73
Eveready Inds.,EVEREADY,Household Products,Household Products,317.9
Everest Inds.,EVERESTIND,Other Construction Materials,Other Construction Materials,423.9
Everest Kanto,EKC,Industrial Manufacturing,Industrial Products,106.42
Excel Industries,EXCELINDUS,Chemicals & Petrochemicals,Specialty Chemicals,1031.4
Excellent Wires,EXCELLENT,Industrial Products,Other Industrial Products,209.5
Excelsoft Tech.,EXCELSOFT,IT - Services,IT Enabled Services,70.23
Exicom Tele-Sys.,EXICOM,Electrical Equipment,Heavy Electrical Equipment,177.85
Exide Inds.,EXIDEIND,Auto Components,Auto Components & Equipments,424.35
Exim Routes,EXIMROUTES,"Paper, Forest & Jute Products",Paper & Paper Products,107.1
Expleo Solutions,EXPLEOSOL,IT - Services,IT Enabled Services,899
Exxaro Tiles,EXXARO,Consumer Durables,Ceramics,6.59
F A C T,FACT,Fertilizers & Agrochemicals,Fertilizers,801.4
Faalcon Concepts,FAALCON,Industrial Manufacturing,Industrial Products,43.78
Fabtech Tech.,FABTECH,Healthcare Services,"Healthcare Research, Analytics & Technology",150.2
Fairchem Organic,FAIRCHEMOR,Chemicals & Petrochemicals,Specialty Chemicals,660.25
Falcon,FALCONTECH,Commercial Services & Supplies,Diversified Commercial Services,12.45
Fascinate Textiles,FASCINATE,Textiles & Apparels,Garments & Apparels,72.55
Faze Three,FAZE3Q,Textiles & Apparels,Other Textile Products,493.95
FCS Software,FCSSOFT,IT - Services,IT Enabled Services,1.45
FDC,FDC,Pharmaceuticals & Biotechnology,Pharmaceuticals,342.8
Fedbank Financi.,FEDFINA,Finance,Non Banking Financial Company (NBFC),161.56
Fedders Holding,FEDDERSHOL,Finance,Non Banking Financial Company (NBFC),47.28
Federal Bank,FEDERALBNK,Banks,Private Sector Bank,343
Federal-Mogul Go,FMGOETZE,Auto Components,Auto Components & Equipments,501.45
Felix Industries,FELIX,Other Utilities,Water Supply & Management,210.2
Fermenta Biotec.,FERMENTA,Pharmaceuticals & Biotechnology,Pharmaceuticals,498.5
Fiberweb (India),FIBERWEB,Textiles & Apparels,Other Textile Products,25.75
Fidel Softech,FIDEL,IT - Software,Computers - Software & Consulting,142
Fiem Industries,FIEMIND,Auto Components,Auto Components & Equipments,2085.8
Filatex Fash.,FILATFASH,Textiles & Apparels,Garments & Apparels,0.18
Filatex India,FILATEX,Textiles & Apparels,Other Textile Products,77.72
Finbud Financial,FINBUD,Financial Technology (Fintech),Financial Technology (Fintech),133
Fine Organic,FINEORG,Chemicals & Petrochemicals,Specialty Chemicals,5152
Fineotex Chem,FCL,Chemicals & Petrochemicals,Specialty Chemicals,51.51
Finkurve Fin.,FINKURVE,Finance,Non Banking Financial Company (NBFC),72.31
Fino Payments,FINOPB,Banks,Other Bank,139.33
Finolex Cables,FINCABLES,Industrial Products,Cables - Electricals,1220.2
Finolex Inds.,FINPIPE,Industrial Products,Plastic Products - Industrial,158.63
Firstsour.Solu.,FSL,Commercial Services & Supplies,Business Process Outsourcing (BPO)/ Knowledge Process Outsourcing (KPO),264.4
Fischer Medical,FISCHER,Healthcare Equipment & Supplies,Medical Equipment & Supplies,36.04
Five-Star Bus.Fi,FIVESTAR,Finance,Non Banking Financial Company (NBFC),523.05
Flair Writing,FLAIR,Household Products,Stationary,243.71
FlySBS Aviation,FLYSBS,Transport Services,Airline,635.6
Flywings Simula.,FWSTC,Other Consumer Services,Education,175.15
Foce India,FOCE,Consumer Durables,"Gems, Jewellery And Watches",487
Focus Lighting,FOCUS,Consumer Durables,Consumer Electronics,63.37
Fonebox Retail,FONEBOX,Retailing,Speciality Retail,100
Foods & Inns,FOODSIN,Food Products,Packaged Foods,57.37
Forcas Studio,FORCAS,Textiles & Apparels,Garments & Apparels,237.05
Force Motors,FORCEMOT,Automobiles,Passenger Cars & Utility Vehicles,17500
Forge Auto,FORGEAUTO,Auto Components,Auto Components & Equipments,105
Fortis Health.,FORTIS,Healthcare Services,Hospital,905
Foseco India,FOSECOIND,Chemicals & Petrochemicals,Specialty Chemicals,6263
Fractal Analyt.,FRACTAL,IT - Software,Computers - Software & Consulting,825.45
Fredun Pharma,FREDUN,Pharmaceuticals & Biotechnology,Pharmaceuticals,1470.7
Freshara Agro,FRESHARA,Food Products,Other Food Products,425.7
Frog Innovations,FROG,Telecom -  Equipment & Accessories,Telecom -  Equipment & Accessories,257.65
Frontier Springs,FRONTSP,Auto Components,Auto Components & Equipments,1291.8
FSN E-Commerce,NYKAA,Retailing,E-Retail/ E-Commerce,332.5
Fujiyama Power,UTLSOLAR,Electrical Equipment,Other Electrical Equipment,429.75
Fusion Finance,FUSION,Finance,Microfinance Institutions,203.19
Future Consumer,FCONSUMER,Retailing,Diversified Retail,0.22
Future Enterp.,FEL,Retailing,Diversified Retail,0.38
Future Lifestyle,FLFL,Retailing,Diversified Retail,1.25
Future Market,FMNL,Commercial Services & Supplies,Diversified Commercial Services,10.1
G M Breweries,GMBREW,Beverages,Breweries & Distilleries,919.85
G M D C,GMDCLTD,Minerals & Mining,Industrial Minerals,562.95
G N F C,GNFC,Chemicals & Petrochemicals,Commodity Chemicals,596.7
G R Infraproject,GRINFRA,Construction,Civil Construction,869.1
G S F C,GSFC,Fertilizers & Agrochemicals,Fertilizers,162.88
G-Tec Janix,GTECJAINX,Other Consumer Services,E-Learning,29.27
Gabriel India,GABRIEL,Auto Components,Auto Components & Equipments,1353.2
GACM Tech,GATECH,Finance,Other Financial Services,0.91
GAIL (India),GAIL,Gas,Gas Transmission/Marketing,173.4
Gaja Alternative Asset,GAJA,Capital Markets,Asset Management Company,161.1
Gajanand Inter.,GAJANAND,Textiles & Apparels,Other Textile Products,8.4
Gala Precis. Eng,GALAPREC,Industrial Manufacturing,Industrial Products,1024
Galaxy Medicare,GML,Healthcare Equipment & Supplies,Medical Equipment & Supplies,17.85
Galaxy Surfact.,GALAXYSURF,Chemicals & Petrochemicals,Specialty Chemicals,2165
Gallantt Ispat L,GALLANTT,Industrial Products,Iron & Steel Products,574
Gandhar Oil Ref.,GANDHAR,Petroleum Products,Lubricants,267.6
Gandhi Spl. Tube,GANDHITUBE,Industrial Products,Iron & Steel Products,900.15
Ganesh Benzopl.,GANESHBE,Oil,Oil Storage & Transportation,123.23
Ganesh Consumer,GANESHCP,Food Products,Packaged Foods,174.46
Ganesh Green,GGBL,Electrical Equipment,Other Electrical Equipment,222.9
Ganesh Housing,GANESHHOU,Realty,"Residential, Commercial Projects",758.95
Ganesh Infra.,GANESHIN,Construction,Civil Construction,99
Ganesha Ecosphe.,GANECOS,Textiles & Apparels,Other Textile Products,999.9
Ganga Bath Fitt.,GANGABATH,Consumer Durables,Sanitary Ware,20.3
Ganga Forging,GANGAFORGE,Industrial Products,Castings & Forgings,1.68
Ganges Securitie,GANGESSECU,Agricultural Food & other Products,Tea & Coffee,118.71
Garden Reach Sh.,GRSE,Aerospace & Defense,Aerospace & Defense,2533.2
Garuda Cons,GARUDA,Construction,Civil Construction,178.73
Garware Hi Tech,GRWRHITECH,Industrial Products,Plastic Products - Industrial,7086.5
Garware Tech.,GARFIBRES,Textiles & Apparels,Other Textile Products,800.55
Gateway Distri,GATEWAY,Transport Services,Logistics Solution Provider,54.69
Gaudium IVF,GAUDIUMIVF,Healthcare Services,Healthcare Service Provider,116.43
Gayatri Highways,GAYAHWS,Transport Infrastructure,"Road AssetsToll, Annuity, Hybrid-Annuity",1.93
Gayatri Projects,GAYAPROJ,Construction,Civil Construction,21.76
Gayatri Rubbers,GRCL,Industrial Products,Rubber,575
GE Power,GVPIL,Electrical Equipment,Heavy Electrical Equipment,649.6
GE Shipping Co,GESHIP,Transport Services,Shipping,1369.7
GE Vernova T&D,GVT&D,Electrical Equipment,Heavy Electrical Equipment,4306.3
GeeCee Vent.,GEECEE,Realty,"Residential, Commercial Projects",366.2
Geekay Wires,GEEKAYWIRE,Industrial Products,Iron & Steel Products,29.61
Gem Aromatics,GEMAROMA,Chemicals & Petrochemicals,Specialty Chemicals,161.5
General Insuranc,GICRE,Insurance,General Insurance,358.45
Generic Engineer,GENCON,Realty,"Residential, Commercial Projects",44.63
Genesys Intl.,GENESYS,IT - Services,IT Enabled Services,230.88
Gensol Engineer.,GENSOL,Electrical Equipment,Other Electrical Equipment,17.28
Genus Paper & Bo,GENUSPAPER,"Paper, Forest & Jute Products",Paper & Paper Products,12.76
Genus Power,GENUSPOWER,Electrical Equipment,Other Electrical Equipment,337.8
GenXAI Analytics,GENXAI,,,80.3
Geojit Fin. Ser.,GEOJITFSL,Capital Markets,Stockbroking & Allied,82.72
GFL,GFLLIMITED,Finance,Holding Company,62.81
GHCL,GHCL,Chemicals & Petrochemicals,Commodity Chemicals,436.6
GHCL Textiles,GHCLTEXTIL,Textiles & Apparels,Other Textile Products,136.72
GIC Housing Fin,GICHSGFIN,Finance,Housing Finance Company,140.45
Gillanders Arbut,GILLANDERS,Agricultural Food & other Products,Tea & Coffee,103.19
Gillette India,GILLETTE,Personal Products,Personal Care,7312.5
Ginni Filaments,GINNIFILA,Textiles & Apparels,Other Textile Products,42.57
Giriraj Civil,GIRIRAJ,Construction,Civil Construction,74.65
GK Energy,GKENERGY,Construction,Civil Construction,128.96
GKB Ophthalmics,GKB,Healthcare Equipment & Supplies,Medical Equipment & Supplies,63.97
GKW,GKWLIMITED,Finance,Investment Company,1610.9
Gland Pharma,GLAND,Pharmaceuticals & Biotechnology,Pharmaceuticals,2932.4
Glaxosmi. Pharma,GLAXO,Pharmaceuticals & Biotechnology,Pharmaceuticals,2958.1
Glenmark Pharma.,GLENMARK,Pharmaceuticals & Biotechnology,Pharmaceuticals,2437.2
Global Education,GLOBAL,Other Consumer Services,Education,120.45
Global Health,MEDANTA,Healthcare Services,Hospital,1469.8
Global Pet Indus,GLOBALPET,Industrial Manufacturing,Industrial Products,165
Global Surfaces,GSLSU,Consumer Durables,Granites & Marbles,28.37
Global Vectra,GLOBALVECT,Transport Services,Airline,141.16
Globale Tessile,GLOBALE,Textiles & Apparels,Trading - Textile Products,11.39
Globe Civil,GLOBECIVIL,Construction,Civil Construction,48.15
Globe Enterprises,GLOBE,Textiles & Apparels,Other Textile Products,1.89
Globe Intl. Car.,GICL,Transport Services,Logistics Solution Provider,24.6
Globesecure Tech,GSTL,IT - Services,IT Enabled Services,12
Globus Spirits,GLOBUSSPR,Beverages,Breweries & Distilleries,914.3
Gloster Ltd,GLOSTERLTD,"Paper, Forest & Jute Products",Jute & Jute Products,596.5
Glottis,GLOTTIS,Transport Services,Logistics Solution Provider,62.1
GMM Pfaudler,GMMPFAUDLR,Industrial Manufacturing,Industrial Products,1147.9
GMR Airports,GMRAIRPORT,Transport Infrastructure,Airport & Airport services,97.45
GMR Urban,GMRP&UI,Power,Power Generation,95.3
GNA Axles,GNA,Auto Components,Auto Components & Equipments,551.05
GNG Electronics,EBGNG,IT - Hardware,Computers Hardware & Equipments,601.25
Go Digit General,GODIGIT,Insurance,General Insurance,258.3
Go Fashion (I),GOCOLORS,Retailing,Speciality Retail,326.65
Goa Carbon,GOACARBON,Minerals & Mining,Industrial Minerals,378.45
GOCL Corpn.,GOCLCORP,Chemicals & Petrochemicals,Explosives,427.45
Godavari Bioref.,GODAVARIB,Diversified FMCG,Diversified FMCG,241.7
Godawari Power,GPIL,Industrial Products,Iron & Steel Products,240.67
Godfrey Phillips,GODFRYPHLP,Cigarettes & Tobacco Products,Cigarettes & Tobacco Products,2051
Godrej Agrovet,GODREJAGRO,Food Products,Animal Feed,644.85
Godrej Consumer,GODREJCP,Personal Products,Personal Care,878
Godrej Industrie,GODREJIND,Diversified,Diversified,1163.5
Godrej Propert.,GODREJPROP,Realty,"Residential, Commercial Projects",1982
Gokaldas Exports,GOKEX,Textiles & Apparels,Garments & Apparels,789.2
Gokul Agro,GOKULAGRO,Agricultural Food & other Products,Edible Oil,231.17
Gokul Refoils,GOKUL,Agricultural Food & other Products,Edible Oil,42.96
Golden Tobacco,GOLDENTOBC,Realty,"Residential, Commercial Projects",24.96
Goldiam Intl.,GOLDIAM,Consumer Durables,"Gems, Jewellery And Watches",345.3
Goldkart Jewels,GOLDKART,Consumer Durables,"Gems, Jewellery And Watches",102
Goldstar Power,GOLDSTAR,Auto Components,Auto Components & Equipments,7.7
Goodluck India,GOODLUCK,Industrial Products,Iron & Steel Products,472.9
Goodyear India,GOODYEAR,Auto Components,Tyres & Rubber Products,741.5
Gopal Snacks,GOPAL,Food Products,Packaged Foods,265.1
Goyal Aluminiums,GOYALALUM,Commercial Services & Supplies,Trading & Distributors,6.22
Goyal Salt,GOYALSALT,Food Products,Other Food Products,105
GP Eco Solutions,GPECO,Electrical Equipment,Other Electrical Equipment,441.55
GP Petroleums,GULFPETRO,Petroleum Products,Lubricants,65.91
GPT Healthcare,GPTHEALTH,Healthcare Services,Hospital,158.17
GPT Infraproject,GPTINFRA,Construction,Civil Construction,112.1
Grand Continent,GCHOTELS,Leisure Services,Hotels & Resorts,99.85
Grand Foundry,GFSTEELS,Industrial Products,Iron & Steel Products,15
Grand Oak Canyon,GRANDOAK,Finance,Non Banking Financial Company (NBFC),34.84
Granules India,GRANULES,Pharmaceuticals & Biotechnology,Pharmaceuticals,848.3
Graphisads,GRAPHISAD,Media,Advertising & Media Agencies,25.5
Graphite India,GRAPHITE,Industrial Products,Electrodes & Refractories,733.6
Grasim Inds,GRASIM,Cement & Cement Products,Cement & Cement Products,3322
Grauer & Weil,GRAUWEIL,Chemicals & Petrochemicals,Commodity Chemicals,70.59
Graviss Hospital,GRAVISSHO,Leisure Services,Hotels & Resorts,29.4
Gravita India,GRAVITA,Minerals & Mining,Industrial Minerals,1661.6
Greaves Cotton,GREAVESCOT,Industrial Products,"Compressors, Pumps & Diesel Engines",195.56
Greenchef Appli.,GREENCHEF,Consumer Durables,Household Appliances,66.2
Greenlam Industr,GREENLAM,Consumer Durables,Plywood Boards/ Laminates,242.62
Greenleaf Envi.,GREENLEAF,Other Utilities,Waste Management,115
Greenpanel Inds.,GREENPANEL,Consumer Durables,Plywood Boards/ Laminates,158.32
Greenply Industr,GREENPLY,Consumer Durables,Plywood Boards/ Laminates,304.7
Gretex Corporate,GCSL,Capital Markets,Other Capital Market related Services,595.15
Gretex Industrie,GRETEX,Entertainment,Media & Entertainment,237
Grill Splendour,BIRDYS,Leisure Services,Restaurants,86.2
Grindwell Norton,GRINDWELL,Industrial Products,Abrasives & Bearings,1962.5
GRM Overseas,GRMOVER,Agricultural Food & other Products,Other Agricultural Products,87.53
Grob Tea Co,GROBTEA,Agricultural Food & other Products,Tea & Coffee,977.65
Grover Jewells,GJL,Consumer Durables,"Gems, Jewellery And Watches",251
GRP,GRPLTD,Industrial Products,Rubber,2013
GSM Foils,GSMFOILS,Industrial Products,Packaging,111.15
GSP Crop Science,GSPCROP,Fertilizers & Agrochemicals,Pesticides & Agrochemicals,619.25
GSS Infotech,GSS,IT - Services,IT Enabled Services,11.03
GTL,GTL,Telecom - Services,Other Telecom Services,7.11
GTL Infra.,GTLINFRA,Telecom - Services,Telecom - Infrastructure,1.16
GTPL Hathway,GTPL,Entertainment,TV Broadcasting & Software Production,58.67
Gufic BioScience,GUFICBIO,Pharmaceuticals & Biotechnology,Pharmaceuticals,444.9
Guj Apollo Inds,GUJAPOLLO,Industrial Manufacturing,Industrial Products,355.95
Guj Inds. Power,GIPCL,Power,Power Generation,205.18
Guj Pipavav Port,GPPL,Transport Infrastructure,Port & Port services,161.62
Guj. Ambuja Exp,GAEL,Agricultural Food & other Products,Other Agricultural Products,167.81
Guj. Lease Fin.,GLFL,Finance,Other Financial Services,5.8
Guj. Raffia Inds,GUJRAFFIA,Industrial Products,Packaging,41
Guj. Themis Bio.,GUJTHEM,Pharmaceuticals & Biotechnology,Pharmaceuticals,411.35
Guj.Nat.Resour.,GNRL,Oil,Oil Exploration & Production,99.27
Gujarat Alkalies,GUJALKALI,Chemicals & Petrochemicals,Commodity Chemicals,721.6
Gujarat Energy,GUJENERGY,Gas,LPG/CNG/PNG/LNG Supplier,263.59
Gujarat Fluoroch,FLUOROCHEM,Chemicals & Petrochemicals,Specialty Chemicals,4554
Gujarat Kidney,GKSL,Healthcare Services,Hospital,172.81
Gulf Oil Lubric.,GULFOILLUB,Petroleum Products,Lubricants,1067.8
Gulshan Polyols,GULPOLY,Agricultural Food & other Products,Other Agricultural Products,186.01
Gurunanak Agri.,GURUNANAK,"Agricultural, Commercial & Construction Vehicles",Tractors,36.9
GVK Power Infra.,GVKPIL,Power,Power Generation,2.08
GVP Infotech,GVPTECH,IT - Software,Computers - Software & Consulting,8.05
GYFTR,GYFTR,Finance,Other Financial Services,182.54
H D I L,HDIL,Realty,"Residential, Commercial Projects",1.47
H P C L,HINDPETRO,Petroleum Products,Refineries & Marketing,356.5
H T Media,HTMEDIA,Media,Print Media,26.12
H U D C O,HUDCO,Finance,Financial Institution,180.52
H.G. Infra Engg.,HGINFRA,Construction,Civil Construction,482
Halder Venture,HALDER,Agricultural Food & other Products,Other Agricultural Products,293.5
Haldyn Glass,HALDYNGL,Industrial Products,Packaging,147.7
Haleos Labs Limited,HALEOSLABS,Pharmaceuticals & Biotechnology,Pharmaceuticals,1451.3
Hampton Sky,HAMPTON,Realty,"Residential, Commercial Projects",7.86
Handson Global,HGM,IT - Services,IT Enabled Services,52.63
Happiest Minds,HAPPSTMNDS,IT - Software,Computers - Software & Consulting,354
Happy Forgings,HAPPYFORGE,Industrial Products,Castings & Forgings,2238.5
Happy Square,WHITEFORCE,Commercial Services & Supplies,Diversified Commercial Services,38
Happy Steels,HAPPY,Auto Components,Auto Components & Equipments,89.65
Hardwyn India,HARDWYN,Consumer Durables,"Furniture, Home Furnishing",9.13
Hariom Pipe,HARIOMPIPE,Industrial Products,Iron & Steel Products,359.2
Hariyana Ship,HRYNSHP,Industrial Manufacturing,Ship Building & Allied Services,101.36
Harri. Malayalam,HARRMALAYA,Industrial Products,Rubber,192.72
Harsha Engg Intl,HARSHA,Industrial Products,Other Industrial Products,454.35
Hathway Cable,HATHWAY,Entertainment,TV Broadcasting & Software Production,10.52
Hatsun Agro,HATSUN,Food Products,Dairy Products,1168.8
Havells India,HAVELLS,Consumer Durables,Consumer Electronics,1154
Hawkins Cookers,HAWKINCOOK,Consumer Durables,Houseware,8406.5
Haz.Multi Proj.,HAZOOR,Construction,Civil Construction,19.13
HB Estate Devel.,HBESD,Realty,"Residential, Commercial Projects",75.1
HB Portfolio,HBPOR,Finance,Other Financial Services,58.38
HB Stockholdings,HBSL,Finance,Non Banking Financial Company (NBFC),54.91
HBL Engineering,HBLENGINE,Industrial Products,Other Industrial Products,695.75
HCL Infosystems,HCL-INSYS,IT - Hardware,Computers Hardware & Equipments,10.1
HCL Technologies,HCLTECH,IT - Software,Computers - Software & Consulting,1293.4
HDB FINANC SER,HDBFS,Finance,Non Banking Financial Company (NBFC),682.7
HDFC AMC,HDFCAMC,Capital Markets,Asset Management Company,2458.3
HDFC Bank,HDFCBANK,Banks,Private Sector Bank,712.1
HDFC Life Insur.,HDFCLIFE,Insurance,Life Insurance,546.4
Heads UP Venture,HEADSUP,Textiles & Apparels,Trading - Textile Products,7.21
Health X Platform,HEALTHX,Healthcare Services,Healthcare Service Provider,300.3
Health.Global,HCG,Healthcare Services,Hospital,700.2
HEC Infra Proj.,HECPROJECT,Construction,Civil Construction,117.78
HEG,HEG,Industrial Products,Electrodes & Refractories,728.25
Heidelberg Cem.,HEIDELBERG,Cement & Cement Products,Cement & Cement Products,160.17
Hemisphere Prop,HEMIPROP,Commercial Services & Supplies,Diversified Commercial Services,126.55
Heranba Inds,HERANBA,Fertilizers & Agrochemicals,Pesticides & Agrochemicals,173.83
Heritage Foods,HERITGFOOD,Food Products,Dairy Products,382.35
Hero Motocorp,HEROMOTOCO,Automobiles,2/3 Wheelers,5300
Hester Bios,HESTERBIO,Pharmaceuticals & Biotechnology,Pharmaceuticals,2405.4
Hexa Tradex,HEXATRADEX,Finance,Investment Company,157.65
Hexagon Nutri.,HEXAGON,Food Products,Packaged Foods,67.23
Hexaware Tech.,HEXT,IT - Software,Computers - Software & Consulting,528.6
HFCL,HFCL,Telecom - Services,Telecom - Infrastructure,231.44
Hi-Green Carbon,HIGREEN,Other Utilities,Waste Management,124
Hi-Tech Pipes,HITECH,Industrial Products,Iron & Steel Products,75.77
Highway Infra,HILINFRA,Transport Infrastructure,"Road AssetsToll, Annuity, Hybrid-Annuity",44.45
Hikal,HIKAL,Pharmaceuticals & Biotechnology,Pharmaceuticals,222.3
Hilton Met.Forg.,HILTON,Industrial Products,Castings & Forgings,18.63
Himadri Special,HSCL,Chemicals & Petrochemicals,Carbon Black,671.05
Himatsing. Seide,HIMATSEIDE,Textiles & Apparels,Other Textile Products,71.51
Hind Aluminium,HINDALUMI,Non - Ferrous Metals,Aluminium,97.43
Hind. Unilever,HINDUNILVR,Diversified FMCG,Diversified FMCG,1973.4
Hind.Adhesive,HINDADH,Industrial Products,Plastic Products - Industrial,370.9
Hind.Aeronautics,HAL,Aerospace & Defense,Aerospace & Defense,4856
Hind.Composites,HINDCOMPOS,Auto Components,Auto Components & Equipments,394.85
Hind.Construct.,HCC,Construction,Civil Construction,22.98
Hind.Oil Explor.,HINDOILEXP,Oil,Oil Exploration & Production,185
Hindalco Inds.,HINDALCO,Non - Ferrous Metals,Aluminium,1011
Hindcon Chemical,HINDCON,Chemicals & Petrochemicals,Specialty Chemicals,23.9
Hindprakash Indu,HPIL,Chemicals & Petrochemicals,Dyes And Pigments,123.75
Hinduja Global,HGS,Commercial Services & Supplies,Business Process Outsourcing (BPO)/ Knowledge Process Outsourcing (KPO),399.25
Hindustan Copper,HINDCOPPER,Non - Ferrous Metals,Copper,521.65
Hindustan Foods,HNDFDS,Diversified FMCG,Diversified FMCG,615.05
Hindustan Media,HMVL,Media,Print Media,84.28
Hindustan Zinc,HINDZINC,Non - Ferrous Metals,Zinc,601
Hindware Home In,HINDWAREAP,Consumer Durables,Sanitary Ware,182.61
Hirect,HIRECT,Industrial Manufacturing,Industrial Products,1222.4
Hisar Met.Inds.,HISARMETAL,Industrial Products,Iron & Steel Products,162.19
Hitachi Energy,POWERINDIA,Electrical Equipment,Heavy Electrical Equipment,31650
Hitech Corp.,HITECHCORP,Industrial Products,Packaging,337
HLE Glascoat,HLEGLAS,Industrial Manufacturing,Industrial Products,333.65
HLV,HLVLTD,Leisure Services,Hotels & Resorts,6.48
HMA Agro Inds.,HMAAGRO,Food Products,Meat Products including Poultry,20.84
HMT,HMT,Industrial Manufacturing,Industrial Products,66.91
Hoac Foods,HOACFOODS,Food Products,Other Food Products,1009.95
Holmarc Opto,HOLMARC,Industrial Products,Other Industrial Products,105.05
Home First Finan,HOMEFIRST,Finance,Housing Finance Company,1210.1
Homesfy Realty,HOMESFY,Realty,Real Estate related services,111.3
Honasa Consumer,HONASA,Personal Products,Personal Care,471.05
Honda India,HONDAPOWER,Industrial Manufacturing,Industrial Products,2024.6
Honeywell Auto,HONAUT,Industrial Manufacturing,Industrial Products,35655
Horizon Industrial,HORIZONIND,Realty,"Residential, Commercial Projects",55.13
HP Adhesives,HPAL,Chemicals & Petrochemicals,Specialty Chemicals,35.58
HP Telecom,HPTL,Commercial Services & Supplies,Trading & Distributors,329.75
HPL Electric,HPL,Industrial Manufacturing,Industrial Products,304.15
HRH Next,HRHNEXT,Commercial Services & Supplies,Business Process Outsourcing (BPO)/ Knowledge Process Outsourcing (KPO),25.4
Hubtown,HUBTOWN,Realty,"Residential, Commercial Projects",189.26
Huhtamaki India,HUHTAMAKI,Industrial Products,Packaging,255
HVAX Technolog.,HVAX,Construction,Civil Construction,667
Hy-Tech Engineer,HTEL,Industrial Products,Other Industrial Products,73.65
Hybrid Financial,HYBRIDFIN,Capital Markets,Stockbroking & Allied,16.67
Hyundai Motor I,HYUNDAI,Automobiles,Passenger Cars & Utility Vehicles,2205
I G Petrochems,IGPL,Chemicals & Petrochemicals,Commodity Chemicals,567.4
I O B,IOB,Banks,Public Sector Bank,33.55
I O C L,IOC,Petroleum Products,Refineries & Marketing,137.6
I R C T C,IRCTC,Leisure Services,"Tour, Travel Related Services",476.05
I R F C,IRFC,Finance,Financial Institution,83.4
I T D C,ITDC,Leisure Services,Hotels & Resorts,644.35
IBL Finance,IBLFL,Finance,Non Banking Financial Company (NBFC),58
IC Electricals,ICELCO,Industrial Manufacturing,Industrial Products,119.05
ICDS,ICDSLTD,Commercial Services & Supplies,Diversified Commercial Services,71.45
ICE Make Refrig.,ICEMAKE,Industrial Manufacturing,Industrial Products,738.6
ICICI AMC,ICICIAMC,Capital Markets,Asset Management Company,2970.9
ICICI Bank,ICICIBANK,Banks,Private Sector Bank,1423.2
ICICI Lombard,ICICIGI,Insurance,General Insurance,1510
ICICI Pru Life,ICICIPRULI,Insurance,Life Insurance,494.55
ICRA,ICRA,Capital Markets,Ratings,4884.5
IDBI Bank,IDBI,Banks,Private Sector Bank,90.63
Ideaforge Tech,IDEAFORGE,Aerospace & Defense,Aerospace & Defense,777.05
Ideal Technopl.,IDEALTECHO,Industrial Products,Packaging,170
Identical Brains,IDENTICAL,Entertainment,Media & Entertainment,18.05
IDFC First Bank,IDFCFIRSTB,Banks,Private Sector Bank,86.71
IFB Agro Inds.,IFBAGRO,Beverages,Breweries & Distilleries,903.3
IFB Industries,IFBIND,Consumer Durables,Household Appliances,1305.7
IFCI,IFCI,Finance,Financial Institution,101.38
IFGL Refractori.,IFGLEXPOR,Industrial Products,Electrodes & Refractories,204.69
Igarashi Motors,IGARASHI,Auto Components,Auto Components & Equipments,422.75
IIFL Capital,IIFLCAPS,Capital Markets,Stockbroking & Allied,341.2
IIFL Finance,IIFL,Finance,Non Banking Financial Company (NBFC),651.15
IKIO Tech,IKIO,Consumer Durables,Consumer Electronics,212.34
IL&FS Engg.,IL&FSENGG,Construction,Civil Construction,36.75
IL&FS Inv.Manag.,IVC,Capital Markets,Asset Management Company,10.24
IL&FS Transport,IL&FSTRANS,Construction,Civil Construction,2.06
Imagica. Enter.,IMAGICAA,Leisure Services,Amusement Parks/ Other Recreation,55.38
Impex Ferro Tech,IMPEXFERRO,Ferrous Metals,Ferro & Silica Manganese,4.72
Incredible Indus,INCREDIBLE,Industrial Products,Iron & Steel Products,32.54
Ind-Swift Labs.,INDSWFTLAB,Pharmaceuticals & Biotechnology,Pharmaceuticals,355.95
Indbank Merchant,INDBANK,Capital Markets,Stockbroking & Allied,28.58
Indef Manufactur,BAJAJINDEF,Industrial Manufacturing,Industrial Products,222.69
Indegene,INDGN,Healthcare Services,"Healthcare Research, Analytics & Technology",601.5
India Cements,INDIACEM,Cement & Cement Products,Cement & Cement Products,362.5
India Glycols,INDIAGLYCO,Beverages,Breweries & Distilleries,260.4
India Motor Part,IMPAL,Auto Components,Trading - Auto components,1114.6
India Nipp.Elec.,INDNIPPON,Auto Components,Auto Components & Equipments,1158.2
India Pesticides,IPL,Fertilizers & Agrochemicals,Pesticides & Agrochemicals,138.34
India Power Corp,DPSCLTD,Power,Integrated Power Utilities,7.09
INDIA SHELTE FIN,INDIASHLTR,Finance,Housing Finance Company,677.1
Indiabulls,IBULLSLTD,Commercial Services & Supplies,Diversified Commercial Services,25.67
Indiamart Inter.,INDIAMART,Retailing,Internet & Catalogue Retail,1726.4
Indian Bank,INDIANB,Banks,Public Sector Bank,879.7
Indian CardCloth,INDIANCARD,Textiles & Apparels,Other Textile Products,219.97
Indian Emuls,IEML,Chemicals & Petrochemicals,Specialty Chemicals,42.05
Indian Energy Ex,IEX,Capital Markets,Exchange and Data Platform,118.91
Indian Hotels Co,INDHOTEL,Leisure Services,Hotels & Resorts,720
Indian Hume Pipe,INDIANHUME,Construction,Civil Construction,387.8
Indian Metals,IMFA,Ferrous Metals,Ferro & Silica Manganese,1288.4
Indian Phosphate,IPHL,Chemicals & Petrochemicals,Specialty Chemicals,74.95
Indian Renewable,IREDA,Finance,Financial Institution,113.64
Indian Terrain,INDTERRAIN,Textiles & Apparels,Garments & Apparels,30.42
Indian Wood Prod,IWP,"Paper, Forest & Jute Products",Forest Products,34.38
Indigo Paints,INDIGOPNTS,Consumer Durables,Paints,1185.8
IndiGrid Trust,INDIGRID,Power,Power - Transmission,175.49
Indiqube Spaces,INDIQUBE,Commercial Services & Supplies,Diversified Commercial Services,194.54
Indl. Inv. Trust,IITL,Finance,Investment Company,146.4
Indl.& Prud.Inv.,INDPRUD,Finance,Investment Company,6305
Indo Amines,INDOAMIN,Chemicals & Petrochemicals,Specialty Chemicals,125.96
Indo Borax & Ch.,INDOBORAX,Chemicals & Petrochemicals,Commodity Chemicals,514.9
Indo Count Inds.,ICIL,Textiles & Apparels,Other Textile Products,449.8
Indo Farm Equip.,INDOFARM,"Agricultural, Commercial & Construction Vehicles",Construction Vehicles,134.03
Indo National,NIPPOBATRY,Household Products,Household Products,331.75
Indo Rama Synth.,INDORAMA,Textiles & Apparels,Other Textile Products,72.96
Indo Tech.Trans.,INDOTECH,Electrical Equipment,Heavy Electrical Equipment,3663.1
Indo Thai Sec.,INDOTHAI,Capital Markets,Stockbroking & Allied,35.75
Indo US Bio-Tech,INDOUS,Agricultural Food & other Products,Other Agricultural Products,77.48
Indo-MIM,INDOMIM,Industrial Manufacturing,Industrial Products,971.5
Indoco Remedies,INDOCO,Pharmaceuticals & Biotechnology,Pharmaceuticals,262.51
Indogulf Cropsci,IGCL,Fertilizers & Agrochemicals,Pesticides & Agrochemicals,72.89
Indokem,INDOKEM,Chemicals & Petrochemicals,Specialty Chemicals,625.55
Indosolar,WAAREEINDO,Electrical Equipment,Heavy Electrical Equipment,272
Indostar Capital,INDOSTAR,Finance,Non Banking Financial Company (NBFC),258.66
Indowind Energy,INDOWIND,Power,Power Generation,9.02
Indrapr.Medical,INDRAMEDCO,Healthcare Services,Hospital,349.7
Indraprastha Gas,IGL,Gas,LPG/CNG/PNG/LNG Supplier,158.04
Indus Inf. Trust,INDUSINVIT,Transport Infrastructure,"Road AssetsToll, Annuity, Hybrid-Annuity",133.94
Indus Towers,INDUSTOWER,Telecom - Services,Telecom - Infrastructure,376.8
IndusInd Bank,INDUSINDBK,Banks,Private Sector Bank,1008.5
Infinium Pharma,INFINIUM,Pharmaceuticals & Biotechnology,Pharmaceuticals,264
Influx Health.,INFLUX,Pharmaceuticals & Biotechnology,Pharmaceuticals,291.35
Info Edg.(India),NAUKRI,Retailing,Internet & Catalogue Retail,1319.8
InfoBeans Tech.,INFOBEAN,IT - Software,Computers - Software & Consulting,162.08
Infollion Resea.,INFOLLION,Commercial Services & Supplies,Diversified Commercial Services,159.8
Infomedia Press,INFOMEDIA,Printing & Publication,Printing & Publication,5.35
Infosys,INFY,IT - Software,Computers - Software & Consulting,1130
Ingersoll-Rand,INGERRAND,Industrial Products,"Compressors, Pumps & Diesel Engines",4844.7
Innomet Advanced,INNOMET,Diversified Metals,Diversified Metals,282.45
Innova Captab,INNOVACAP,Pharmaceuticals & Biotechnology,Pharmaceuticals,1175.4
Innovana Think.,INNOVANA,IT - Software,Computers - Software & Consulting,305.2
Innovative Tyres,ITTL,Auto Components,Tyres & Rubber Products,64.2
Innovision,INNOVISION,Transport Infrastructure,"Road AssetsToll, Annuity, Hybrid-Annuity",254.9
Inox Green,INOXGREEN,Commercial Services & Supplies,Diversified Commercial Services,175.1
Inox India,INOXINDIA,Industrial Products,Other Industrial Products,2247.8
Inox Wind,INOXWIND,Electrical Equipment,Heavy Electrical Equipment,74.4
Insecticid.India,INSECTICID,Fertilizers & Agrochemicals,Pesticides & Agrochemicals,618.45
Insolation Ener,INA,Power,Power Generation,90.24
Inspire Films,INSPIRE,Entertainment,Media & Entertainment,8.45
Inspirisys Sol.,INSPIRISYS,IT - Services,IT Enabled Services,89.53
Integra Essentia,ESSENTIA,Commercial Services & Supplies,Trading & Distributors,1.05
Integrated Perso,IPSL,Commercial Services & Supplies,Diversified Commercial Services,215
Integrity Infra.,INTEGRITY,Construction,Civil Construction,175
Intellect Design,INTELLECT,IT - Software,Computers - Software & Consulting,686.65
Intense Tech.,INTENTECH,IT - Services,IT Enabled Services,82.25
Interarch Build.,INTERARCH,Construction,Civil Construction,1707
Interglobe Aviat,INDIGO,Transport Services,Airline,4977
Interiors & More,INM,Consumer Durables,"Furniture, Home Furnishing",148
International Gemological Instit,IGIL,Commercial Services & Supplies,Diversified Commercial Services,323.5
Intl. Conveyors,INTLCONV,Industrial Manufacturing,Industrial Products,81.18
Intrasoft Tech.,ISFT,Retailing,E-Retail/ E-Commerce,81.61
Inv.& Prec.Cast.,INVPRECQ,Industrial Products,Castings & Forgings,1273.6
Inventure Grow.,INVENTURE,Capital Markets,Stockbroking & Allied,0.93
Inventurus Knowl,IKS,IT - Services,IT Enabled Services,1759.9
Invicta Diagnos.,INVICTA,Healthcare Services,Healthcare Service Provider,68
IOL Chemicals,IOLCP,Pharmaceuticals & Biotechnology,Pharmaceuticals,199.95
ION Exchange,IONEXCHANG,Other Utilities,Water Supply & Management,409.2
IP Rings,IPRINGLTD,Auto Components,Auto Components & Equipments,159.99
Ipca Labs.,IPCALAB,Pharmaceuticals & Biotechnology,Pharmaceuticals,1965.3
IRB Infra.Devl.,IRB,Construction,Civil Construction,19.65
IRB InvIT Fund,IRBINVIT,Transport Infrastructure,"Road AssetsToll, Annuity, Hybrid-Annuity",64.54
Ircon Intl.,IRCON,Construction,Civil Construction,119.25
Iris Clothings,IRISDOREME,Textiles & Apparels,Garments & Apparels,63.58
IRIS Regtech Solutions,IRIS,IT - Software,Software Products,265.92
IRM Energy,IRMENERGY,Gas,LPG/CNG/PNG/LNG Supplier,281.4
ISGEC Heavy,ISGEC,Construction,Civil Construction,787.35
Ishan Dyes,ISHANCH,Chemicals & Petrochemicals,Specialty Chemicals,44.29
Ishan Internat.,ISHAN,Industrial Manufacturing,Industrial Products,0.55
IST,ISTLTD,Auto Components,Auto Components & Equipments,654.55
Italian Edibles,ITALIANE,Food Products,Packaged Foods,33.5
ITC,ITC,Diversified FMCG,Diversified FMCG,264.1
ITC Hotels,ITCHOTELS,Leisure Services,Hotels & Resorts,161.23
ITI,ITI,Telecom -  Equipment & Accessories,Telecom -  Equipment & Accessories,272.5
ITL Industries,ITL,Industrial Manufacturing,Industrial Products,364.55
Ivalue Infosolut,IVALUE,IT - Services,IT Enabled Services,230.26
IVP,IVP,Chemicals & Petrochemicals,Specialty Chemicals,203.34
Iware Supplych.,IWARE,Transport Services,Logistics Solution Provider,485.35
IZMO,IZMO,IT - Services,IT Enabled Services,902.45
J & K Bank,J&KBANK,Banks,Private Sector Bank,150.02
J K Cements,JKCEMENT,Cement & Cement Products,Cement & Cement Products,5083.5
J Kumar Infra,JKIL,Construction,Civil Construction,487.35
J.G.Chemicals,JGCHEM,Chemicals & Petrochemicals,Commodity Chemicals,598.15
Jagran Prakashan,JAGRAN,Media,Print Media,60.98
Jagsonpal Pharma,JAGSNPHARM,Pharmaceuticals & Biotechnology,Pharmaceuticals,242.06
Jai Balaji Inds.,JAIBALAJI,Ferrous Metals,Iron & Steel,69.73
Jai Corp,JAICORPLTD,Industrial Products,Plastic Products - Industrial,99.52
Jain Irrigat-DVR,JISLDVREQS,Industrial Products,Plastic Products - Industrial,21.93
Jain Irrigation,JISLJALEQS,Industrial Products,Plastic Products - Industrial,30.87
Jain Resource,JAINREC,Diversified Metals,Diversified Metals,277.95
Jainam Ferro,JAINAM,Ferrous Metals,Ferro & Silica Manganese,203.5
Jainik Power,JAINIK,Non - Ferrous Metals,Aluminium,209.2
Jamna Auto Inds.,JAMNAAUTO,Auto Components,Auto Components & Equipments,120.69
Jana Small Finan,JSFB,Banks,Other Bank,535.1
Jaro Institute,JARO,Other Consumer Services,E-Learning,445.65
Jash Engineering,JASH,Industrial Manufacturing,Industrial Products,478.5
Jay Bee Laminati,JAYBEE,Industrial Products,Iron & Steel Products,84.35
Jay Bharat Maru.,JAYBARMARU,Auto Components,Auto Components & Equipments,122.29
Jay Jalaram Tech,KORE,Retailing,Diversified Retail,123.8
Jay Shree Tea,JAYSREETEA,Agricultural Food & other Products,Tea & Coffee,98.95
Jayant Agro Org.,JAYAGROGN,Chemicals & Petrochemicals,Specialty Chemicals,230.6
Jayaswal Neco,JAYNECOIND,Industrial Products,Iron & Steel Products,89.04
Jayesh Logistics,JAYESH,Transport Services,Logistics Solution Provider,134.4
Jaykay Enter.,JAYKAY,Aerospace & Defense,Aerospace & Defense,153.69
JBM Auto,JBMA,Auto Components,Auto Components & Equipments,625.6
Jeena Sikho,JSLL,Leisure Services,Wellness,516.3
Jenburkt Pharma,JENBURPH,Pharmaceuticals & Biotechnology,Pharmaceuticals,1038.8
Jet Freight,JETFREIGHT,Transport Services,Logistics Solution Provider,21.18
Jet Knitwears,JETKNIT,Textiles & Apparels,Garments & Apparels,48.45
Jeyyam Global,JEYYAM,Food Products,Other Food Products,22.15
JFL Life,JFLLIFE,Pharmaceuticals & Biotechnology,Pharmaceuticals,9.85
JHS Sven.Lab.,JHS,Personal Products,Personal Care,7.89
JHS Svend.Retail,RETAIL,Retailing,Diversified Retail,17.24
Jindal Drilling,JINDRILL,Oil,Offshore Support Solution Drilling,663.05
Jindal Photo,JINDALPHOT,Finance,Investment Company,1021.2
Jindal Poly Film,JINDALPOLY,Industrial Products,Packaging,672.35
Jindal Poly Inve,JPOLYINVST,Finance,Investment Company,997.45
Jindal Saw,JINDALSAW,Industrial Products,Iron & Steel Products,305.3
Jindal Stain.,JSL,Ferrous Metals,Iron & Steel,737.85
Jindal Steel,JINDALSTEL,Ferrous Metals,Iron & Steel,1165
Jindal Worldwide,JINDWORLD,Textiles & Apparels,Other Textile Products,57.51
Jinkushal Indus.,JKIPL,"Agricultural, Commercial & Construction Vehicles","Dealers-Commercial Vehicles, Tractors, Construction Vehicles",100.56
Jio Financial,JIOFIN,Finance,Investment Company,239.5
JITF Infra Logis,JITFINFRA,Other Utilities,Water Supply & Management,304.5
Jiwanram Sheo,JIWANRAM,Industrial Products,Other Industrial Products,4.3
JK Lakshmi Cem.,JKLAKSHMI,Cement & Cement Products,Cement & Cement Products,515.7
JK Paper,JKPAPER,"Paper, Forest & Jute Products",Paper & Paper Products,405.8
JK Tyre & Indust,JKTYRE,Auto Components,Tyres & Rubber Products,367.35
JM Financial,JMFINANCIL,Finance,Holding Company,132.06
JNK,JNKINDIA,Industrial Manufacturing,Industrial Products,445.05
Jocil,JOCIL,Chemicals & Petrochemicals,Commodity Chemicals,154.3
John Cockerill,COCKERILL,Industrial Manufacturing,Industrial Products,8193.5
JP Power Ven.,JPPOWER,Power,Power Generation,16.29
JSW Cement,JSWCEMENT,Cement & Cement Products,Cement & Cement Products,124.07
JSW Dulux,JSWDULUX,Consumer Durables,Paints,3174.5
JSW Energy,JSWENERGY,Power,Power Generation,539.85
JSW Holdings,JSWHL,Finance,Investment Company,11472
JSW Infrast,JSWINFRA,Transport Infrastructure,Port & Port services,333
JSW Steel,JSWSTEEL,Ferrous Metals,Iron & Steel,1325
JTEKT India,JTEKTINDIA,Auto Components,Auto Components & Equipments,121.27
JTL Industries,JTLIND,Industrial Products,Iron & Steel Products,91.67
Jubilant Agri,JUBLCPL,Chemicals & Petrochemicals,Specialty Chemicals,2222.6
Jubilant Food.,JUBLFOOD,Leisure Services,Restaurants,482.7
Jubilant Ingrev.,JUBLINGREA,Chemicals & Petrochemicals,Specialty Chemicals,680.3
Jubilant Pharmo,JUBLPHARMA,Pharmaceuticals & Biotechnology,Pharmaceuticals,924.5
Jullundur Motor,JMA,Auto Components,Trading - Auto components,90.58
Juniper Green,JNPR,Power,Power Generation,265.1
Juniper Hotels,JUNIPER,Leisure Services,Hotels & Resorts,216.82
Jupiter Life Lin,JLHL,Healthcare Services,Hospital,286.45
Jupiter Wagons,JWL,Industrial Manufacturing,Railway Wagons,243.24
Just Dial,JUSTDIAL,Retailing,Internet & Catalogue Retail,692.85
Jyothy Labs,JYOTHYLAB,Household Products,Household Products,201.54
Jyoti CNC Auto.,JYOTICNC,Industrial Manufacturing,Industrial Products,1003.9
Jyoti Global,JYOTIGLOBL,Industrial Products,Packaging,40.3
Jyoti Resins,JYOTIRES,Chemicals & Petrochemicals,Specialty Chemicals,868.1
Jyoti Structures,JYOTISTRUC,Electrical Equipment,Heavy Electrical Equipment,10.02
K C P,KCP,Cement & Cement Products,Cement & Cement Products,162.38
K P R Mill Ltd,KPRMILL,Textiles & Apparels,Other Textile Products,1186.3
K.P. Energy,KPEL,Power,Power Generation,247.32
K2 Infragen,K2INFRA,Construction,Civil Construction,48.8
Kabra Extrusion,KABRAEXTRU,Industrial Manufacturing,Industrial Products,579.15
Kabra Jewels,KKJEWELS,Consumer Durables,"Gems, Jewellery And Watches",98
Kajaria Ceramics,KAJARIACER,Consumer Durables,Ceramics,1239.6
Kakatiya Cement,KAKATCEM,Cement & Cement Products,Cement & Cement Products,109.6
Kalana Ispat,KALANA,Industrial Products,Iron & Steel Products,18.8
Kalpat.,KALPATARU,Realty,"Residential, Commercial Projects",277.65
Kalpataru Proj.,KPIL,Construction,Civil Construction,1406.6
Kalyan Jewellers,KALYANKJIL,Consumer Durables,"Gems, Jewellery And Watches",598.8
Kalyani Commerc.,KALYANI,"Agricultural, Commercial & Construction Vehicles","Dealers-Commercial Vehicles, Tractors, Construction Vehicles",144.99
Kalyani Forge,KALYANIFRG,Industrial Products,Castings & Forgings,1081.05
Kalyani Invest.,KICL,Finance,Investment Company,5203
Kalyani Steels,KSL,Industrial Products,Iron & Steel Products,940.5
Kama Holdings,KAMAHOLD,Finance,Holding Company,2348.2
Kamanwala Housin,KAMANWALA,Realty,"Residential, Commercial Projects",16.59
Kamat Hotels,KAMATHOTEL,Leisure Services,Hotels & Resorts,225.51
Kamdhenu,KAMDHENU,Industrial Products,Iron & Steel Products,39.24
Kamdhenu Venture,KAMOPAINTS,Consumer Durables,Paints,4.53
Kanani Industrie,KANANIIND,Consumer Durables,"Gems, Jewellery And Watches",1.52
Kanchi Karpooram,KANCHI,Chemicals & Petrochemicals,Commodity Chemicals,409.7
Kanco Tea,KANCOTEA,Agricultural Food & other Products,Tea & Coffee,54.85
Kandarp Digi,KANDARP,Commercial Services & Supplies,Business Process Outsourcing (BPO)/ Knowledge Process Outsourcing (KPO),97
Kanoria Chem.,KANORICHEM,Industrial Manufacturing,Industrial Products,155.56
Kanpur Plastipa.,KANPRPLA,Industrial Products,Packaging,250.2
Kansai Nerolac,KANSAINER,Consumer Durables,Paints,194.2
Kapston Services,KAPSTON,Commercial Services & Supplies,Diversified Commercial Services,584.05
Karma Energy Ltd,KARMAENG,Power,Power Generation,37.45
Karnataka Bank,KTKBANK,Banks,Private Sector Bank,340.1
Karnika Industri,KARNIKA,Textiles & Apparels,Garments & Apparels,118.3
Karur Vysya Bank,KARURVYSYA,Banks,Private Sector Bank,348.85
Kataria Indust.,KATARIA,Industrial Manufacturing,Industrial Products,107.45
Kaushalya,KLL,Retailing,E-Retail/ E-Commerce,25
Kaushalya Infra.,KAUSHALYA,Leisure Services,Hotels & Resorts,850
Kaveri Seed Co.,KSCL,Agricultural Food & other Products,Other Agricultural Products,744.1
Kavveri Defence,KAVDEFENCE,Aerospace & Defense,Aerospace & Defense,67.14
Kay Cee,KCEIL,Construction,Civil Construction,79.1
Kaya Ltd,KAYA,Leisure Services,Wellness,345.1
Kaynes Tech,KAYNES,Industrial Manufacturing,Industrial Products,3598
Kaytex Fabrics,KAYTEX,Textiles & Apparels,Garments & Apparels,56.5
KCK Industries,KCK,Agricultural Food & other Products,Other Agricultural Products,15.35
KCP Sugar &Inds.,KCPSUGIND,Agricultural Food & other Products,Sugar,32.07
KD Green Industries,KDGREEN,Consumer Durables,"Gems, Jewellery And Watches",50.44
KDDL Ltd,KDDL,Consumer Durables,"Gems, Jewellery And Watches",3911
KEC International,KEC,Construction,Civil Construction,408.55
KEI Industries,KEI,Industrial Products,Cables - Electricals,4850
Kellton Tech,KELLTONTEC,IT - Services,IT Enabled Services,13.87
Ken Enter.,KEN,Textiles & Apparels,Other Textile Products,39
Kennametal India,KENNAMET,Industrial Manufacturing,Industrial Products,4688.5
Kernex Microsys.,KERNEX,Transport Services,Transport Related Services,1817
Kesoram Inds.,KESORAMIND,Cement & Cement Products,Cement & Cement Products,10.9
Kewal Kir.Cloth.,KKCL,Textiles & Apparels,Garments & Apparels,514.3
Keynote Finan.,KEYFINSERV,Capital Markets,Stockbroking & Allied,245.05
Keystone Realtor,RUSTOMJEE,Realty,"Residential, Commercial Projects",373.95
KFin Technolog.,KFINTECH,Capital Markets,"Depositories, Clearing Houses and Other Intermediaries",928.9
Khadim India,KHADIM,Consumer Durables,Footwear,117.3
Khaitan (India),KHAITANLTD,Consumer Durables,Consumer Electronics,162
Khaitan Chemical,KHAICHEM,Fertilizers & Agrochemicals,Fertilizers,54.86
Khandwala Sec.,KHANDSE,Capital Markets,Stockbroking & Allied,18.38
KHFM Hospitality,KHFM,Commercial Services & Supplies,Diversified Commercial Services,44.95
Kilburn Engg.,KLBRENG-B,Industrial Manufacturing,Industrial Products,467.85
Kilitch Drugs,KILITCH,Pharmaceuticals & Biotechnology,Pharmaceuticals,180.95
Kingfa Science,KINGFA,Industrial Products,Plastic Products - Industrial,5932.5
KIOCL,KIOCL,Ferrous Metals,Sponge Iron,382.1
Kiran Vyapar,KIRANVYPAR,Finance,Non Banking Financial Company (NBFC),205.41
Kiri Industries,KIRIINDUS,Chemicals & Petrochemicals,Dyes And Pigments,559.1
Kirl. Brothers,KIRLOSBROS,Industrial Products,"Compressors, Pumps & Diesel Engines",1862
Kirl. Electric,KECL,Electrical Equipment,Other Electrical Equipment,126.41
Kirl. Ferrous,KIRLFER,Ferrous Metals,Pig Iron,459.6
Kirl.Pneumatic,KIRLPNU,Industrial Products,"Compressors, Pumps & Diesel Engines",760.45
Kirloskar Indus.,KIRLOSIND,Industrial Products,Iron & Steel Products,3731.5
Kirloskar Oil,KIRLOSENG,Industrial Products,"Compressors, Pumps & Diesel Engines",2201.9
Kitex Garments,KITEX,Textiles & Apparels,Garments & Apparels,128.85
KKV Agro Powers,KKVAPOW,Consumer Durables,"Gems, Jewellery And Watches",368
KM Sugar Mills,KMSUGAR,Agricultural Food & other Products,Sugar,30.68
KMC Speciality,KMCSHIL,Healthcare Services,Hospital,138.24
KN Agri Resource,KNAGRI,Agricultural Food & other Products,Edible Oil,199.4
Knack Packaging,KNACK,Industrial Products,Packaging,187.3
Knowledge Marine,KMEW,Engineering Services,Dredging,3033.4
Knowledge Realty,KRT,Realty,Real Estate Investment Trusts (REITs),112.49
KNR Construct.,KNRCON,Construction,Civil Construction,124.66
Kody Technolab,KODYTECH,IT - Software,Computers - Software & Consulting,1569.95
Kohinoor Foods,KOHINOOR,Agricultural Food & other Products,Other Agricultural Products,32.77
Kokuyo Camlin,KOKUYOCMLN,Household Products,Stationary,80.61
Kolte Patil Dev.,KOLTEPATIL,Realty,"Residential, Commercial Projects",441.85
Konstelec Engg.,KONSTELEC,Construction,Civil Construction,62.05
Kontor Space,KONTOR,Commercial Services & Supplies,Diversified Commercial Services,52.95
Kopran,KOPRAN,Pharmaceuticals & Biotechnology,Pharmaceuticals,232.54
Kore Digital,KDL,Telecom - Services,Telecom - Infrastructure,92.45
Kotak Mah. Bank,KOTAKBANK,Banks,Private Sector Bank,424.5
Kothari Indl,KOTIC,Consumer Durables,Leather And Leather Products,132.47
Kothari Petroche,KOTHARIPET,Chemicals & Petrochemicals,Petrochemicals,130.56
Kothari Products,KOTHARIPRO,Commercial Services & Supplies,Trading & Distributors,67.39
Kothari Sugars,KOTARISUG,Agricultural Food & other Products,Sugar,29.92
Kotyark Indust.,KOTYARK,Petroleum Products,Refineries & Marketing,33.76
Kovai Medical,KOVAI,Healthcare Services,Hospital,6062.5
KPI Green Energy,KPIGREEN,Power,Power Generation,307
KPIT Technologi.,KPITTECH,IT - Software,Computers - Software & Consulting,575.45
KRBL,KRBL,Agricultural Food & other Products,Other Agricultural Products,421.95
Krebs Biochem,KREBSBIO,Pharmaceuticals & Biotechnology,Pharmaceuticals,55.95
Kridhan Infra,KRIDHANINF,Construction,Civil Construction,2.03
Krishana Phosch.,KRISHANA,Fertilizers & Agrochemicals,Fertilizers,184.13
Krishca Strapp.,KRISHCA,Industrial Products,Iron & Steel Products,161.85
Krishival Foods,KRISHIVAL,Food Products,Other Food Products,416.3
Krishna Defence,KRISHNADEF,Aerospace & Defense,Aerospace & Defense,1013.2
Krishna Institu.,KIMS,Healthcare Services,Hospital,764.1
Kriti Industries,KRITI,Industrial Products,Plastic Products - Industrial,61.6
Kriti Nutrients,KRITINUT,Agricultural Food & other Products,Edible Oil,86.45
Kritika Wires,KRITIKA,Industrial Products,Iron & Steel Products,5.37
KRM Ayurveda,KRMAYURVED,Pharmaceuticals & Biotechnology,Pharmaceuticals,287.85
KRN Heat Exchan,KRN,Industrial Products,Other Industrial Products,1578.7
Kronox Lab,KRONOX,Chemicals & Petrochemicals,Specialty Chemicals,184.69
Kross Ltd,KROSS,Auto Components,Auto Components & Equipments,211.57
Krsnaa Diagnost.,KRSNAA,Healthcare Services,Healthcare Service Provider,560
Krystal Integrat,KRYSTAL,Commercial Services & Supplies,Diversified Commercial Services,654.6
KSB,KSB,Industrial Products,"Compressors, Pumps & Diesel Engines",813.55
KSE,KSE,Food Products,Animal Feed,180.12
KSH Internationa,KSHINTL,Industrial Products,Cables - Electricals,1087.8
Kshitij Polyline,KSHITIJPOL,Chemicals & Petrochemicals,Printing Inks,3.3
Ksolves India,KSOLVES,IT - Software,Computers - Software & Consulting,272.05
KSR Footwear,KSR,Commercial Services & Supplies,Trading & Distributors,34.61
Kuantum Papers,KUANTUM,"Paper, Forest & Jute Products",Paper & Paper Products,74.18
Kusumgar,KUSUMGAR,Textiles & Apparels,Other Textile Products,571.2
Kwality Pharma,KPL,Pharmaceuticals & Biotechnology,Pharmaceuticals,3285.5
Kwality Wall's,KWIL,Food Products,Dairy Products,42.12
L G Balakrishnan,LGBBROSLTD,Auto Components,Auto Components & Equipments,1702.8
L T Foods,LTFOODS,Agricultural Food & other Products,Other Agricultural Products,444.8
L&T Finance Ltd,LTF,Finance,Non Banking Financial Company (NBFC),314
L&T Technology,LTTS,IT - Services,IT Enabled Services,3493.3
La Opala RG,LAOPALA,Consumer Durables,Glass - Consumer,173.9
Ladderup Finance,LADDERUP,Finance,Non Banking Financial Company (NBFC),51.4
Lagnam Spintex,LAGNAM,Textiles & Apparels,Other Textile Products,74.8
Lahoti Overseas,LAHOTIOV,Commercial Services & Supplies,Trading & Distributors,43.08
Lak. Fin. & Indl,LFIC,Finance,Investment Company,134.64
Lakshmi Mills,LAKSHMIMIL,Textiles & Apparels,Other Textile Products,7621
Lakshya Powertec,LAKSHYA,Construction,Civil Construction,81.8
Lalithaa Jewel,LALITHAA,Consumer Durables,"Gems, Jewellery And Watches",306.7
Lambodhara Text.,LAMBODHARA,Textiles & Apparels,Other Textile Products,134.67
Lamosaic India,LAMOSAIC,Consumer Durables,Plywood Boards/ Laminates,60.85
Lancer Containe.,LANCER,Transport Services,Logistics Solution Provider,13.03
Lancor Holdings,LANCORHOL,Realty,"Residential, Commercial Projects",40.35
Landmark Cars,LANDMARK,Automobiles,Auto Dealer,510.15
Landmark Prop.,LPDC,Realty,Real Estate related services,6.73
Landsmill Green,LANDSMILL,Commercial Services & Supplies,Trading & Distributors,0.63
Larsen & Toubro,LT,Construction,Civil Construction,3964.1
Lasa Supergeneri,LASA,Pharmaceuticals & Biotechnology,Pharmaceuticals,6.73
Laser Power,LASERPOWER,Industrial Products,Cables - Electricals,295.65
Latent View,LATENTVIEW,IT - Software,Computers - Software & Consulting,267.25
Latteys Industri,LATTEYS,Industrial Products,"Compressors, Pumps & Diesel Engines",20.5
Laurus Labs,LAURUSLABS,Pharmaceuticals & Biotechnology,Pharmaceuticals,1840
Laxmi Cotspin,LAXMICOT,Textiles & Apparels,Other Textile Products,13.73
Laxmi Dental,LAXMIDENTL,Healthcare Equipment & Supplies,Medical Equipment & Supplies,199.14
Laxmi Goldorna,LGHL,Consumer Durables,"Gems, Jewellery And Watches",175.42
Laxmi India Fin.,LAXMIINDIA,Finance,Non Banking Financial Company (NBFC),132.6
Laxmi Organic,LXCHEM,Chemicals & Petrochemicals,Specialty Chemicals,172.04
LCC Infotech,LCCINFOTEC,Other Consumer Services,Education,3.81
Le Merite Export,LEMERITE,Textiles & Apparels,Other Textile Products,20.93
Le Travenues,IXIGO,Leisure Services,"Tour, Travel Related Services",166.75
Lead Reclaim,LRRPL,Industrial Products,Rubber,88
Leap India,LEAPIND,Commercial Services & Supplies,Diversified Commercial Services,150.26
Lee & Nee Soft.,LEENEE,IT - Services,IT Enabled Services,8.45
Leela Palaces Hotels,THELEELA,Leisure Services,Hotels & Resorts,554.05
Lemon Tree Hotel,LEMONTREE,Leisure Services,Hotels & Resorts,104.95
Lenskart Solut.,LENSKART,Retailing,Speciality Retail,684.9
Lexus Granito,LEXUS,Consumer Durables,"Furniture, Home Furnishing",13.53
LG Electronics,LGEINDIA,Consumer Durables,Household Appliances,1640.7
Libas Consumer,LIBAS,Textiles & Apparels,Garments & Apparels,10.46
Liberty Shoes,LIBERTSHOE,Consumer Durables,Footwear,233.27
LIC Housing Fin.,LICHSGFIN,Finance,Housing Finance Company,562.05
Life Insurance,LICI,Insurance,Life Insurance,415.35
Likhitha Infra.,LIKHITHA,Construction,Civil Construction,204.8
Linc,LINC,Household Products,Stationary,95.07
Lincoln Pharma.,LINCOLN,Pharmaceuticals & Biotechnology,Pharmaceuticals,620.8
Linde India,LINDEINDIA,Chemicals & Petrochemicals,Industrial Gases,6346
LKP Securities,LKPSEC,Capital Markets,Stockbroking & Allied,15.28
Lloyds Engineeri,LLOYDSENGG,Industrial Manufacturing,Industrial Products,84.21
Lloyds Enterpris,LLOYDSENT,Metals & Minerals Trading,Trading - Metals,74.23
Lloyds Luxuries,LLOYDS,Leisure Services,Wellness,58
Lloyds Metals,LLOYDSME,Minerals & Mining,Industrial Minerals,1823
LMW,LMW,Industrial Manufacturing,Industrial Products,18774
Lodha Developers,LODHA,Realty,"Residential, Commercial Projects",1222
Lohia Corp,LCL,Industrial Manufacturing,Industrial Products,581.5
Lokesh Mach.,LOKESHMACH,Industrial Manufacturing,Industrial Products,364.6
Lords Chloro,LORDSCHLO,Chemicals & Petrochemicals,Commodity Chemicals,146.6
Lorenzini Appar.,LAL,Textiles & Apparels,Garments & Apparels,8.91
Lotus Chocolate,LOTUSCHO,Food Products,Packaged Foods,630.4
Lotus Eye Hospit,LOTUSEYE,Healthcare Services,Hospital,109.43
Lovable Lingerie,LOVABLE,Textiles & Apparels,Garments & Apparels,71.37
Loyal Textile,LOYALTEX,Textiles & Apparels,Other Textile Products,218.14
LTM,LTM,IT - Software,Computers - Software & Consulting,4554
Lumax Auto Tech.,LUMAXTECH,Auto Components,Auto Components & Equipments,1951.9
Lumax Industries,LUMAXIND,Auto Components,Auto Components & Equipments,6181.5
Lumino Inds,LUMINO,Industrial Products,Cables - Electricals,114.5
Lupin,LUPIN,Pharmaceuticals & Biotechnology,Pharmaceuticals,2110
Lux Industries,LUXIND,Textiles & Apparels,Garments & Apparels,1175.1
Lyka Labs,LYKALABS,Pharmaceuticals & Biotechnology,Pharmaceuticals,78.36
M & B Engineer.,MBEL,Construction,Civil Construction,270.15
M & M,M&M,Automobiles,Passenger Cars & Utility Vehicles,3170
M & M Fin. Serv.,M&MFIN,Finance,Non Banking Financial Company (NBFC),373.65
M B Agro Prod.,MBAPL,Fertilizers & Agrochemicals,Fertilizers,166.12
M K Exim India,MKEXIM,Retailing,Distributors,62.18
M K Proteins,MKPL,Agricultural Food & other Products,Edible Oil,4.02
M M Forgings,MMFL,Auto Components,Auto Components & Equipments,630.1
M R P L,MRPL,Petroleum Products,Refineries & Marketing,174.83
M T N L,MTNL,Telecom - Services,Telecom - Cellular & Fixed line services,26.55
M Tek Copper,MCL,Industrial Products,"Aluminium, Copper & Zinc Products",58.3
M.V.K. Agro,MVKAGRO,Agricultural Food & other Products,Sugar,236.35
Maan Aluminium,MAANALU,Non - Ferrous Metals,Aluminium,117.9
Mac Charles(I),MCCHRLS-B,Leisure Services,Hotels & Resorts,670
Macobs Technolo.,MACOBSTECH,Personal Products,Personal Care,201.9
Macpower CNC,MACPOWER,Industrial Manufacturing,Industrial Products,1904.9
Madhav Infra,MADHAVIPL,Construction,Civil Construction,7.98
Madhav Marbles,MADHAV,Consumer Durables,Granites & Marbles,35.36
Madhucon Project,MADHUCON,Construction,Civil Construction,4.63
Madhur Knit,MADHURKNIT,Textiles & Apparels,Garments & Apparels,85.75
Madhusudan Masa,MADHUSUDAN,Food Products,Other Food Products,236
Madhya Prad. Tod,MPTODAY,Media,Print Media,41.55
Madras Fertilize,MADRASFERT,Fertilizers & Agrochemicals,Fertilizers,65.12
Mafatlal Inds.,MAFATIND,Textiles & Apparels,Other Textile Products,121.66
Magadh Sugar,MAGADSUGAR,Agricultural Food & other Products,Sugar,552.05
Magellanic Cloud,MCLOUD,IT - Software,Computers - Software & Consulting,26.29
Magnum Ventures,MAGNUM,"Paper, Forest & Jute Products",Paper & Paper Products,19
Magson Retail,MAGSON,Food Products,Packaged Foods,184
Mah. Scooters,MAHSCOOTER,Finance,Investment Company,13602
Mah. Seamless,MAHSEAMLES,Industrial Products,Iron & Steel Products,688.1
Maha Rashtra Apx,MAHAPEXLTD,Finance,Other Financial Services,53.51
Mahalaxmi Fab.,MFML,Textiles & Apparels,Other Textile Products,18.59
Mahalaxmi Rubtec,MHLXMIRU,Textiles & Apparels,Other Textile Products,174.89
Mahamaya Steel,MAHASTEEL,Industrial Products,Iron & Steel Products,1282.5
Mahanagar Gas,MGL,Gas,LPG/CNG/PNG/LNG Supplier,1096.6
Mahendra Realtor,MRIL,Construction,Civil Construction,57.3
Maheshwari Logi.,MAHESHWARI,Diversified,Diversified,72.21
Mahickra Chem.,MAHICKRA,Chemicals & Petrochemicals,Dyes And Pigments,290
Mahindra EPC,MAHEPC,Industrial Manufacturing,Industrial Products,103.62
Mahindra Holiday,MHRIL,Leisure Services,Hotels & Resorts,207.4
Mahindra Life.,MAHLIFE,Realty,"Residential, Commercial Projects",362.4
Mahindra Logis.,MAHLOG,Transport Services,Logistics Solution Provider,405.35
Maithan Alloys,MAITHANALL,Ferrous Metals,Ferro & Silica Manganese,1090.55
Maitreya Medica.,MAITREYA,Healthcare Services,Hospital,120
Majestic Auto,MAJESAUT,Commercial Services & Supplies,Diversified Commercial Services,354.95
Makers Labs.,MAKERSL,Pharmaceuticals & Biotechnology,Pharmaceuticals,189.9
Maks Energy,MAKS,Industrial Products,"Compressors, Pumps & Diesel Engines",15.1
Mallcom (India),MALLCOM,Industrial Products,Other Industrial Products,1018.15
Malu Paper,MALUPAPER,"Paper, Forest & Jute Products",Paper & Paper Products,31.65
Mamata Machinery,MAMATA,Industrial Manufacturing,Industrial Products,412.55
Man Industries,MANINDS,Industrial Products,Iron & Steel Products,788.55
Man Infra,MANINFRA,Realty,"Residential, Commercial Projects",124.8
Manaksia,MANAKSIA,Industrial Products,Iron & Steel Products,63.05
Manaksia Alumi.,MANAKALUCO,Non - Ferrous Metals,Aluminium,38.1
Manaksia Coated,MANAKCOAT,Industrial Products,Iron & Steel Products,121.8
Manaksia Steels,MANAKSTEEL,Ferrous Metals,Iron & Steel,107.3
Manali Petrochem,MANALIPETC,Chemicals & Petrochemicals,Petrochemicals,86.76
Manappuram Fin.,MANAPPURAM,Finance,Non Banking Financial Company (NBFC),339.7
Manas Polymers,MPEL,Industrial Products,Plastic Products - Industrial,27.35
Manav Infra,MANAV,Construction,Civil Construction,38.7
Manba Finance,MANBA,Finance,Non Banking Financial Company (NBFC),128.95
Mandeep Auto,MANDEEP,Auto Components,Auto Components & Equipments,18
Mangal Credit,MANCREDIT,Finance,Non Banking Financial Company (NBFC),228.33
Mangal Electrica,MEIL,Electrical Equipment,Other Electrical Equipment,285.1
Mangalam Alloys,MAL,Industrial Products,Iron & Steel Products,38.2
Mangalam Cement,MANGLMCEM,Cement & Cement Products,Cement & Cement Products,1095.2
Mangalam Drugs,MANGALAM,Pharmaceuticals & Biotechnology,Pharmaceuticals,30.02
Mangalam Global,MGEL,Agricultural Food & other Products,Other Agricultural Products,14.24
Mangalam Organic,MANORG,Chemicals & Petrochemicals,Commodity Chemicals,489.5
MANGALAM SEEDS,MSL,Agricultural Food & other Products,Other Agricultural Products,142.22
Mangalam World.,MWL,Metals & Minerals Trading,Trading - Metals,38.56
Manglam Infra,MIEL,Commercial Services & Supplies,Consulting Services,11.85
Manilam Industries,MANILAM,Consumer Durables,Plywood Boards/ Laminates,48
Manipal Health,MANIPALHOS,Healthcare Services,Hospital,725.2
Mankind Pharma,MANKIND,Pharmaceuticals & Biotechnology,Pharmaceuticals,2327.9
Manoj Vaibhav,MVGJL,Consumer Durables,"Gems, Jewellery And Watches",179.9
Manomay Tex Indi,MANOMAY,Textiles & Apparels,Other Textile Products,234.97
Manorama Indust.,MANORAMA,Food Products,Other Food Products,1993.4
Manugraph India,MANUGRAPH,Industrial Manufacturing,Industrial Products,14.75
Maral Overseas,MARALOVER,Textiles & Apparels,Other Textile Products,61.83
Marathon Nextgen,MARATHON,Realty,"Residential, Commercial Projects",437.9
Marc Technocrats,MARC,Commercial Services & Supplies,Consulting Services,148.6
Marco Cables,MARCO,Industrial Products,Cables - Electricals,31.15
Marico,MARICO,Agricultural Food & other Products,Edible Oil,815.15
Marine Electric.,MARINE,Industrial Manufacturing,Industrial Products,432.15
Marinetrans Indi,MARINETRAN,Transport Services,Logistics Solution Provider,16.1
Markolines Pavem,MARKOLINES,Construction,Civil Construction,171.89
Marksans Pharma,MARKSANS,Pharmaceuticals & Biotechnology,Pharmaceuticals,326.75
Marsons,MARSONS,Electrical Equipment,Heavy Electrical Equipment,137.56
Marushika Tech.,MARUSHIKA,IT - Hardware,Computers Hardware & Equipments,109.6
Maruti Suzuki,MARUTI,Automobiles,Passenger Cars & Utility Vehicles,12694
Marvel Decor,MDL,Consumer Durables,"Furniture, Home Furnishing",62
MAS FINANC SER,MASFIN,Finance,Non Banking Financial Company (NBFC),295
MASK INVESTMENTS,MASKINVEST,Finance,Investment Company,148.64
Mason Infratech,MASON,Realty,"Residential, Commercial Projects",113.9
Mastek,MASTEK,IT - Software,Computers - Software & Consulting,1772.9
Master Component,MASTER,Industrial Products,Plastic Products - Industrial,429.95
Master Trust,MASTERTR,Capital Markets,Stockbroking & Allied,89.16
Matrimony.com,MATRIMONY,Retailing,Internet & Catalogue Retail,529.05
Matrix Geo Sol.,MGSL,IT - Services,IT Enabled Services,73.8
Mawana Sugars,MAWANASUG,Agricultural Food & other Products,Sugar,145.43
Max Estates,MAXESTATES,Realty,"Residential, Commercial Projects",542.1
Max Financial,MFSL,Insurance,Life Insurance,1548.4
Max Healthcare,MAXHEALTH,Healthcare Services,Hospital,984.8
Max India Ltd,MAXIND,Finance,Holding Company,150.66
Maxposure,MAXPOSURE,Entertainment,Media & Entertainment,29.8
Maxvolt Energy,MAXVOLT,Auto Components,Auto Components & Equipments,324.8
Mayasheel Vent.,MAYASHEEL,Construction,Civil Construction,37.9
Mayur Uniquoters,MAYURUNIQ,Consumer Durables,Leather And Leather Products,734.85
Mazagon Dock,MAZDOCK,Industrial Manufacturing,Ship Building & Allied Services,2475
Mazda,MAZDA,Industrial Manufacturing,Industrial Products,270
MBL Infrast,MBLINFRA,Construction,Civil Construction,24.3
Mcleod Russel,MCLEODRUSS,Agricultural Food & other Products,Tea & Coffee,46.3
McNally Bharat,MBECL,Construction,Civil Construction,258.89
MCON Rasayan,MCON,Other Construction Materials,Other Construction Materials,44
Medi Assist Ser.,MEDIASSIST,Insurance,Insurance Distributors,340.35
Medi Caps,MEDICAPQ,Pharmaceuticals & Biotechnology,Pharmaceuticals,26.29
Media Matrix,MMWL,Entertainment,"Film Production, Distribution & Exhibition",14.53
Medicamen Biotec,MEDICAMEQ,Pharmaceuticals & Biotechnology,Pharmaceuticals,270.25
Medicamen Organ.,MEDIORG,Pharmaceuticals & Biotechnology,Pharmaceuticals,26.5
Medico Remedies,MEDICO,Pharmaceuticals & Biotechnology,Pharmaceuticals,39.87
Medistep Health.,MEDISTEP,Personal Products,Personal Care,22.9
Medplus Health,MEDPLUS,Retailing,Pharmacy Retail,676.35
Meesho,MEESHO,Retailing,E-Retail/ E-Commerce,209
Mega Flex Plast.,MEGAFLEX,Industrial Products,Packaging,91
Megastar Foods,MEGASTAR,Food Products,Other Food Products,307.6
Megatherm Indu.,MEGATHERM,Industrial Products,Other Industrial Products,228.75
Meghmani Organi.,MOL,Fertilizers & Agrochemicals,Pesticides & Agrochemicals,66.66
Meghna Infracon,MIIL,Realty,"Residential, Commercial Projects",717.05
Menon Bearings,MENONBE,Auto Components,Auto Components & Equipments,321.4
Menon Pistons,MENNPIS,Auto Components,Auto Components & Equipments,77.64
MEP Infrast.,MEP,Transport Infrastructure,"Road AssetsToll, Annuity, Hybrid-Annuity",0.71
Mercantile Vent.,MERCANTILE,Commercial Services & Supplies,Diversified Commercial Services,25.45
Mercury EV-Tech,MERCURYEV,Automobiles,Passenger Cars & Utility Vehicles,36.74
Metalic Technoforge,METALIC,Industrial Products,Iron & Steel Products,134.65
Metro Brands,METROBRAND,Consumer Durables,Footwear,929.15
Metroglobal,METROGLOBL,Commercial Services & Supplies,Trading & Distributors,136.14
Metropolis Healt,METROPOLIS,Healthcare Services,Healthcare Service Provider,588.7
MIC Electronics,MICEL,Industrial Products,Other Industrial Products,36.74
Micropro Softwar,MICROPRO,IT - Software,Computers - Software & Consulting,19.85
Midwest,MIDWESTLTD,Consumer Durables,Granites & Marbles,1062.1
Milkfood,MLKFOOD,Food Products,Dairy Products,83.63
Milky Mist Dairy,MILKYMIST,Food Products,Dairy Products,252.43
Milton Industri.,MILTON,Consumer Durables,Plywood Boards/ Laminates,38.1
Minal Industries,MINALIND,Commercial Services & Supplies,Trading & Distributors,5.35
Minda Corp,MINDACORP,Auto Components,Auto Components & Equipments,702.8
Mindpool Tech.,MINDPOOL,IT - Services,IT Enabled Services,71.1
Mindspace Busine,MINDSPACE,Realty,Real Estate Investment Trusts (REITs),501.11
Mindteck (India),MINDTECK,IT - Software,Computers - Software & Consulting,168.81
Mirza Internatio,MIRZAINT,Consumer Durables,Leather And Leather Products,30.96
Mishra Dhatu Nig,MIDHANI,Aerospace & Defense,Aerospace & Defense,418.8
Mitcon Consult.,MITCON,Commercial Services & Supplies,Consulting Services,77.8
Mittal Life Styl,MITTAL,Textiles & Apparels,Garments & Apparels,0.8
MMP Industries,MMP,Non - Ferrous Metals,Aluminium,404.15
MMTC,MMTC,Commercial Services & Supplies,Trading & Distributors,64.18
Mobilise App,MOBILISE,IT - Software,Software Products,108.15
Modern Threads,MODTHREAD,Textiles & Apparels,Other Textile Products,54.37
Modi Naturals,MODINATUR,Agricultural Food & other Products,Other Agricultural Products,340.95
Modi Rubber,MODIRUBBER,Auto Components,Tyres & Rubber Products,131.3
Modi's Navnirman,MODIS,Realty,"Residential, Commercial Projects",380.85
Modison,MODISONLTD,Electrical Equipment,Other Electrical Equipment,469.95
Mohini Health,MHHL,Healthcare Equipment & Supplies,Medical Equipment & Supplies,31.4
Mohit Industries,MOHITIND,Textiles & Apparels,Other Textile Products,23.78
Mohite Industrie,MOHITE,Textiles & Apparels,Other Textile Products,2.79
MOIL,MOIL,Minerals & Mining,Industrial Minerals,252.3
Moksh Ornaments,MOKSH,Consumer Durables,"Gems, Jewellery And Watches",10.07
Molbio Diagnosti,MOLBIO,Healthcare Equipment & Supplies,Medical Equipment & Supplies,1160.5
Mold-Tek Pack.,MOLDTKPAC,Industrial Products,Packaging,706.65
Mold-Tek Technol,MOLDTECH,Construction,Civil Construction,208.96
Monarch Networth,MONARCH,Capital Markets,Stockbroking & Allied,377.9
Moneyboxx Fin.,MONEYBOXX,Finance,Non Banking Financial Company (NBFC),58.8
Mono Pharmacare,MONOPHARMA,Pharmaceuticals & Biotechnology,Pharmaceuticals,8.95
Monolithisch Ind,MONOLITH,Industrial Products,Electrodes & Refractories,1265.65
Monte Carlo Fas.,MONTECARLO,Textiles & Apparels,Garments & Apparels,574.5
Morarjee Text.,MORARJEE,Textiles & Apparels,Other Textile Products,9.7
Morepen Labs.,MOREPENLAB,Pharmaceuticals & Biotechnology,Pharmaceuticals,113.74
MOS Utility,MOS,Financial Technology (Fintech),Financial Technology (Fintech),7.55
Moschip Tech.,MOSCHIP,IT - Hardware,Computers Hardware & Equipments,212.22
Motherson Wiring,MSUMI,Auto Components,Auto Components & Equipments,36.52
Motil.Oswal.Fin.,MOTILALOFS,Capital Markets,Stockbroking & Allied,1037
Motisons Jewel,MOTISONS,Consumer Durables,"Gems, Jewellery And Watches",16.48
Motor & Gen Fin,MOTOGENFIN,Commercial Services & Supplies,Diversified Commercial Services,28.71
Moving Media,MMEL,Commercial Services & Supplies,Diversified Commercial Services,25.25
Moxsh Overseas,MOXSH,Other Consumer Services,Education,99
MPDL Ltd,MPDL,Realty,"Residential, Commercial Projects",33.98
Mphasis,MPHASIS,IT - Software,Computers - Software & Consulting,2422
MPS,MPSLTD,Printing & Publication,Printing & Publication,2658.9
MRF,MRF,Auto Components,Tyres & Rubber Products,129945
Mrs Bectors,BECTORFOOD,Food Products,Packaged Foods,225.96
MSP Steel & Pow.,MSPL,Industrial Products,Iron & Steel Products,35.4
MSTC,MSTCLTD,Commercial Services & Supplies,Trading & Distributors,734.2
MT Educare,MTEDUCARE,Other Consumer Services,Education,1.77
MTAR Technologie,MTARTECH,Electrical Equipment,Other Electrical Equipment,7161
Mufin Green,MUFIN,Finance,Non Banking Financial Company (NBFC),137.56
Mukand,MUKANDLTD,Industrial Products,Iron & Steel Products,134.44
Mukesh Babu Fin.,MUKESHB,Finance,Non Banking Financial Company (NBFC),133.91
Mukka Proteins,MUKKA,Food Products,Animal Feed,31.34
Mukta Arts,MUKTAARTS,Entertainment,"Film Production, Distribution & Exhibition",58.9
Multi Comm. Exc.,MCX,Capital Markets,Exchange and Data Platform,3275.4
Munish Forge,MUNISH,Industrial Products,Castings & Forgings,83.05
Munjal Auto Inds,MUNJALAU,Auto Components,Auto Components & Equipments,112.28
Munjal Showa,MUNJALSHOW,Auto Components,Auto Components & Equipments,129.21
Murudesh.Ceramic,MURUDCERA,Consumer Durables,Ceramics,29.66
Music Broadcast,RADIOCITY,Entertainment,Media & Entertainment,6.28
Muthoot Cap.Serv,MUTHOOTCAP,Finance,Non Banking Financial Company (NBFC),241.72
Muthoot Finance,MUTHOOTFIN,Finance,Non Banking Financial Company (NBFC),2913.8
Muthoot Microfin,MUTHOOTMF,Finance,Microfinance Institutions,205.29
MV Electrosystems,MVELECTRO,Industrial Manufacturing,Industrial Products,729.7
My Mudra Fin.,MYMUDRA,Finance,Other Financial Services,72
Mysore Petro,MYSORPETRO,Chemicals & Petrochemicals,Trading - Chemicals,127.12
N K Industries,NKIND,Agricultural Food & other Products,Edible Oil,57.1
N R Agarwal Inds,NRAIL,"Paper, Forest & Jute Products",Paper & Paper Products,584
N R Vandana,NRVANDANA,Textiles & Apparels,Garments & Apparels,69.9
NACL Industries,NACLIND,Fertilizers & Agrochemicals,Pesticides & Agrochemicals,166.84
Naga Dhunseri,NDGL,Finance,Non Banking Financial Company (NBFC),2787.7
Nagarjuna Fert.,NAGAFERT,Fertilizers & Agrochemicals,Fertilizers,2.05
Nagreeka Cap.,NAGREEKCAP,Finance,Investment Company,23.25
Nagreeka Exports,NAGREEKEXP,Textiles & Apparels,Other Textile Products,24.1
Nahar Capital,NAHARCAP,Finance,Investment Company,261.75
Nahar Indl. Ent.,NAHARINDUS,Textiles & Apparels,Other Textile Products,137.63
Nahar Poly,NAHARPOLY,Industrial Products,Packaging,244.54
Nahar Spinning,NAHARSPING,Textiles & Apparels,Other Textile Products,289.8
Nakoda Group,NGIL,Food Products,Packaged Foods,40.58
Nalwa Sons Invst,NSIL,Finance,Investment Company,5721.5
Naman Industries Proxima,NAMAN,Consumer Durables,"Furniture, Home Furnishing",40.1
Namo eWaste,NAMOEWASTE,Other Utilities,Waste Management,274.1
Nandan Denim,NDL,Textiles & Apparels,Other Textile Products,2.83
Nandani Creation,JAIPURKURT,Textiles & Apparels,Garments & Apparels,25.33
Narayana Hrudaya,NH,Healthcare Services,Hospital,1858.5
Narmada Agrobase,NARMADA,Food Products,Animal Feed,13.51
Natco Pharma,NATCOPHARM,Pharmaceuticals & Biotechnology,Pharmaceuticals,828.65
Nath Bio-Genes,NATHBIOGEN,Agricultural Food & other Products,Other Agricultural Products,153.12
National High,NHIT,Transport Infrastructure,"Road AssetsToll, Annuity, Hybrid-Annuity",171
National Standar,NATIONSTD,Realty,"Residential, Commercial Projects",107.74
Natl. Aluminium,NATIONALUM,Non - Ferrous Metals,Aluminium,374.1
Natl.Fertilizer,NFL,Fertilizers & Agrochemicals,Fertilizers,70.51
Natural Capsules,NATCAPSUQ,Pharmaceuticals & Biotechnology,Pharmaceuticals,216.42
Nava,NAVA,Power,Power Generation,560.2
Navin Fluo.Intl.,NAVINFLUOR,Chemicals & Petrochemicals,Specialty Chemicals,8557.5
Navkar Corporat.,NAVKARCORP,Transport Services,Logistics Solution Provider,96.24
Navkar Urban.,NAVKARURB,Construction,Civil Construction,0.9
Navneet Educat.,NAVNETEDUL,Household Products,Stationary,131.21
Nazara Technolo.,NAZARA,Entertainment,Digital Entertainment,368.65
NBCC,NBCC,Construction,Civil Construction,86.6
NBI Indl. Fin.,NBIFIN,Finance,Non Banking Financial Company (NBFC),1981.9
NCC,NCC,Construction,Civil Construction,149.7
NCL Industries,NCLIND,Cement & Cement Products,Cement & Cement Products,177.81
NDL Ventures,NDLVENTURE,Finance,Other Financial Services,124.72
NDR Auto Compon.,NDRAUTO,Auto Components,Auto Components & Equipments,723.45
NDR INVIT Trust,NDRINVIT,Commercial Services & Supplies,Diversified Commercial Services,145
NDTV,NDTV,Entertainment,TV Broadcasting & Software Production,74.27
Nectar Lifesci.,NECLIFE,Pharmaceuticals & Biotechnology,Pharmaceuticals,12.19
Neelam Linens,NEELAM,Textiles & Apparels,Other Textile Products,6.65
Neelamalai Agro,NEAGI,Agricultural Food & other Products,Tea & Coffee,3300.1
Nelcast,NELCAST,Industrial Products,Castings & Forgings,116.99
NELCO,NELCO,IT - Hardware,Computers Hardware & Equipments,911.25
Neochem Bio,NEOCHEM,Chemicals & Petrochemicals,Specialty Chemicals,95.25
Neogen Chemicals,NEOGEN,Chemicals & Petrochemicals,Specialty Chemicals,2137.9
Nephro Care,NEPHROCARE,Healthcare Services,Hospital,93.55
Nephrocare Health Services,NEPHROPLUS,Healthcare Services,Healthcare Service Provider,697.05
Neptune Pet.,NEPTUNE,Chemicals & Petrochemicals,Petrochemicals,175
NESCO,NESCO,Commercial Services & Supplies,Diversified Commercial Services,1047.6
Nestle India,NESTLEIND,Food Products,Packaged Foods,1410.5
Netweb Technol.,NETWEB,IT - Services,IT Enabled Services,5193
Network People,NPST,Financial Technology (Fintech),Financial Technology (Fintech),1718.8
Netwrk.18 Media,NETWORK18,Entertainment,Media & Entertainment,28.38
Neueon Corporation,NEUEON,Electrical Equipment,Heavy Electrical Equipment,11.22
Neuland Labs.,NEULANDLAB,Pharmaceuticals & Biotechnology,Pharmaceuticals,22660
New India Assura,NIACL,Insurance,General Insurance,229.91
Newgen Software,NEWGEN,IT - Software,Computers - Software & Consulting,524.8
Newjaisa Tech,NEWJAISA,IT - Hardware,Computers Hardware & Equipments,17.75
Newmalayalam St.,NMSTEEL,Industrial Products,Iron & Steel Products,23.85
Next Mediaworks,NEXTMEDIA,Entertainment,Media & Entertainment,3.89
Nexus Select,NXST,Realty,Real Estate Investment Trusts (REITs),165.89
NFP Sampoorna,NFPSAMPOOR,Agricultural Food & other Products,Other Agricultural Products,20.6
NGL Fine Chem,NGLFINE,Pharmaceuticals & Biotechnology,Pharmaceuticals,2907.5
NHPC Ltd,NHPC,Power,Power Generation,76.25
NIBE,NIBE,Aerospace & Defense,Aerospace & Defense,1336.6
Nicco Parks,NICCOPAR,Leisure Services,Amusement Parks/ Other Recreation,79.55
Nidan Laborator.,NIDAN,Healthcare Services,Healthcare Service Provider,14.1
NIIT,NIITLTD,Other Consumer Services,Education,98.96
NIIT Learning,NIITMTS,Other Consumer Services,Education,225.94
Nikita Greentech Recycling,NIKITA,"Paper, Forest & Jute Products",Paper & Paper Products,72.5
Nila Infrastruct,NILAINFRA,Realty,"Residential, Commercial Projects",6.67
Nila Spaces,NILASPACES,Realty,"Residential, Commercial Projects",12.23
NILE,NILE,Minerals & Mining,Industrial Minerals,1465.8
Nilkamal Ltd,NILKAMAL,Consumer Durables,Plastic Products - Consumer,2116.5
Nimbus Projects,NIMBSPROJ,Realty,"Residential, Commercial Projects",147.84
NINtec Systems,NINSYS,IT - Software,Computers - Software & Consulting,712.75
Nippon Life Ind.,NAM-INDIA,Capital Markets,Asset Management Company,1159.9
Niraj Cement,NIRAJ,Construction,Civil Construction,28.72
Niraj Ispat Ind.,NIRAJISPAT,Consumer Durables,Plastic Products - Consumer,387.8
Nirlon,NIRLON,Commercial Services & Supplies,Diversified Commercial Services,620
Nirman Agri,NIRMAN,Agricultural Food & other Products,Other Agricultural Products,28.3
Nitco,NITCO,Consumer Durables,Ceramics,96.1
Nitin Spinners,NITINSPIN,Textiles & Apparels,Other Textile Products,639.05
Nitiraj Engineer,NITIRAJ,Consumer Durables,Consumer Electronics,219.19
Nitta Gelatin,NITTAGELA,Chemicals & Petrochemicals,Specialty Chemicals,1632.5
Niva Bupa Health,NIVABUPA,Insurance,General Insurance,80.11
NLC India,NLCINDIA,Power,Power Generation,273.05
NMDC,NMDC,Minerals & Mining,Industrial Minerals,84.7
NMDC Steel,NSLNISP,Ferrous Metals,Iron & Steel,46.02
NOCIL,NOCIL,Chemicals & Petrochemicals,Specialty Chemicals,172.44
Noida Tollbridg.,NOIDATOLL,Transport Infrastructure,"Road AssetsToll, Annuity, Hybrid-Annuity",4.14
Norben Tea,NORBTEAEXP,Agricultural Food & other Products,Tea & Coffee,70.69
North Eastn.Car.,NECCLTD,Transport Services,Logistics Solution Provider,18.51
Northern Arc,NORTHARC,Finance,Non Banking Financial Company (NBFC),302.15
Nova Agritech,NOVAAGRI,Fertilizers & Agrochemicals,Fertilizers,23.87
Novartis India,NOVARTIND,Pharmaceuticals & Biotechnology,Pharmaceuticals,1646.7
NRB Bearings,NRBBEARING,Auto Components,Auto Components & Equipments,447
NRB Indl Bearing,NIBL,Industrial Products,Abrasives & Bearings,30.8
NTC Industries,NTCIND,Cigarettes & Tobacco Products,Cigarettes & Tobacco Products,133.16
NTPC,NTPC,Power,Power Generation,332.5
NTPC Green Ene.,NTPCGREEN,Power,Power Generation,89.36
Nucleus Soft.,NUCLEUS,IT - Software,Software Products,729.15
Nupur Recyclers,NRL,Metals & Minerals Trading,Trading - Metals,126.92
Nureca,NURECA,Healthcare Equipment & Supplies,Medical Equipment & Supplies,322.7
Nuvama Wealth,NUVAMA,Capital Markets,Stockbroking & Allied,1815.6
Nuvoco Vistas,NUVOCO,Cement & Cement Products,Cement & Cement Products,352.15
Nxt-Infra Trust,NXT-INFRA,Construction,Civil Construction,97
O N G C,ONGC,Oil,Oil Exploration & Production,234.65
OBCL,OBCL,Transport Services,Logistics Solution Provider,55.19
Oberoi Realty,OBEROIRLTY,Realty,"Residential, Commercial Projects",1875.6
OBSC Perfection,OBSCP,Auto Components,Auto Components & Equipments,835.75
OCCL,OCCLLTD,Chemicals & Petrochemicals,Commodity Chemicals,163.93
Odigma Consultan,ODIGMA,IT - Services,IT Enabled Services,23.45
Odyssey Corpn.,ODYCORP,Finance,Non Banking Financial Company (NBFC),7.46
Oil Country,OILCOUNTUB,Oil,Oil Equipment & Services,65
Oil India,OIL,Oil,Oil Exploration & Production,488.3
Ola Electric,OLAELEC,Automobiles,2/3 Wheelers,38.2
Olectra Greentec,OLECTRA,Automobiles,Passenger Cars & Utility Vehicles,1229
Om Freight Forwa,OMFREIGHT,Transport Services,Logistics Solution Provider,89.84
Om Infra,OMINFRAL,Construction,Civil Construction,84.43
Om Power Transmission,OMPOWER,Construction,Civil Construction,175.68
Omax Autos,OMAXAUTO,Auto Components,Auto Components & Equipments,183.07
Omaxe,OMAXE,Realty,"Residential, Commercial Projects",136.38
Omfurn India,OMFURN,Consumer Durables,"Furniture, Home Furnishing",53.85
Omnitech Engg.,OMNI,Industrial Manufacturing,Industrial Products,526
On Door Concepts,ONDOOR,Retailing,Diversified Retail,289.6
One 97,PAYTM,Financial Technology (Fintech),Financial Technology (Fintech),1659.5
One Global Serv,ONEGLOBAL,Healthcare Services,Healthcare Service Provider,542.4
One Mobikwik,MOBIKWIK,Financial Technology (Fintech),Financial Technology (Fintech),192.12
One Point One,ONEPOINT,Commercial Services & Supplies,Business Process Outsourcing (BPO)/ Knowledge Process Outsourcing (KPO),57.01
OneClick Logisti,OLIL,Transport Services,Logistics Solution Provider,427.05
Onelife Capital,ONELIFECAP,Capital Markets,Stockbroking & Allied,32.18
Onemi Technology,KISSHT,Finance,Other Financial Services,309.3
OneSource Speci.,ONESOURCE,Pharmaceuticals & Biotechnology,Pharmaceuticals,1537.8
Onida Electronics,ONIDA,Consumer Durables,Consumer Electronics,34.64
Onix Solar,ONIXSOLAR,Non - Ferrous Metals,Copper,403.2
OnMobile Global,ONMOBILE,Media,Web based media and service,48.49
Onward Technolog,ONWARDTEC,IT - Services,IT Enabled Services,284.35
Onyx Biotec,ONYX,Pharmaceuticals & Biotechnology,Pharmaceuticals,37.5
Optiemus Infra.,OPTIEMUS,Telecom -  Equipment & Accessories,Telecom -  Equipment & Accessories,569.3
Optimus Finance,OPTIFIN,Finance,Non Banking Financial Company (NBFC),14.84
Optimystix Entertainment,OPTIMYSTIX,Entertainment,Media & Entertainment,141.85
Optivalue Tek,OPTIVALUE,IT - Services,IT Enabled Services,174.05
Oracle Fin.Serv.,OFSS,IT - Software,Software Products,12058
Orbit Exports,ORBTEXP,Textiles & Apparels,Other Textile Products,239.02
Orchasp Ltd,ORCHASP,IT - Software,Computers - Software & Consulting,1.39
Orchid Pharma,ORCHPHARMA,Pharmaceuticals & Biotechnology,Pharmaceuticals,954.65
Oriana Power Ltd,ORIANA,Electrical Equipment,Other Electrical Equipment,1205.7
Oricon Enterpris,ORICONENT,Industrial Products,Packaging,54.15
Orient Bell,ORIENTBELL,Consumer Durables,Ceramics,420.1
Orient Cement,ORIENTCEM,Cement & Cement Products,Cement & Cement Products,129.68
Orient Ceratech,ORIENTCER,Industrial Products,Electrodes & Refractories,43.91
Orient Electric,ORIENTELEC,Consumer Durables,Household Appliances,179.19
Orient Green,GREENPOWER,Power,Power Generation,9.28
Orient Paper,ORIENTPPR,"Paper, Forest & Jute Products",Paper & Paper Products,17.08
Orient Press,ORIENTLTD,Industrial Products,Packaging,80.65
Orient Tech.,ORIENTTECH,IT - Services,IT Enabled Services,238.39
Oriental Aromat.,OAL,Chemicals & Petrochemicals,Specialty Chemicals,519.9
Oriental Hotels,ORIENTHOT,Leisure Services,Hotels & Resorts,139.93
Oriental Rail,ORIRAIL,Industrial Products,Other Industrial Products,130.76
Oriental Trimex,ORIENTALTL,Consumer Durables,Granites & Marbles,5.31
Orissa Minerals,ORISSAMINE,Minerals & Mining,Industrial Minerals,4311.7
Orkla India,ORKLAINDIA,Food Products,Other Food Products,594.15
Ortin Global,ORTINGLOBE,Pharmaceuticals & Biotechnology,Pharmaceuticals,15.67
OSEL Devices,OSELDEVICE,Healthcare Equipment & Supplies,Medical Equipment & Supplies,385.15
Osia Hyper Reta.,OSIAHYPER,Retailing,Diversified Retail,2.47
Oswal Agro Mills,OSWALAGRO,Commercial Services & Supplies,Trading & Distributors,36.66
Oswal Green Tech,OSWALGREEN,Finance,Investment Company,20.39
Oswal Pumps,OSWALPUMPS,Industrial Products,"Compressors, Pumps & Diesel Engines",279.2
Owais Metal,OWAIS,Ferrous Metals,Ferro & Silica Manganese,80.45
P & G Health Ltd,PGHL,Pharmaceuticals & Biotechnology,Pharmaceuticals,5660
P & G Hygiene,PGHH,Personal Products,Personal Care,7667.5
P I Industries,PIIND,Fertilizers & Agrochemicals,Pesticides & Agrochemicals,2465
P N Gadgil Jewe.,PNGJL,Consumer Durables,"Gems, Jewellery And Watches",609.05
P S Raj Steels,PSRAJ,Industrial Products,Iron & Steel Products,83.95
P.E. Analytics,PROPEQUITY,Realty,Real Estate related services,225
Pace Digitek,PACEDIGITK,Telecom - Services,Telecom - Infrastructure,167.59
Pacific Inds,PACIFICI,Consumer Durables,Granites & Marbles,143.82
Page Industries,PAGEIND,Textiles & Apparels,Garments & Apparels,36300
Paisalo Digital,PAISALO,Finance,Non Banking Financial Company (NBFC),74.1
Pakka,PAKKA,"Paper, Forest & Jute Products",Paper & Paper Products,73.71
Palash Securi.,PALASHSECU,Food Products,Packaged Foods,90.17
Palred Technolog,PALREDTEC,IT - Services,IT Enabled Services,55.83
Panacea Biotec,PANACEABIO,Pharmaceuticals & Biotechnology,Pharmaceuticals,381.25
Panache Digilife,PANACHE,IT - Services,IT Enabled Services,525
Panama Petrochem,PANAMAPET,Petroleum Products,Lubricants,495.45
Panchmahal Steel,PANCHMAHQ,Industrial Products,Iron & Steel Products,303
Panorama Studios,PANORAMA,Entertainment,"Film Production, Distribution & Exhibition",47.41
Pansari Develop.,PANSARI,Realty,"Residential, Commercial Projects",300.05
Par Drugs & Che.,PAR,Pharmaceuticals & Biotechnology,Pharmaceuticals,156.71
Paradeep Phosph.,PARADEEP,Fertilizers & Agrochemicals,Fertilizers,157
Parag Milk Foods,PARAGMILK,Food Products,Dairy Products,249.6
Paragon Fine,PARAGON,Chemicals & Petrochemicals,Dyes And Pigments,47.5
Paramatrix Tech.,PARAMATRIX,IT - Software,Computers - Software & Consulting,60.35
Paramount Comm.,PARACABLES,Industrial Products,Cables - Electricals,65.51
Paramount Dye,PARAMOUNT,Textiles & Apparels,Other Textile Products,36.85
Paramount Specia,PSFL,Industrial Products,Other Industrial Products,34
Paras Defence,PARAS,Aerospace & Defense,Aerospace & Defense,1414.9
Paras Petrofils,PARASPETRO,Finance,Investment Company,2.14
Parin Enterpris.,PARIN,Consumer Durables,"Furniture, Home Furnishing",716.3
Park Medi World,PARKHOSPS,Healthcare Services,Hospital,286.25
Parnax Lab,PARNAXLAB,Pharmaceuticals & Biotechnology,Pharmaceuticals,134.8
Parsvnath Devl.,PARSVNATH,Realty,"Residential, Commercial Projects",1.57
Parth Electrical,PARTH,Electrical Equipment,Other Electrical Equipment,525.7
Party Cruisers,PARTYCRUS,Other Consumer Services,Other Consumer Services,79.7
Pashupati Cotsp.,PASHUPATI,Textiles & Apparels,Other Textile Products,81.94
Pasupati Acrylon,PASUPTAC,Chemicals & Petrochemicals,Petrochemicals,67.64
Patanjali Foods,PATANJALI,Agricultural Food & other Products,Edible Oil,342.5
Patel Engineerin,PATELENG,Construction,Civil Construction,27.28
Patel Integrated,PATINTLOG,Transport Services,Logistics Solution Provider,13.32
Patel Retail,PATELRMART,Retailing,Diversified Retail,218.32
Patil Automation,PATILAUTOM,Industrial Manufacturing,Industrial Products,279.35
Paul Merchants,PML,Finance,Other Financial Services,488.8
Paushak,PAUSHAKLTD,Chemicals & Petrochemicals,Specialty Chemicals,785.5
Pavna Industries,PAVNAIND,Auto Components,Auto Components & Equipments,17.22
PB Fintech.,POLICYBZR,Financial Technology (Fintech),Financial Technology (Fintech),1836
PBM Polytex,PBMPOLY,Textiles & Apparels,Other Textile Products,61
PC Jeweller,PCJEWELLER,Consumer Durables,"Gems, Jewellery And Watches",11.86
PCBL Chemical,PCBL,Chemicals & Petrochemicals,Carbon Black,317
PDS,PDSL,Textiles & Apparels,Trading - Textile Products,358.5
Pearl Global Ind,PGIL,Textiles & Apparels,Garments & Apparels,2278.3
Pearl Polymers,PEARLPOLY,Consumer Durables,Plastic Products - Consumer,15.08
Pelatro,PELATRO,Media,Web based media and service,391.75
Peninsula Land,PENINLAND,Realty,"Residential, Commercial Projects",16.55
Pennar Industrie,PENIND,Industrial Manufacturing,Industrial Products,169.56
Pentagon Rubber,PENTAGON,Industrial Products,Rubber,82.3
Permanent Magnet,PERMAGN,Electrical Equipment,Other Electrical Equipment,888.2
Persistent Systems,PERSISTENT,IT - Software,Computers - Software & Consulting,5643
Petro Carbon,PCCL,Minerals & Mining,Industrial Minerals,425.15
Petronet LNG,PETRONET,Gas,LPG/CNG/PNG/LNG Supplier,288.1
Pfizer,PFIZER,Pharmaceuticals & Biotechnology,Pharmaceuticals,4609.7
PG Electroplast,PGEL,Consumer Durables,Consumer Electronics,562.3
Phantom Digital,PHANTOMFX,Entertainment,Media & Entertainment,116.85
Phoenix Intl.,PHOENXINTL,Commercial Services & Supplies,Diversified Commercial Services,29.01
Phoenix Mills,PHOENIXLTD,Realty,"Residential, Commercial Projects",1942
Phoenix Overseas,PHOGLOBAL,Commercial Services & Supplies,Trading & Distributors,14.25
Physicswallah,PWL,Other Consumer Services,E-Learning,126.42
Piccadily Agro,PICCADIL,Beverages,Breweries & Distilleries,615.75
Pidilite Inds.,PIDILITIND,Chemicals & Petrochemicals,Specialty Chemicals,1629.5
Pil Italica Life,PILITA,Consumer Durables,Plastic Products - Consumer,8.02
Pilani Invest.,PILANIINVS,Finance,Investment Company,4323.8
Pine Labs,PINELABS,Financial Technology (Fintech),Financial Technology (Fintech),166.37
Pion. Embroider.,PIONEEREMB,Textiles & Apparels,Other Textile Products,21.36
Pioneer Invest,PIONRINV,Finance,Other Financial Services,83.89
Piramal Finance.,PIRAMALFIN,Finance,Housing Finance Company,2225
Piramal Pharma,PPLPHARMA,Pharmaceuticals & Biotechnology,Pharmaceuticals,214.22
Pitti Engg.,PITTIENG,Industrial Manufacturing,Industrial Products,1084.9
Pix Transmission,PIXTRANS,Industrial Products,Rubber,1791.7
Plastiblends (I),PLASTIBLEN,Chemicals & Petrochemicals,Specialty Chemicals,187.91
Platinum Industr,PLATIND,Chemicals & Petrochemicals,Specialty Chemicals,231.54
Plaza Wires,PLAZACABLE,Industrial Products,Cables - Electricals,61.32
PNB Gilts,PNBGILTS,Finance,Investment Company,83.08
PNB Housing,PNBHOUSING,Finance,Housing Finance Company,1166
PNC Infratech,PNCINFRA,Construction,Civil Construction,183.11
PNGS Reva Diamo.,PNGSREVA,Consumer Durables,"Gems, Jewellery And Watches",516.35
POCL Enterprises,POEL,Chemicals & Petrochemicals,Commodity Chemicals,142.78
Poddar Pigments,PODDARMENT,Chemicals & Petrochemicals,Dyes And Pigments,257.1
Pokarna,POKARNA,Consumer Durables,Granites & Marbles,817.15
Poly Medicure,POLYMED,Healthcare Equipment & Supplies,Medical Equipment & Supplies,1702.5
Polycab India,POLYCAB,Industrial Products,Cables - Electricals,8300
Polyplex Corpn,POLYPLEX,Industrial Products,Packaging,1191
Polysil Irrigati,POLYSIL,Industrial Products,Plastic Products - Industrial,70.4
Polyspin Exports,POLYSPIN,Industrial Products,Packaging,29.64
Pondy Oxides,POCL,Diversified Metals,Diversified Metals,477.8
Ponni Sug.Erode,PONNIERODE,Agricultural Food & other Products,Sugar,382.45
Poonawalla Fin,POONAWALLA,Finance,Non Banking Financial Company (NBFC),468.45
Popular Vehicles,PVSL,Automobiles,Auto Dealer,102.63
Positron Energy,POSITRON,Commercial Services & Supplies,Diversified Commercial Services,180
Power & Instrum.,PIGL,Electrical Equipment,Other Electrical Equipment,98.78
Power Fin.Corpn.,PFC,Finance,Financial Institution,355.6
Power Grid Corpn,POWERGRID,Power,Power - Transmission,266
Power Mech Proj.,POWERMECH,Construction,Civil Construction,2306.1
Powergrid Infra.,PGINVIT,Power,Power - Transmission,101.17
Powerica Ltd,POWERICA,Electrical Equipment,Heavy Electrical Equipment,525.05
PPAP Automotive,PPAP,Auto Components,Auto Components & Equipments,260.9
Prabha Energy,PRABHA,Oil,Oil Exploration & Production,230.6
Pradeep Metals,PRADPME,Auto Components,Auto Components & Equipments,491.6
Praj Industries,PRAJIND,Industrial Manufacturing,Industrial Products,335.55
Prajay Engineers,PRAENG,Realty,"Residential, Commercial Projects",24.69
Prakash Industri,PRAKASH,Ferrous Metals,Iron & Steel,125.63
Prakash Pipes,PPL,Industrial Products,Plastic Products - Industrial,262
Prakash Steelage,PRAKASHSTL,Industrial Products,Iron & Steel Products,3.82
Pramara Promotio,PRAMARA,Media,Advertising & Media Agencies,102.25
Pramodini Medicare,PRAMODINI,Healthcare Services,Healthcare Service Provider,114.8
Pranik Logistics,PRANIK,Transport Services,Logistics Solution Provider,47.85
Prataap Snacks,DIAMONDYD,Food Products,Packaged Foods,1158.3
Pratham EPC,PRATHAM,Construction,Civil Construction,119
Praveg,PRAVEG,Leisure Services,Hotels & Resorts,266.15
Praxis Home,PRAXIS,Retailing,Speciality Retail,4.65
Prec. Wires (I),PRECWIRE,Industrial Products,"Aluminium, Copper & Zinc Products",472.8
Precision Camshf,PRECAM,Auto Components,Auto Components & Equipments,124.02
Precision Metal.,PRECISION,Auto Components,Auto Components & Equipments,6.5
Precot,PRECOT,Textiles & Apparels,Other Textile Products,698.05
Prem. Explosives,PREMEXPLN,Chemicals & Petrochemicals,Explosives,664
Premco Global,PREMCO,Textiles & Apparels,Other Textile Products,390.95
Premier Energies,PREMIERENE,Electrical Equipment,Other Electrical Equipment,1002
Premier Polyfilm,PREMIERPOL,Industrial Products,Plastic Products - Industrial,95.36
Premier Roadline,PRLIND,Transport Services,Logistics Solution Provider,38.05
Premium Plast,PREMIUM,Auto Components,Auto Components & Equipments,38
Presstonic Engi.,PRESSTONIC,Industrial Manufacturing,Industrial Products,33.05
Prestige Estates,PRESTIGE,Realty,"Residential, Commercial Projects",1587
Pricol Ltd,PRICOLLTD,Auto Components,Auto Components & Equipments,764.95
Prime Cable Ind.,PRIMECAB,Industrial Products,Cables - Electricals,197.5
Prime Focus,PFOCUS,Entertainment,Media & Entertainment,307
Prime Securities,PRIMESECU,Finance,Other Financial Services,284.5
Primo Chemicals,PRIMO,Chemicals & Petrochemicals,Commodity Chemicals,21.27
Prince Pipes,PRINCEPIPE,Industrial Products,Plastic Products - Industrial,283
Priority Jewels,PRIORITY,Consumer Durables,"Gems, Jewellery And Watches",241.5
Prism Johnson,PRSMJOHNSN,Cement & Cement Products,Cement & Cement Products,111.12
Prismx Global,PRISMX,Commercial Services & Supplies,Trading & Distributors,0.55
Prit Nandy Comm.,PNC,Entertainment,"Film Production, Distribution & Exhibition",16.72
Priti Internati.,PRITI,Consumer Durables,"Furniture, Home Furnishing",33.89
Pritika Auto,PRITIKAUTO,Auto Components,Auto Components & Equipments,16.27
Pritika Engineer,PRITIKA,Auto Components,Auto Components & Equipments,63.35
Privi Speci.,PRIVISCL,Chemicals & Petrochemicals,Specialty Chemicals,3367.3
Prizor Viztech,PRIZOR,Industrial Manufacturing,Industrial Products,1200.4
Pro FX,PROFX,Consumer Durables,Consumer Electronics,77
Prolife Indust.,PROLIFE,Chemicals & Petrochemicals,Dyes And Pigments,79
Propshop Events,PROPSHOP,Commercial Services & Supplies,Diversified Commercial Services,70.1
Prostarm Info,PROSTARM,Electrical Equipment,Other Electrical Equipment,134.73
Protean eGov,PROTEAN,IT - Services,IT Enabled Services,496.3
Proventus Agro.,PROV,Food Products,Other Food Products,1910
Prozone Realty,PROZONER,Realty,"Residential, Commercial Projects",49.76
Pruden. Sugar,PRUDMOULI,Agricultural Food & other Products,Sugar,16.25
Prudent Corp.,PRUDENT,Capital Markets,Financial Products Distributor,3347.6
PSP Projects,PSPPROJECT,Construction,Civil Construction,875.5
PTC India,PTC,Power,Power Trading,156.29
PTC India Fin,PFS,Finance,Non Banking Financial Company (NBFC),26.94
PTC Industries,PTCIL,Industrial Products,Castings & Forgings,23830
PTL Enterprises,PTL,Commercial Services & Supplies,Diversified Commercial Services,38.74
Pudumjee Paper,PDMJEPAPER,"Paper, Forest & Jute Products",Paper & Paper Products,93.22
Pulz Electronics,PULZ,Consumer Durables,Consumer Electronics,22.1
Pun. & Sind Bank,PSB,Banks,Public Sector Bank,23.23
Punjab Chemicals,PUNJABCHEM,Fertilizers & Agrochemicals,Pesticides & Agrochemicals,1100.3
Punjab Natl.Bank,PNB,Banks,Public Sector Bank,117
Puravankara,PURVA,Realty,"Residential, Commercial Projects",230.72
Purple Style,PERNIASPOP,,,
Purple United,PURPLEUTED,Textiles & Apparels,Garments & Apparels,416.2
Purv Flexi,PURVFLEXI,Industrial Products,Plastic Products - Industrial,45.8
Pushpa Jewellers,PUSHPA,Consumer Durables,"Gems, Jewellery And Watches",108.95
PVP Ventures,PVP,Realty,"Residential, Commercial Projects",67.94
PVR Inox,PVRINOX,Entertainment,"Film Production, Distribution & Exhibition",1227.2
Pyramid Technopl,PYRAMID,Industrial Products,Packaging,153.83
Q-Line Biotech,QLINE,Healthcare Equipment & Supplies,Medical Equipment & Supplies,639.6
QMS Medical,QMSMEDI,Healthcare Equipment & Supplies,Medical Equipment & Supplies,158.97
Quadpro ITeS,QUADPRO,IT - Services,IT Enabled Services,2.5
Quadrant Future,QUADFUTURE,Industrial Products,Cables - Electricals,417.9
Quality Foils,QFIL,Industrial Products,Iron & Steel Products,63
Quality Power El,QPOWER,Electrical Equipment,Heavy Electrical Equipment,1495.3
Quess Corp,QUESS,Commercial Services & Supplies,Diversified Commercial Services,354.75
Quest Laborato.,QUESTLAB,Pharmaceuticals & Biotechnology,Pharmaceuticals,85.5
Quick Heal Tech,QUICKHEAL,IT - Software,Software Products,140.94
Quicktouch Tech,QUICKTOUCH,IT - Software,Computers - Software & Consulting,16
Quint Digital,QUINT,Media,Electronic Media,40.68
QVC Exports,QVCEL,Ferrous Metals,Ferro & Silica Manganese,24.75
R C F,RCF,Fertilizers & Agrochemicals,Fertilizers,114.92
R K Swamy,RKSWAMY,Media,Advertising & Media Agencies,94.25
R M Drip & Sprin,RMDRIP,Industrial Products,Plastic Products - Industrial,21.13
R R Kabel,RRKABEL,Industrial Products,Cables - Electricals,2454.1
R S Software (I),RSSOFTWARE,IT - Software,Computers - Software & Consulting,30.61
R Systems Intl.,RSYSTEMS,IT - Services,IT Enabled Services,256.12
R&B Denims,RNBDENIMS,Textiles & Apparels,Other Textile Products,10.27
RaajMarg Infra,RIIT,Transport Infrastructure,"Road AssetsToll, Annuity, Hybrid-Annuity",121.57
Race Eco,RACE,Other Utilities,Waste Management,99.3
Rachana Infra.,RILINFRA,Construction,Civil Construction,35.15
RACL Geartech,RACLGEAR,Auto Components,Auto Components & Equipments,1576.1
Radaan Media.,RADAAN,Entertainment,Media & Entertainment,2.97
Radhika Jeweltec,RADHIKAJWE,Consumer Durables,"Gems, Jewellery And Watches",83.16
Radiant Cash,RADIANTCMS,Commercial Services & Supplies,Diversified Commercial Services,41.78
Radico Khaitan,RADICO,Beverages,Breweries & Distilleries,4494
Radiowalla,RADIOWALLA,Entertainment,Media & Entertainment,28.7
Raghav Product.,RPEL,Industrial Products,Electrodes & Refractories,1807.2
Rail Vikas,RVNL,Construction,Civil Construction,212.49
Railtel Corpn.,RAILTEL,Telecom - Services,Other Telecom Services,271.05
Rain Industries,RAIN,Chemicals & Petrochemicals,Petrochemicals,215.72
Rainbow Child.,RAINBOW,Healthcare Services,Hospital,1447.2
Raj Oil Mills,ROML,Agricultural Food & other Products,Edible Oil,42
Raj Rayon Inds.,RAJRILTD,Textiles & Apparels,Other Textile Products,22.09
Raj Television,RAJTV,Entertainment,TV Broadcasting & Software Production,8.07
Rajapalayam Mill,RAJPALAYAM,Textiles & Apparels,Other Textile Products,795.3
Rajas. Petro Syn,RAJASPETRO,Textiles & Apparels,Other Textile Products,10.8
Rajdarshan Inds,ARENTERP,Metals & Minerals Trading,Trading - Minerals,34.65
Rajesh Exports,RAJESHEXPO,Consumer Durables,"Gems, Jewellery And Watches",83.02
Rajgor Castor,RCDL,Agricultural Food & other Products,Edible Oil,14.15
Rajnandini Metal,RAJMET,Industrial Products,"Aluminium, Copper & Zinc Products",3.15
Rajoo Engineers,RAJOOENG,Industrial Manufacturing,Industrial Products,51.59
Rajputana Bio.,RAJPUTANA,Chemicals & Petrochemicals,Petrochemicals,219.95
Rajputana Indu.,RAJINDLTD,Industrial Products,"Aluminium, Copper & Zinc Products",63
Rajputana Stain.,RSL,Industrial Products,Iron & Steel Products,181.5
Rajratan Global,RAJRATAN,Auto Components,Auto Components & Equipments,498.35
Rajshree Polypac,RPPL,Industrial Products,Packaging,23.29
Rajshree Sugars,RAJSREESUG,Agricultural Food & other Products,Sugar,35.47
Rallis India,RALLIS,Fertilizers & Agrochemicals,Pesticides & Agrochemicals,208.82
Ram Ratna Wires,RAMRAT,Electrical Equipment,Other Electrical Equipment,560.65
Rama Phosphates,RAMAPHO,Fertilizers & Agrochemicals,Fertilizers,123.48
Rama Steel Tubes,RAMASTEEL,Industrial Products,Iron & Steel Products,4.02
Rama Telecom,RTL,Telecom - Services,Telecom - Infrastructure,83.25
Ramco Inds.,RAMCOIND,Other Construction Materials,Other Construction Materials,323.25
Ramco Systems,RAMCOSYS,IT - Software,Software Products,611.2
Ramdevbaba Sol.,RBS,Agricultural Food & other Products,Edible Oil,88.1
Ramkrishna Forg.,RKFORGE,Auto Components,Auto Components & Equipments,700.85
Ramky Infra,RAMKY,Construction,Civil Construction,347.4
Rana Sugars,RANASUG,Agricultural Food & other Products,Sugar,14.8
Rane (Madras),RML,Auto Components,Auto Components & Equipments,1295.9
Rane Holdings,RANEHOLDIN,Finance,Holding Company,1651.1
Rapid Fleet,RAPIDFLEET,Transport Services,Logistics Solution Provider,233
Rappid Valves,RAPPID,Industrial Products,Other Industrial Products,309.5
Rashi Peripheral,RPTECH,IT - Hardware,Computers Hardware & Equipments,823.65
Rategain Travel,RATEGAIN,IT - Software,Computers - Software & Consulting,851.15
Ratnamani Metals,RATNAMANI,Industrial Products,Iron & Steel Products,2727
Ratnaveer Precis,RATNAVEER,Industrial Products,Iron & Steel Products,304.75
RattanIndia Ent,RTNINDIA,Retailing,E-Retail/ E-Commerce,27.82
RattanIndia Pow.,RTNPOWER,Power,Power Generation,7.36
Ravikumar Distll,RKDL,Beverages,Breweries & Distilleries,18.39
Ravinder Heights,RVHL,Realty,"Residential, Commercial Projects",39.84
Ravindra Energy,RELTD,Electrical Equipment,Other Electrical Equipment,161.37
Raymond,RAYMOND,Industrial Manufacturing,Industrial Products,740.85
Raymond Lifestyl,RAYMONDLSL,Textiles & Apparels,Other Textile Products,663.65
Raymond Realty,RAYMONDREL,Realty,"Residential, Commercial Projects",529.15
RBL Bank,RBLBANK,Banks,Private Sector Bank,414.35
RBM Infracon,RBMINFRA,Commercial Services & Supplies,Diversified Commercial Services,236.9
RBZ Jewellers Lt,RBZJEWEL,Consumer Durables,"Gems, Jewellery And Watches",200.69
RDB Real Estate,RRECL,Realty,"Residential, Commercial Projects",136.83
Readymix Cons.,READYMIX,Construction,Civil Construction,76
REC Ltd,RECLTD,Finance,Financial Institution,318.7
Redington,REDINGTON,Commercial Services & Supplies,Trading & Distributors,371.3
Redtape,REDTAPE,Consumer Durables,Footwear,120.43
Refex Industries,REFEX,Other Utilities,Waste Management,282.55
Refractory Shap.,REFRACTORY,Industrial Products,Electrodes & Refractories,25.25
Regaal Resources,REGAAL,Agricultural Food & other Products,Other Agricultural Products,88.51
Regency Ceramics,REGENCERAM,Consumer Durables,Ceramics,34.86
Rel. Chemotex,RELCHEMQ,Textiles & Apparels,Other Textile Products,116.73
Rel. Indl. Infra,RIIL,Transport Services,Logistics Solution Provider,750.95
Relaxo Footwear,RELAXO,Consumer Durables,Footwear,344.75
Reliable Data,RELIABLE,Finance,Other Financial Services,140.88
Reliance Communi,RCOM,Telecom - Services,Telecom - Cellular & Fixed line services,0.81
Reliance Home,RHFL,Finance,Housing Finance Company,1.82
Reliance Industries,RELIANCE,Petroleum Products,Refineries & Marketing,1322
Reliance Infra.,RELINFRA,Power,Integrated Power Utilities,57.02
Reliance Power,RPOWER,Power,Power Generation,22.08
Religare Enterp.,RELIGARE,Finance,Investment Company,257.08
Remsons Ind,REMSONSIND,Auto Components,Auto Components & Equipments,99.35
Remus Pharma.,REMUS,Pharmaceuticals & Biotechnology,Pharmaceuticals,890.05
Renaiss. Global,RGL,Consumer Durables,"Gems, Jewellery And Watches",149.26
Renol Polychem,RNPL,Chemicals & Petrochemicals,Specialty Chemicals,79
Repco Home Fin,REPCOHOME,Finance,Housing Finance Company,358.75
Repro India,REPRO,Printing & Publication,Printing & Publication,319.45
Responsive Ind,RESPONIND,Consumer Durables,"Furniture, Home Furnishing",154.9
Restaurant Brand,RBA,Leisure Services,Restaurants,97.15
Revathi Equip,RVTH,Industrial Manufacturing,Industrial Products,734.45
Rex Pipes&Cables,REXPIPES,Industrial Products,Plastic Products - Industrial,160.65
Rexpro Enter.,REXPRO,Consumer Durables,"Furniture, Home Furnishing",39.4
RFBL Flexi Pack,RFBL,Industrial Products,Packaging,84.65
Rhetan TMT Ltd,RHETAN,Industrial Products,Iron & Steel Products,25.42
RHI Magnesita,RHIM,Industrial Products,Electrodes & Refractories,371.35
Richa Info,RICHA,IT - Hardware,Computers Hardware & Equipments,78
Rico Auto Inds,RICOAUTO,Auto Components,Auto Components & Equipments,130.46
RIR Power Electr,RIR,Electrical Equipment,Other Electrical Equipment,169.86
Rishabh Instrum.,RISHABH,Electrical Equipment,Other Electrical Equipment,738.45
Ritco Logistics,RITCO,Transport Services,Logistics Solution Provider,301.8
Rites,RITES,Construction,Civil Construction,215.8
RKEC Projects,RKEC,Construction,Civil Construction,21.73
RMC Switchgears,RMC,Electrical Equipment,Other Electrical Equipment,233.54
RNFI Services,RNFI,Finance,Other Financial Services,299.15
Roadstar Infra,ROADSTAR,Transport Infrastructure,"Road AssetsToll, Annuity, Hybrid-Annuity",63
Robust Hotels,RHL,Leisure Services,Hotels & Resorts,167.89
Rockingdeals Cir,ROCKINGDCE,Commercial Services & Supplies,Trading & Distributors,234.25
Rolex Rings,ROLEXRINGS,Auto Components,Auto Components & Equipments,171.72
Rollatainers,ROLLT,Industrial Products,Packaging,4.37
Rossari Biotech,ROSSARI,Chemicals & Petrochemicals,Specialty Chemicals,460.25
Rossell India,ROSSELLIND,Agricultural Food & other Products,Tea & Coffee,56.96
Rossell Techsys,ROSSTECH,Aerospace & Defense,Aerospace & Defense,1150.5
Roto Pumps,ROTO,Industrial Products,"Compressors, Pumps & Diesel Engines",65.03
Route Mobile,ROUTE,Telecom - Services,Other Telecom Services,501.55
ROX Hi-Tech,ROXHITECH,IT - Services,IT Enabled Services,46.3
Royal Arc Ele.,ROYALARC,Industrial Products,Electrodes & Refractories,159
Royal Orch.Hotel,ROHLTD,Leisure Services,Hotels & Resorts,298.55
RPG LifeScience.,RPGLIFE,Pharmaceuticals & Biotechnology,Pharmaceuticals,2721.6
RPP Infra Proj.,RPPINFRA,Construction,Civil Construction,54.14
RPSG Ventures,RPSGVENT,Commercial Services & Supplies,Business Process Outsourcing (BPO)/ Knowledge Process Outsourcing (KPO),831.4
RRIL,RRIL,Textiles & Apparels,Other Textile Products,16.66
RSD Finance,RSDFIN,Finance,Non Banking Financial Company (NBFC),96.75
RSWM Ltd,RSWM,Textiles & Apparels,Other Textile Products,220.63
RTS Power Corpn.,RTSPOWR,Electrical Equipment,Other Electrical Equipment,88.08
Rubfila Intl.,RUBFILA,Industrial Products,Rubber,70.69
Rubicon Research,RUBICON,Pharmaceuticals & Biotechnology,Pharmaceuticals,1768.3
Ruby Mills,RUBYMILLS,Textiles & Apparels,Other Textile Products,428.3
Ruchi Infrastr.,RUCHINFRA,Commercial Services & Supplies,Diversified Commercial Services,5.82
Ruchira Papers,RUCHIRA,"Paper, Forest & Jute Products",Paper & Paper Products,107.5
Rudra Global,RUDRA,Industrial Products,Iron & Steel Products,20.33
Rudrabhish. Ent.,REPL,Construction,Civil Construction,63.19
Rulka,RULKA,Construction,Civil Construction,106.25
Rupa & Co,RUPA,Textiles & Apparels,Garments & Apparels,144.49
Rushil Decor,RUSHIL,Consumer Durables,Plywood Boards/ Laminates,16.01
S & S Power Swit,S&SPOWER,Electrical Equipment,Other Electrical Equipment,323.95
S A I L,SAIL,Ferrous Metals,Iron & Steel,196.8
S A Tech Soft.,SATECH,IT - Software,Computers - Software & Consulting,39.6
S C I,SCI,Transport Services,Shipping,295.35
S Chand & Compan,SCHAND,Printing & Publication,Printing & Publication,136.41
S D Retail,SDREAMS,Textiles & Apparels,Garments & Apparels,85.15
S H Kelkar & Co.,SHK,Chemicals & Petrochemicals,Specialty Chemicals,150.87
S J Logistics (I,SJLOGISTIC,Transport Services,Logistics Solution Provider,315.7
S P Apparels,SPAL,Textiles & Apparels,Garments & Apparels,1071.1
S P I C,SPIC,Fertilizers & Agrochemicals,Fertilizers,71.28
S T C,STCINDIA,Commercial Services & Supplies,Trading & Distributors,115.28
S V Global Mill,SVGLOBAL,Realty,"Residential, Commercial Projects",163.62
S.A.L Steel,SALSTEEL,Ferrous Metals,Sponge Iron,81.37
Saakshi Medtech,SAAKSHI,Electrical Equipment,Other Electrical Equipment,317.3
Saatvik Green,SAATVIKGL,Electrical Equipment,Other Electrical Equipment,424.4
SAB Industries,SAB,Construction,Civil Construction,183.5
Sabar Flex India,SABAR,Industrial Products,Packaging,9.5
Sacheerome,SACHEEROME,Chemicals & Petrochemicals,Specialty Chemicals,485.25
Sadbhav Engg.,SADBHAV,Construction,Civil Construction,8.15
Sadbhav Infra.,SADBHIN,Construction,Civil Construction,2.55
Sadhana Nitro,SADHNANIQ,Chemicals & Petrochemicals,Commodity Chemicals,2.72
Sadhav Shipping,SADHAV,Transport Services,Shipping,110.65
Safari Inds.,SAFARI,Consumer Durables,Plastic Products - Consumer,1540.4
Safe Enterprises,SAFEENTP,Consumer Durables,"Furniture, Home Furnishing",273
Sagar Cements,SAGCEM,Cement & Cement Products,Cement & Cement Products,152.86
Sagardeep Alloys,SAGARDEEP,Industrial Products,"Aluminium, Copper & Zinc Products",23.62
Sagility,SAGILITY,IT - Services,IT Enabled Services,46.82
Sahaj Solar,SAHAJSOLAR,Electrical Equipment,Other Electrical Equipment,99.95
Sahana Systems,SAHANA,IT - Services,IT Enabled Services,920.3
Sahasra Electro.,SAHASRA,Industrial Products,Other Industrial Products,307.85
Sahyadri Industr,SAHYADRI,Other Construction Materials,Other Construction Materials,392.15
Sai Capital,SAICAPI,Commercial Services & Supplies,Diversified Commercial Services,157.56
Sai Life,SAILIFE,Pharmaceuticals & Biotechnology,Pharmaceuticals,1584.3
Sai Parenteral's,SAIPARENT,Pharmaceuticals & Biotechnology,Pharmaceuticals,519.55
Sai Silks,KALAMANDIR,Retailing,Speciality Retail,86.49
Saint-Gob. Sekur,SEKURITIND,Auto Components,Auto Components & Equipments,114.56
Saj Hotels,SAJHOTELS,Leisure Services,Hotels & Resorts,37.9
Sakar Healthcare,SAKAR,Pharmaceuticals & Biotechnology,Pharmaceuticals,1013.9
Saksoft,SAKSOFT,IT - Software,Computers - Software & Consulting,154.58
Sakthi Sugars,SAKHTISUG,Agricultural Food & other Products,Sugar,19.78
Sakuma Exports,SAKUMA,Commercial Services & Supplies,Trading & Distributors,1.62
Salasar Exterior,SECL,Construction,Civil Construction,2.65
Salasar Techno,SALASAR,Industrial Manufacturing,Industrial Products,5.2
Salona Cotspin,SALONA,Textiles & Apparels,Other Textile Products,269.95
Salzer Electron.,SALZERELEC,Electrical Equipment,Other Electrical Equipment,549.7
Samay Project,SAMAY,Construction,Civil Construction,44.5
Sambandam Spg.,SAMBANDAM,Textiles & Apparels,Other Textile Products,123.23
Sambhaav Media,SAMBHAAV,Media,Electronic Media,5.94
Sambhv Steel,SAMBHV,Industrial Products,Iron & Steel Products,128.69
Sameera Agro,SAIFL,Agricultural Food & other Products,Other Agricultural Products,4.8
Samhi Hotels,SAMHI,Leisure Services,Hotels & Resorts,153.99
Sammaan Capital,SAMMAANCAP,Finance,Housing Finance Company,158.39
Sampann Utpadan,SAMPANN,Industrial Products,Rubber,25.19
Samvardh. Mothe.,MOTHERSON,Auto Components,Auto Components & Equipments,160.7
Sanathan Textile,SANATHAN,Textiles & Apparels,Other Textile Products,456.2
Sandesh,SANDESH,Media,Print Media,1051.3
Sandhar Tech,SANDHAR,Auto Components,Auto Components & Equipments,624
Sandur Manganese,SANDUMA,Ferrous Metals,Iron & Steel,197.83
Sangam India,SANGAMIND,Textiles & Apparels,Other Textile Products,578.8
Sangani Hospital,SANGANI,Healthcare Services,Hospital,54.6
Sanghvi Movers,SANGHVIMOV,Commercial Services & Supplies,Diversified Commercial Services,439.2
Sanginita Chemi.,SANGINITA,Chemicals & Petrochemicals,Specialty Chemicals,59.5
Sanofi Consumer,SANOFICONR,Pharmaceuticals & Biotechnology,Pharmaceuticals,4201.7
Sanofi India,SANOFI,Pharmaceuticals & Biotechnology,Pharmaceuticals,3158.2
Sansera Enginee.,SANSERA,Auto Components,Auto Components & Equipments,3782.6
Sanstar,SANSTAR,Agricultural Food & other Products,Other Agricultural Products,111.31
Sanwaria Consum.,SANWARIA,Food Products,Other Food Products,0.18
Sapphire Foods,SAPPHIRE,Leisure Services,Restaurants,228.43
Sar Televenture,SARTELE,Telecom - Services,Telecom - Infrastructure,89.4
Saraswati Commer,ZSARACOM,Finance,Non Banking Financial Company (NBFC),11302
Saraswati Saree,SSDL,Textiles & Apparels,Garments & Apparels,56.69
Sarda Energy,SARDAEN,Ferrous Metals,Iron & Steel,508.55
Saregama India,SAREGAMA,Entertainment,Media & Entertainment,492.75
Sarla Performanc,SARLAPOLY,Textiles & Apparels,Other Textile Products,100.2
Saroja Pharma In,SAROJA,Chemicals & Petrochemicals,Specialty Chemicals,38.95
Sarthak Metals,SMLT,Industrial Products,Iron & Steel Products,65.59
Sarveshwar Foods,SARVESHWAR,Agricultural Food & other Products,Other Agricultural Products,3.36
Sasken Technol.,SASKEN,IT - Services,IT Enabled Services,1881.3
Sat Kartar Life,SATKARTAR,Pharmaceuticals & Biotechnology,Pharmaceuticals,116.7
Sathlokhar Sys.,SSEGL,Construction,Civil Construction,400.6
Sati Poly,SATIPOLY,Industrial Products,Packaging,38.9
Satia Industries,SATIA,"Paper, Forest & Jute Products",Paper & Paper Products,63.36
Satin Creditcare,SATIN,Finance,Microfinance Institutions,220.75
Sattva Eng.,SATTVAENGG,Other Utilities,Water Supply & Management,61.5
Saurashtra Cem.,SAURASHCEM,Cement & Cement Products,Cement & Cement Products,57.61
Savita Oil Tech,SOTL,Petroleum Products,Lubricants,740.75
Savy Infra,SAVY,Construction,Civil Construction,136.15
Sawaliya Food,SAWALIYA,Agricultural Food & other Products,Other Agricultural Products,159.95
Sayaji Hotels,SAYAJIHOTL,Leisure Services,Hotels & Resorts,319.35
Sayaji Industr,SAYAJIIND,Agricultural Food & other Products,Other Agricultural Products,116.11
SBC Exports,SBC,Textiles & Apparels,Garments & Apparels,45.76
SBFC Finance,SBFC,Finance,Non Banking Financial Company (NBFC),100.08
SBI,SBIN,Banks,Public Sector Bank,1016.1
SBI Cards,SBICARD,Finance,Non Banking Financial Company (NBFC),658.25
SBI Funds Mgt.,SBIFUNDS,Capital Markets,Asset Management Company,562.1
SBI Life Insuran,SBILIFE,Insurance,Life Insurance,1775
Scan Steels,SCANSTL,Ferrous Metals,Iron & Steel,59.22
Schaeffler India,SCHAEFFLER,Auto Components,Auto Components & Equipments,3956.4
Schneider Elect.,SCHNEIDER,Electrical Equipment,Heavy Electrical Equipment,1232.4
Scoda Tubes,SCODATUBES,Industrial Products,Iron & Steel Products,135.02
SEAMEC Ltd,SEAMECLTD,Transport Services,Shipping,1793.6
Secmark Consult.,SECMARK,IT - Software,Computers - Software & Consulting,144.4
SecureKloud Tech,SECURKLOUD,IT - Services,IT Enabled Services,17.01
Sedemac Mechatro,SEDEMAC,Auto Components,Auto Components & Equipments,2814.4
Sejal Glass,SEJALLTD,Industrial Products,Glass - Industrial,657.5
SEL Mfg. Co,SELMC,Textiles & Apparels,Other Textile Products,27.5
Sellowrap Indus.,SELLOWRAP,Auto Components,Auto Components & Equipments,67.5
Semac Construct,SEMAC,Construction,Civil Construction,277.25
Senco Gold,SENCO,Consumer Durables,"Gems, Jewellery And Watches",358.65
Senores Pharma.,SENORES,Pharmaceuticals & Biotechnology,Pharmaceuticals,1428.4
SEPC,SEPC,Construction,Civil Construction,5.38
Service Care Ltd,SERVICE,Commercial Services & Supplies,Diversified Commercial Services,69.45
Servotech Renew,SERVOTECH,Electrical Equipment,Other Electrical Equipment,79.62
Seshaasai Tech.,STYL,Financial Technology (Fintech),Financial Technology (Fintech),383.5
Seshasayee Paper,SESHAPAPER,"Paper, Forest & Jute Products",Paper & Paper Products,233.09
Setco Automotive,SETCO,Auto Components,Auto Components & Equipments,17.45
Seya Industries,SEYAIND,Chemicals & Petrochemicals,Specialty Chemicals,12.25
SG Finserve,SGFIN,Finance,Non Banking Financial Company (NBFC),675.7
SG Mart,SGMART,Metals & Minerals Trading,Trading - Metals,824.75
SGL Resources,SGLRES,IT - Services,IT Enabled Services,2.41
Sh. Ajit Pulp,SAPPL,"Paper, Forest & Jute Products",Paper & Paper Products,281.85
Sh. Bajrang All.,SHBAJRG,Industrial Products,Iron & Steel Products,160.67
Sh. Digvijay Cem,SHREDIGCEM,Cement & Cement Products,Cement & Cement Products,74.44
Sh. Jagdamba Pol,SHRJAGP,Industrial Products,Packaging,625.65
Sh. Rama Multi.,SHREERAMA,Industrial Products,Packaging,44.12
Sh.Pushkar Chem.,SHREEPUSHK,Chemicals & Petrochemicals,Dyes And Pigments,475.25
Sh.Renuka Sugar,RENUKA,Agricultural Food & other Products,Sugar,24.04
Shadowfax Technologies,SHADOWFAX,Transport Services,Logistics Solution Provider,259.55
Shah Alloys,SHAHALLOYS,Industrial Products,Iron & Steel Products,101.5
Shah Metacorp,SHAH,Industrial Products,Iron & Steel Products,3.51
Shaily Engineer.,SHAILY,Consumer Durables,Plastic Products - Consumer,3278.3
Shakti Pumps,SHAKTIPUMP,Industrial Products,"Compressors, Pumps & Diesel Engines",473
Shalby,SHALBY,Healthcare Services,Hospital,152.71
Shalibhadra Fin.,SAHLIBHFI,Finance,Non Banking Financial Company (NBFC),89.52
Shalimar Paints,SHALPAINTS,Consumer Durables,Paints,85.47
Shankar Lal Ram.,SRD,Chemicals & Petrochemicals,Trading - Chemicals,39.33
Shankara Building,SHANKARA,Retailing,Speciality Retail,148.18
Shankara Buildpro,BUILDPRO,Retailing,Speciality Retail,1298.2
Shankesh Jewellers,SHANKESH,Consumer Durables,"Gems, Jewellery And Watches",98.92
Shanthala FMCG,SHANTHALA,Cigarettes & Tobacco Products,Cigarettes & Tobacco Products,16.6
Shanthi Gears,SHANTIGEAR,Industrial Manufacturing,Industrial Products,621.75
Shanti Educat.,SEIL,Other Consumer Services,Education,200.76
Shanti Gold,SHANTIGOLD,Consumer Durables,"Gems, Jewellery And Watches",256.34
Shanti Inorgan.,SHANTIINOR,,,
Sharat Industrie,SHINDL,Food Products,Seafood,162.42
Sharda Cropchem,SHARDACROP,Fertilizers & Agrochemicals,Pesticides & Agrochemicals,768.35
Sharda Motor,SHARDAMOTR,Auto Components,Auto Components & Equipments,881.95
Shardul Sec.,SHARDUL,Capital Markets,Stockbroking & Allied,54.49
Share India Sec.,SHAREINDIA,Capital Markets,Stockbroking & Allied,170.5
Sharp Chucks and,SCML,Industrial Products,Castings & Forgings,81
Sheel Bio.,SHEEL,Commercial Services & Supplies,Diversified Commercial Services,61.6
Sheela Foam,SFL,Consumer Durables,"Furniture, Home Furnishing",646.8
Sheetal Cool,SCPL,Food Products,Dairy Products,646.45
Sheetal Univer.,SHEETAL,Agricultural Food & other Products,Other Agricultural Products,348.1
Shekhawati Inds,SHEKHAWATI,Textiles & Apparels,Other Textile Products,15.52
Shemaroo Entert.,SHEMAROO,Entertainment,Media & Entertainment,126.61
Shera Energy,SHERA,Industrial Products,"Aluminium, Copper & Zinc Products",182.3
Shervani Indl Sy,SHERVANI,Realty,"Residential, Commercial Projects",315.1
Shigan Quantum,SHIGAN,Auto Components,Auto Components & Equipments,71.1
Shilchar Tech.,SHILCTECH,Electrical Equipment,Other Electrical Equipment,4065.3
Shilp Gravures,SHILGRAVQ,Industrial Products,"Aluminium, Copper & Zinc Products",144.8
Shilpa Medicare,SHILPAMED,Pharmaceuticals & Biotechnology,Pharmaceuticals,964.15
Shipping Land,SCILAL,Finance,Investment Company,39.77
Shiprocket,SHIPROCKET,Transport Services,Logistics Solution Provider,135.92
Shiv Aum Steels,SHIVAUM,Commercial Services & Supplies,Trading & Distributors,448.05
Shiva Cement,SHIVACEM,Cement & Cement Products,Cement & Cement Products,15.97
Shiva Global,SHIVAAGRO,Fertilizers & Agrochemicals,Fertilizers,41.39
Shiva Mills,SHIVAMILLS,Textiles & Apparels,Other Textile Products,60.5
Shiva Texyarn,SHIVATEX,Textiles & Apparels,Other Textile Products,182.86
Shivalic Power,SPCL,Electrical Equipment,Other Electrical Equipment,62.6
Shivalik Bimetal,SBCL,Industrial Products,Iron & Steel Products,1121.1
Shivalik Rasayan,SHIVALIK,Fertilizers & Agrochemicals,Pesticides & Agrochemicals,327.4
Shivam Autotech,SHIVAMAUTO,Auto Components,Auto Components & Equipments,18.01
Shivashrit Foods,SHIVASHRIT,Food Products,Other Food Products,120
Shoppers Stop,SHOPERSTOP,Retailing,Diversified Retail,381.75
Shraddha Prime,SHRADDHA,Realty,"Residential, Commercial Projects",156.48
Shradha Realty,SHRADHA,Realty,"Residential, Commercial Projects",31.48
Shree Cement,SHREECEM,Cement & Cement Products,Cement & Cement Products,23855
Shree Ganesh Rem,SGRL,Pharmaceuticals & Biotechnology,Pharmaceuticals,708.55
Shree Karni,SHREEKARNI,Textiles & Apparels,Other Textile Products,380.2
Shree OSFM,SHREEOSFM,Transport Services,Road Transport,56.5
Shree Ram Twist.,SRTL,Textiles & Apparels,Other Textile Products,37.71
Shree Rama News.,RAMANEWS,"Paper, Forest & Jute Products",Paper & Paper Products,31.75
Shree Tirupati,TIRUPATI,Industrial Products,Plastic Products - Industrial,308
Shree TirupatiBa,BALAJEE,Industrial Products,Packaging,26.16
Shree Vasu Logis,SVLL,Transport Services,Logistics Solution Provider,799.25
Shreedhar Spinners,SHREEDHAR,Textiles & Apparels,Other Textile Products,114.3
Shreeji Global,SHETHJI,Agricultural Food & other Products,Other Agricultural Products,195.95
Shreeji Ship. Gl,SHREEJISPG,Transport Services,Shipping,680.15
Shreeoswal Seeds,OSWALSEEDS,Agricultural Food & other Products,Other Agricultural Products,11.72
Shrem InvIT,SHREMINVIT,Construction,Civil Construction,100.5
Shrenik,SHRENIK,"Paper, Forest & Jute Products",Paper & Paper Products,0.29
Shreyans Inds.,SHREYANIND,"Paper, Forest & Jute Products",Paper & Paper Products,128.93
Shri Ahimsa,SHRIAHIMSA,Food Products,Other Food Products,485.5
Shri Hare-Krish.,SHKSIL,Ferrous Metals,Sponge Iron,34
Shri Kanha Stain,SHRIKANHA,Industrial Products,Iron & Steel Products,20.85
Shri Krishna,SHRIKRISH,Realty,"Residential, Commercial Projects",39.79
Shri Techtex,SHRITECH,Industrial Products,Plastic Products - Industrial,59.55
Shri Vasuprada,VASUPRADA,Agricultural Food & other Products,Tea & Coffee,107.1
Shringar House,SHRINGARMS,Consumer Durables,"Gems, Jewellery And Watches",217.91
Shriram Finance,SHRIRAMFIN,Finance,Non Banking Financial Company (NBFC),1041
Shriram Properti,SHRIRAMPPS,Realty,"Residential, Commercial Projects",76.9
Shubhlaxmi Jewel,SHUBHLAXMI,Consumer Durables,"Gems, Jewellery And Watches",18.5
Shubhshree Bio.,SHUBHSHREE,Industrial Products,Other Industrial Products,349.95
Shukra Pharma.,SHUKRAPHAR,Pharmaceuticals & Biotechnology,Pharmaceuticals,51.93
Shyam Century,SHYAMCENT,Ferrous Metals,Ferro & Silica Manganese,5.03
Shyam Dhani Ind.,SHYAMDHANI,Food Products,Other Food Products,52.7
Shyam Metalics,SHYAMMETL,Industrial Products,Iron & Steel Products,1065.3
Shyam Telecom,SHYAMTEL,Commercial Services & Supplies,Trading & Distributors,11.6
Sicagen India,SICAGEN,Commercial Services & Supplies,Trading & Distributors,58.28
Sical Logistics,SICALLOG,Transport Services,Logistics Solution Provider,107.33
Siddhi Cotspin,SIDDHICOTS,Textiles & Apparels,Other Textile Products,27.05
Siddhika Coatins,SIDDHIKA,Consumer Durables,Paints,225
Siemens,SIEMENS,Electrical Equipment,Heavy Electrical Equipment,3977
Siemens Ener.Ind,ENRIN,Electrical Equipment,Heavy Electrical Equipment,3115.7
Sigachi Indust.,SIGACHI,Pharmaceuticals & Biotechnology,Pharmaceuticals,34.74
Sigma Advanced System,SIGMAADV,Aerospace & Defense,Aerospace & Defense,762.4
Sigma Solve,SIGMA,IT - Services,IT Enabled Services,46.66
SignatureGlobal,SIGNATURE,Realty,"Residential, Commercial Projects",796.55
Signet Industrie,SIGIND,Commercial Services & Supplies,Trading & Distributors,70.37
Signoria Creatio,SIGNORIA,Textiles & Apparels,Garments & Apparels,159
Signpost India,SIGNPOST,Media,Advertising & Media Agencies,244.25
Sika Interplant,SIKA,Aerospace & Defense,Aerospace & Defense,996.1
Sikko Industries,SIKKO,Fertilizers & Agrochemicals,Pesticides & Agrochemicals,5.41
SIL Investments,SILINV,Finance,Investment Company,478.8
Silgo Retail,SILGO,Consumer Durables,"Gems, Jewellery And Watches",69.97
Silkflex Polymer,SILKFLEX,Chemicals & Petrochemicals,Specialty Chemicals,288.3
Silky Overseas,SILKY,Textiles & Apparels,Other Textile Products,71.95
Silly Monks,SILLYMONKS,Entertainment,Media & Entertainment,16.19
Silver Touch,SILVERTUC,IT - Software,Computers - Software & Consulting,167.97
Simbhaoli Sugar,SIMBHALS,Agricultural Food & other Products,Sugar,7.8
Simca Advertis.,SIMCA,Media,Advertising & Media Agencies,260
Simplex Infra,SIMPLEXINF,Construction,Civil Construction,270.5
Simplex Realty,SIMPLXREA,Realty,"Residential, Commercial Projects",142.99
Sinclairs Hotels,SINCLAIR,Leisure Services,Hotels & Resorts,83.5
Sindhu Trade,SINDHUTRAD,Consumable Fuels,Coal,25.28
Singer India,SINGERIND,Consumer Durables,Household Appliances,76.98
Sintercom India,SINTERCOM,Auto Components,Auto Components & Equipments,80.8
Sirca Paints,SIRCA,Consumer Durables,Paints,439.25
SIS,SIS,Other Consumer Services,Other Consumer Services,430.95
Siti Networks,SITINET,Entertainment,TV Broadcasting & Software Production,0.29
Siyaram Silk,SIYSIL,Textiles & Apparels,Other Textile Products,552.65
SJS Enterprises,SJS,Auto Components,Auto Components & Equipments,2306.1
SJVN,SJVN,Power,Power Generation,65.23
SKF India,SKFINDIA,Industrial Products,Abrasives & Bearings,1553.2
SKF India Indus.,SKFINDUS,Industrial Products,Abrasives & Bearings,3002.5
SKIL Infrastr,SKIL,Construction,Civil Construction,0.83
Skipper,SKIPPER,Electrical Equipment,Heavy Electrical Equipment,591.1
SKM Egg Prod.,SKMEGGPROD,Food Products,Meat Products including Poultry,257.1
SKP Bearing,SKP,Industrial Products,Abrasives & Bearings,151.5
Sky Gold & Diam.,SKYGOLD,Consumer Durables,"Gems, Jewellery And Watches",781.45
Skytech Infinite Platform,SKYTECH,Industrial Manufacturing,Industrial Products,40.05
Skyways Air Ser.,SKYWAYS,Transport Services,Logistics Solution Provider,122.72
Slone Infosys.,SLONE,IT - Hardware,Computers Hardware & Equipments,187
Smarten Power,SMARTEN,Electrical Equipment,Other Electrical Equipment,54.85
Smartlink Hold.,SMARTLINK,IT - Hardware,Computers Hardware & Equipments,213.81
Smartworks Cowor,SMARTWORKS,Commercial Services & Supplies,Diversified Commercial Services,541.5
SMC Global Sec.,SMCGLOBAL,Capital Markets,Stockbroking & Allied,81.25
SML Mahindra,SMLMAH,"Agricultural, Commercial & Construction Vehicles",Commercial Vehicles,6298.5
SMS Pharma.,SMSPHARMA,Pharmaceuticals & Biotechnology,Pharmaceuticals,392.5
SMVD Poly Pack,SMVD,Industrial Products,Plastic Products - Industrial,17
Snehaa Organics,SNEHAA,Chemicals & Petrochemicals,Specialty Chemicals,47
Snowman Logistic,SNOWMAN,Transport Services,Logistics Solution Provider,36.85
Sobha,SOBHA,Realty,"Residential, Commercial Projects",1263.8
Softtech Enginee,SOFTTECH,IT - Software,Computers - Software & Consulting,423.15
Solar Industries,SOLARINDS,Chemicals & Petrochemicals,Explosives,21445
Solara Active,SOLARA,Pharmaceuticals & Biotechnology,Pharmaceuticals,639.15
Solarworld Ene.,SOLARWORLD,Construction,Civil Construction,149.32
Solex Energy,SOLEX,Electrical Equipment,Other Electrical Equipment,725.3
Som Distilleries,SDBL,Beverages,Breweries & Distilleries,74
Soma Textiles,SOMATEX,Textiles & Apparels,Other Textile Products,90.22
Somany Ceramics,SOMANYCERA,Consumer Durables,Ceramics,557.35
Somi Conv.Belt.,SOMICONVEY,Industrial Manufacturing,Industrial Products,91.33
Sona BLW Precis.,SONACOMS,Auto Components,Auto Components & Equipments,789
Sona Machinery,SONAMAC,Industrial Manufacturing,Industrial Products,33
Sonal Mercantile,SONAL,Finance,Non Banking Financial Company (NBFC),88.98
Sonam,SONAMLTD,Consumer Durables,Consumer Electronics,65.84
Sonata Software,SONATSOFTW,IT - Software,Computers - Software & Consulting,285.25
Sonu Infratech,SONUINFRA,Construction,Civil Construction,44.45
Sotac Pharma.,SOTAC,Pharmaceuticals & Biotechnology,Pharmaceuticals,90.05
South Ind.Bank,SOUTHBANK,Banks,Private Sector Bank,47.29
South West Pinn.,SOUTHWEST,Commercial Services & Supplies,Diversified Commercial Services,212.92
SP Refractories,SPRL,Industrial Products,Electrodes & Refractories,102.5
Spacenet Enterpr,SPCENET,Commercial Services & Supplies,Trading & Distributors,3.41
Spandana Sphoort,SPANDANA,Finance,Microfinance Institutions,239.81
SPARC,SPARC,Pharmaceuticals & Biotechnology,Pharmaceuticals,199.47
SPEB Adhesives,SPEB,Chemicals & Petrochemicals,Specialty Chemicals,95
Speciality Rest.,SPECIALITY,Leisure Services,Restaurants,139.59
Spectrum Electr.,SPECTRUM,Industrial Manufacturing,Industrial Products,2368.4
Spectrum Talent,SPECTSTM,Commercial Services & Supplies,Diversified Commercial Services,56
Spel Semiconduct,SPELS,Electrical Equipment,Other Electrical Equipment,149.38
Spencer's Retail,SPENCERS,Retailing,Diversified Retail,28.5
SpiceJet,SPICEJET,Transport Services,Airline,9.73
SPL Industries,SPLIL,Textiles & Apparels,Trading - Textile Products,30.39
SPML Infra,SPMLINFRA,Construction,Civil Construction,181.41
Sportking India,SPORTKING,Textiles & Apparels,Other Textile Products,229.22
SPP Polymer,SPPPOLY,Industrial Products,Packaging,12.35
SPR Auto Technologies,SHRIPISTON,Auto Components,Auto Components & Equipments,4536.9
Spunweb Nonwoven,SPUNWEB,Textiles & Apparels,Other Textile Products,102.9
Sr.Rayala.Hypo,SRHHYPOLTD,Chemicals & Petrochemicals,Commodity Chemicals,531.05
Sreeleathers,SREEL,Consumer Durables,Footwear,265.52
SRF,SRF,Chemicals & Petrochemicals,Commodity Chemicals,2547
SRG Housing,SRGHFL,Finance,Housing Finance Company,245.45
Sri Havisha,HAVISHA,Leisure Services,Hotels & Resorts,1.41
Sri KPR Inds.,SRIKPRIND,Industrial Products,Plastic Products - Industrial,33.38
Sri Lotus,LOTUSDEV,Realty,"Residential, Commercial Projects",193.25
Srinibas Pradhan,SPCON,Construction,Civil Construction,150
Srivari Spices &,SSFL,Food Products,Other Food Products,260
Srivasavi Adhes.,SRIVASAVI,Industrial Products,Other Industrial Products,79
SRM Contractors,SRM,Construction,Civil Construction,462.35
Stallion India,STALLION,Chemicals & Petrochemicals,Industrial Gases,206.68
Standard Engineering Technology,SETL,Industrial Manufacturing,Industrial Products,408.95
Standard Inds.,SIL,Realty,Real Estate related services,19.59
Stanley Lifesty.,STANLEY,Consumer Durables,"Furniture, Home Furnishing",135.48
Star Cement,STARCEMENT,Cement & Cement Products,Cement & Cement Products,190.19
Star Health Insu,STARHEALTH,Insurance,General Insurance,557.35
Star Paper Mills,STARPAPER,"Paper, Forest & Jute Products",Paper & Paper Products,151.42
Starteck Fin.,STARTECK,Finance,Non Banking Financial Company (NBFC),249.25
Steel City Sec.,STEELCITY,Capital Markets,Stockbroking & Allied,85.55
Steel Exchange,STEELXIND,Industrial Products,Iron & Steel Products,11.34
Steel Str. Wheel,SSWL,Auto Components,Auto Components & Equipments,361.85
Steel Strips Inf,STLSTRINF,Realty,"Residential, Commercial Projects",19.55
Steelcast,STEELCAS,Industrial Products,Castings & Forgings,328.05
STEL Holdings,STEL,Finance,Investment Company,607.9
Sterling & Wils.,SWSOLAR,Construction,Civil Construction,186.23
Sterling Tools,STERTOOLS,Auto Components,Auto Components & Equipments,221.31
Sterlite Tech.,STLTECH,Telecom -  Equipment & Accessories,Telecom -  Equipment & Accessories,748.9
STL Global,SGL,Textiles & Apparels,Other Textile Products,10.05
STL Networks,STLNETWORK,Telecom - Services,Other Telecom Services,28.87
Stove Kraft,STOVEKRAFT,Consumer Durables,Household Appliances,832.55
Striders Impex,STRIDERS,Consumer Durables,Leisure Products,64.7
Strides Pharma,STAR,Pharmaceuticals & Biotechnology,Pharmaceuticals,1059.6
Studds Accessor.,STUDDS,Auto Components,Auto Components & Equipments,424.2
Studio LSD,STUDIOLSD,Entertainment,Media & Entertainment,9.85
Stylam Industrie,STYLAMIND,Consumer Durables,Plywood Boards/ Laminates,3387.4
Styrenix Perfor.,STYRENIX,Chemicals & Petrochemicals,Specialty Chemicals,2043.2
Suba Hotels,SUBAHOTELS,Leisure Services,Hotels & Resorts,98.3
Subex,SUBEXLTD,IT - Software,Software Products,17.28
Subros,SUBROS,Industrial Products,Other Industrial Products,709.6
Sudarshan Chem.,SUDARSCHEM,Chemicals & Petrochemicals,Dyes And Pigments,1222.8
Sudarshan Colorants,SUDARCOLOR,Chemicals & Petrochemicals,Dyes And Pigments,383.45
Sudeep Pharma,SUDEEPPHRM,Pharmaceuticals & Biotechnology,Pharmaceuticals,1329.3
Sukhjit Starch,SUKHJITS,Agricultural Food & other Products,Other Agricultural Products,157.86
Sula Vineyards,SULA,Beverages,Breweries & Distilleries,149
Sumax Engineering,SUMAX,Auto Components,Auto Components & Equipments,106.5
Sumedha Fiscal,SUMEDHA,Finance,Other Financial Services,39.01
Sumeet Industrie,SUMEETINDS,Textiles & Apparels,Other Textile Products,11.5
Sumit Woods,SUMIT,Realty,"Residential, Commercial Projects",51.71
Sumitomo Chemi.,SUMICHEM,Fertilizers & Agrochemicals,Pesticides & Agrochemicals,493.4
Summit Securitie,SUMMITSEC,Finance,Investment Company,1434.2
Sun Pharma.Inds.,SUNPHARMA,Pharmaceuticals & Biotechnology,Pharmaceuticals,1899
Sun TV Network,SUNTV,Entertainment,TV Broadcasting & Software Production,470.9
Sundaram Brake,SUNDRMBRAK,Auto Components,Auto Components & Equipments,740
Sundaram Clayton,SUNCLAY,Auto Components,Auto Components & Equipments,1304.4
Sundaram Finance,SUNDARMFIN,Finance,Non Banking Financial Company (NBFC),4648.7
Sundaram Multi.,SUNDARAM,Household Products,Stationary,1.23
Sundram Fasten.,SUNDRMFAST,Auto Components,Auto Components & Equipments,1212.3
Sundrex Oil,SOCL,Petroleum Products,Lubricants,29.5
Sundrop Brands,SUNDROP,Agricultural Food & other Products,Edible Oil,662.5
Sunflag Iron,SUNFLAG,Industrial Products,Iron & Steel Products,343.7
Sungarner Energ.,SEL,Electrical Equipment,Other Electrical Equipment,317.95
Sunil Healthcare,SUNLOC,Pharmaceuticals & Biotechnology,Pharmaceuticals,79.98
Sunlite Recycli.,SUNLITE,Industrial Products,"Aluminium, Copper & Zinc Products",542.5
Sunrakshakk Inds,SUNRAKSHAK,Textiles & Apparels,Other Textile Products,369.55
Sunrest Lifescie,SUNREST,Pharmaceuticals & Biotechnology,Pharmaceuticals,39
Sunshield Chem.,SUNSHIEL,Chemicals & Petrochemicals,Specialty Chemicals,1144.9
Sunshine Picture,SUNSHINE,Entertainment,"Film Production, Distribution & Exhibition",441.45
Suntech Infra.,SUNTECH,Construction,Civil Construction,40.05
Sunteck Realty,SUNTECK,Realty,"Residential, Commercial Projects",299.5
Super Spinning,SUPERSPIN,Textiles & Apparels,Other Textile Products,6.95
Super Tannery,SUPTANERY,Consumer Durables,Leather And Leather Products,13.25
Superhouse Ltd,SUPERHOUSE,Consumer Durables,Leather And Leather Products,169.23
Superior Indus.,SIEL,Agricultural Food & other Products,Edible Oil,31.9
Suprajit Engg.,SUPRAJIT,Auto Components,Auto Components & Equipments,479.45
Supreme Engg.,SUPREMEENG,Industrial Products,Iron & Steel Products,3.03
Supreme Facility,SFML,Commercial Services & Supplies,Diversified Commercial Services,21.5
Supreme Holdings,SUPREME,Realty,"Residential, Commercial Projects",36.27
Supreme Inds.,SUPREMEIND,Industrial Products,Plastic Products - Industrial,3475
Supreme Infra.,SUPREMEINF,Construction,Civil Construction,83.42
Supreme Petroch.,SPLPETRO,Chemicals & Petrochemicals,Petrochemicals,771.05
Supreme Power,SUPREMEPWR,Electrical Equipment,Other Electrical Equipment,222.6
Supriya Lifesci.,SUPRIYA,Pharmaceuticals & Biotechnology,Pharmaceuticals,852.85
Suraj,SURAJLTD,Industrial Products,Iron & Steel Products,201.79
Suraj Estate,SURAJEST,Realty,"Residential, Commercial Projects",178.25
Suraksha Diagno.,SURAKSHA,Healthcare Services,Healthcare Service Provider,332.45
Surana Solar,SURANASOL,Electrical Equipment,Heavy Electrical Equipment,26.11
Surana Telecom,SURANAT&P,Power,Power Generation,16.57
Surani Steel Tub,SURANI,Industrial Products,Iron & Steel Products,99.7
Suratwwala Busi.,SBGLP,Realty,"Residential, Commercial Projects",23.96
Surya Roshni,SURYAROSNI,Industrial Products,Iron & Steel Products,216.49
Suryalak. Cott.,SURYALAXMI,Textiles & Apparels,Other Textile Products,60.79
Suryalata Spg.,SURYALA,Textiles & Apparels,Other Textile Products,411.85
Suryoday Small,SURYODAY,Banks,Other Bank,152.07
Sustainable Ener,SEITINVIT,Power,Power Generation,122
Sutlej Textiles,SUTLEJTEX,Textiles & Apparels,Other Textile Products,40.89
Suven Life Scie.,SUVEN,Healthcare Services,"Healthcare Research, Analytics & Technology",378
Suvidhaa Info.,SUVIDHAA,Financial Technology (Fintech),Financial Technology (Fintech),2.42
Suyog Telematics,SUYOG,Telecom - Services,Telecom - Infrastructure,731.2
Suzlon Energy,SUZLON,Electrical Equipment,Heavy Electrical Equipment,45.35
SVP Global,SVPGLOB,Textiles & Apparels,Other Textile Products,3.65
Swan Corp,SWANCORP,Chemicals & Petrochemicals,Petrochemicals,281.5
Swan Defence,SWANDEF,Industrial Manufacturing,Ship Building & Allied Services,2520.2
Swaraj Engines,SWARAJENG,Industrial Products,"Compressors, Pumps & Diesel Engines",3557.8
Swaraj Suiting,SWARAJ,Textiles & Apparels,Other Textile Products,357.35
SwarnsaritaJewel,SWARNSAR,Consumer Durables,"Gems, Jewellery And Watches",35.25
Swastik Pipe,SWASTIK,Industrial Products,Iron & Steel Products,19
Swelect Energy,SWELECTES,Electrical Equipment,Heavy Electrical Equipment,572.5
Swiggy,SWIGGY,Retailing,E-Retail/ E-Commerce,276.1
Swiss Military,SWISSMLTRY,Consumer Durables,Diversified consumer products,15.59
Sylvan Plyboard,SYLVANPLY,Consumer Durables,Plywood Boards/ Laminates,55.55
Symbiotec Pharma,SYMBIOTEC,Pharmaceuticals & Biotechnology,Pharmaceuticals,1078.25
Symphony,SYMPHONY,Consumer Durables,Household Appliances,580.35
Syncom Formul.,SYNCOMF,Pharmaceuticals & Biotechnology,Pharmaceuticals,20.58
Synergy Green,SGIL,Industrial Products,Castings & Forgings,606.2
Syngene Intl.,SYNGENE,Healthcare Services,"Healthcare Research, Analytics & Technology",395.6
Synoptics Techno,SYNOPTICS,IT - Services,IT Enabled Services,49.35
Syrma SGS Tech.,SYRMA,Industrial Manufacturing,Industrial Products,1457.3
Systango Tech,SYSTANGO,IT - Software,Computers - Software & Consulting,225.25
Systematix Corp.,SYSTMTXC,Capital Markets,Stockbroking & Allied,60.23
T B Z,TBZ,Consumer Durables,"Gems, Jewellery And Watches",480.85
T N Merc. Bank,TMB,Banks,Private Sector Bank,932.45
T N Newsprint,TNPL,"Paper, Forest & Jute Products",Paper & Paper Products,155.75
T N Petro Prod.,TNPETRO,Chemicals & Petrochemicals,Petrochemicals,132.7
T N Telecom.,TNTELE,Telecom -  Equipment & Accessories,Telecom -  Equipment & Accessories,8.88
T R I L,TARIL,Electrical Equipment,Heavy Electrical Equipment,300.95
T T,TTL,Textiles & Apparels,Other Textile Products,6.81
T.V. Today Netw.,TVTODAY,Entertainment,TV Broadcasting & Software Production,110.95
TAAL Tech,TAALTECH,Transport Services,Airline,4502.2
TAC Infosec,TAC,IT - Software,Computers - Software & Consulting,433.35
Tainwala Chem.,TAINWALCHM,Industrial Products,Plastic Products - Industrial,213.71
TajGVK Hotels,TAJGVK,Leisure Services,Hotels & Resorts,332.55
Take,TAKE,Healthcare Services,"Healthcare Research, Analytics & Technology",13.82
Talbros Auto.,TALBROAUTO,Auto Components,Auto Components & Equipments,407.75
Tamboli Industri,TAMBOLIIN,Finance,Holding Company,259.7
Taneja Aerospace,TANAA,Aerospace & Defense,Aerospace & Defense,282.15
Tankup Engi.,TANKUP,Industrial Products,Other Industrial Products,1598
Tanla Platforms,TANLA,IT - Software,Software Products,521.15
Tapi Fruit,TAPIFRUIT,Food Products,Packaged Foods,49
Tara Chand Infra,TARACHAND,Commercial Services & Supplies,Diversified Commercial Services,48.78
Tarapur Trans,TARAPUR,Electrical Equipment,Heavy Electrical Equipment,13.03
TARC Ltd,TARC,Realty,"Residential, Commercial Projects",126.99
Tarmat,TARMAT,Construction,Civil Construction,61.23
Tarsons Products,TARSONS,Healthcare Equipment & Supplies,Medical Equipment & Supplies,335.55
Tasty Bite Eat.,TASTYBITE,Food Products,Packaged Foods,9982
Tata Capital,TATACAP,Finance,Non Banking Financial Company (NBFC),375.05
Tata Chemicals,TATACHEM,Chemicals & Petrochemicals,Commodity Chemicals,625.1
Tata Comm,TATACOMM,Telecom - Services,Telecom - Cellular & Fixed line services,1756.1
Tata Consumer,TATACONSUM,Agricultural Food & other Products,Tea & Coffee,1010
Tata Elxsi,TATAELXSI,IT - Software,Computers - Software & Consulting,3558
Tata Inv.Corpn.,TATAINVEST,Finance,Investment Company,633.7
Tata Motors,TMCV,"Agricultural, Commercial & Construction Vehicles",Commercial Vehicles,458.2
Tata Motors PVeh,TMPV,Automobiles,Passenger Cars & Utility Vehicles,311.5
Tata Power Co.,TATAPOWER,Power,Integrated Power Utilities,368
Tata Steel,TATASTEEL,Ferrous Metals,Iron & Steel,188.79
Tata Technolog.,TATATECH,IT - Services,IT Enabled Services,800
Tata Tele. Mah.,TTML,Telecom - Services,Telecom - Cellular & Fixed line services,37.74
Tatva Chintan,TATVA,Chemicals & Petrochemicals,Specialty Chemicals,1678.5
Taurian MPS,TAURIAN,Industrial Manufacturing,Industrial Products,494
TBI Corn,TBI,Agricultural Food & other Products,Other Agricultural Products,73.55
TBO Tek,TBOTEK,Leisure Services,"Tour, Travel Related Services",1688.9
TCC Concept,TCC,Retailing,Internet & Catalogue Retail,44.1
TCI Express,TCIEXP,Transport Services,Logistics Solution Provider,552.9
TCI Finance,TCIFINANCE,Finance,Non Banking Financial Company (NBFC),15.1
TCPL Packaging,TCPLPACK,Industrial Products,Packaging,4091.9
TCS,TCS,IT - Software,Computers - Software & Consulting,2304
TD Power Systems,TDPOWERSYS,Electrical Equipment,Heavy Electrical Equipment,740.1
Team India Guar.,TEAMGTY,Finance,Non Banking Financial Company (NBFC),235.29
Team Lease Serv.,TEAMLEASE,Commercial Services & Supplies,Diversified Commercial Services,1250.6
Teamo Production,TPHQ,Construction,Civil Construction,0.55
Teamtech Formwork,TEAMTECH,Other Construction Materials,Other Construction Materials,137
Tech Mahindra,TECHM,IT - Software,Computers - Software & Consulting,1596.9
TechD Cybersec.,TECHD,IT - Services,IT Enabled Services,533.55
Techera Enginee.,TECHERA,Aerospace & Defense,Aerospace & Defense,160.9
Techno Elec.Engg,TECHNOE,Construction,Civil Construction,979.5
Technocraf.Inds.,TIIL,Industrial Products,Iron & Steel Products,3194.6
Technocraft Ven.,TECHNOCRAF,Other Utilities,Water Supply & Management,366.1
Technvision Ven.,TECHNVISN,IT - Software,Software Products,4917.5
TECIL Chemical,TECILCHEM,Chemicals & Petrochemicals,Commodity Chemicals,9.72
Teerth Gopicon,TGL,Construction,Civil Construction,18.05
Tega Inds.,TEGA,Industrial Manufacturing,Industrial Products,1548
Teja Engineering,TEJA,Oil,Oil Equipment & Services,236.05
Tejas Cargo,TEJASCARGO,Transport Services,Logistics Solution Provider,405
Tejas Networks,TEJASNET,Telecom -  Equipment & Accessories,Telecom -  Equipment & Accessories,614.15
Tembo Global,TEMBO,Industrial Products,Iron & Steel Products,58.47
Tempsens Instruments,TEMPSENS,Industrial Manufacturing,Industrial Products,554.8
Tenneco Clean,TENNIND,Auto Components,Auto Components & Equipments,517.55
Tera Software,TERASOFT,IT - Services,IT Enabled Services,283.4
Terai Tea Co,TERAI,Agricultural Food & other Products,Tea & Coffee,121.43
Texmaco Infrast.,TEXINFRA,Commercial Services & Supplies,Diversified Commercial Services,115.02
Texmaco Rail,TEXRAIL,Industrial Manufacturing,Railway Wagons,115.99
Texmo Pipes,TEXMOPIPES,Industrial Products,Plastic Products - Industrial,46.23
TGB Banquets,TGBHOTELS,Leisure Services,Hotels & Resorts,9.48
TGV Sraac,TGVSL,Chemicals & Petrochemicals,Commodity Chemicals,109.98
Thaai,TCL,Auto Components,Auto Components & Equipments,123
Thacker & Co.,THACKER,Finance,Other Financial Services,1050
Thakkers Develp.,THAKDEV,Realty,"Residential, Commercial Projects",144
Thangamayil Jew.,THANGAMAYL,Consumer Durables,"Gems, Jewellery And Watches",5332
The Anup Enginee,ANUP,Industrial Manufacturing,Industrial Products,1785.8
The Bombay Burmah,BBTC,Food Products,Packaged Foods,1496.8
The Byke Hospi.,BYKE,Leisure Services,Hotels & Resorts,32.11
The Hi-Tech Gear,HITECHGEAR,Auto Components,Auto Components & Equipments,567.15
The Invest.Trust,THEINVEST,Finance,Other Financial Services,95
The Peria Karamalai Tea,PKTEA,Agricultural Food & other Products,Tea & Coffee,802.65
The Ramco Cement,RAMCOCEM,Cement & Cement Products,Cement & Cement Products,884.5
Thejo Engg.,THEJO,Industrial Manufacturing,Industrial Products,2125.3
Themis Medicare,THEMISMED,Pharmaceuticals & Biotechnology,Pharmaceuticals,120.42
Thermax,THERMAX,Electrical Equipment,Heavy Electrical Equipment,3637.6
Thinking Hats,THESL,Other Consumer Services,Other Consumer Services,16.15
Thirumalai Chem.,TIRUMALCHM,Chemicals & Petrochemicals,Commodity Chemicals,157.19
Thomas Cook (I),THOMASCOOK,Leisure Services,"Tour, Travel Related Services",111.65
Thomas Scott,THOMASCOTT,Textiles & Apparels,Garments & Apparels,262.75
Thyrocare Tech.,THYROCARE,Healthcare Services,Healthcare Service Provider,576.15
Tiger Logistics,TIGERLOGS,Transport Services,Logistics Solution Provider,28.61
Tijaria Polypipe,TIJARIA,Industrial Products,Plastic Products - Industrial,9.54
TIL,TIL,"Agricultural, Commercial & Construction Vehicles",Construction Vehicles,252.88
Tilaknagar Inds.,TI,Beverages,Breweries & Distilleries,535.1
Time Technoplast,TIMETECHNO,Industrial Products,Plastic Products - Industrial,188.49
Timescan Logist.,TIMESCAN,Transport Services,Logistics Solution Provider,39.5
Timex Group,TIMEX,Consumer Durables,"Gems, Jewellery And Watches",669.85
Timken India,TIMKEN,Industrial Products,Abrasives & Bearings,3125.3
Tinna Rubber,TINNARUBR,Industrial Products,Rubber,1028.2
Tips Films,TIPSFILMS,Entertainment,"Film Production, Distribution & Exhibition",331
Tips Music,TIPSMUSIC,Entertainment,Media & Entertainment,649.75
Tirupati Forge,TIRUPATIFL,Industrial Products,Castings & Forgings,69.05
Titagarh Rail,TITAGARH,Industrial Manufacturing,Railway Wagons,871.85
Titan Company,TITAN,Consumer Durables,"Gems, Jewellery And Watches",5020
Tokyo Plast Intl,TOKYOPLAST,Consumer Durables,Plastic Products - Consumer,76.51
Tolins Tyres,TOLINS,Auto Components,Tyres & Rubber Products,91.98
Torrent Pharma.,TORNTPHARM,Pharmaceuticals & Biotechnology,Pharmaceuticals,4857
Torrent Power,TORNTPOWER,Power,Integrated Power Utilities,1299.1
Total Transport,TOTAL,Transport Services,Logistics Solution Provider,70.88
Touchwood Enter.,TOUCHWOOD,Other Consumer Services,Other Consumer Services,62.81
Tour. Fin. Corp.,TFCILTD,Finance,Financial Institution,143.26
Toyam Sports,TOYAMSL,Finance,Other Financial Services,0.61
TPL Plastech,TPLPLASTEH,Industrial Products,Packaging,71.74
Tracxn Technolo.,TRACXN,Commercial Services & Supplies,Data Processing Services,29.96
Transcorp Intl.,TRANSCOR,Finance,Other Financial Services,25.49
TransIndia Real,TREL,Transport Services,Logistics Solution Provider,27.44
Transpek Inds.,TRANSPEK,Chemicals & Petrochemicals,Commodity Chemicals,1446.5
Transport Corp.,TCI,Transport Services,Logistics Solution Provider,868.2
Transrail Light,TRANSRAILL,Electrical Equipment,Heavy Electrical Equipment,429.3
Transteel Seatin,TRANSTEEL,Consumer Durables,"Furniture, Home Furnishing",75.9
Transwar.Fin.,TFL,Finance,Non Banking Financial Company (NBFC),12.36
Transworld Shipp,TRANSWORLD,Transport Services,Shipping,171
Travel Food,TRAVELFOOD,Leisure Services,Restaurants,1296.3
Tree House Edu.,TREEHOUSE,Other Consumer Services,Education,6.29
Trejhara Solutio,TREJHARA,IT - Software,Computers - Software & Consulting,152.01
Trent,TRENT,Retailing,Speciality Retail,2853
TRF,TRF,Industrial Manufacturing,Industrial Products,231.59
Trident,TRIDENT,Textiles & Apparels,Other Textile Products,24.16
Trident Techlabs,TECHLABS,IT - Software,Computers - Software & Consulting,115.2
Tridhya Tech,TRIDHYA,Commercial Services & Supplies,Diversified Commercial Services,7.2
Trigyn Techno.,TRIGYN,IT - Software,Computers - Software & Consulting,58.97
Triton Valves,TRITONV,Auto Components,Auto Components & Equipments,1136.1
Triven.Engg.Ind.,TRIVENI,Agricultural Food & other Products,Sugar,275.65
Triveni Turbine,TRITURBINE,Electrical Equipment,Heavy Electrical Equipment,577.3
Trom Industries,TROM,Electrical Equipment,Heavy Electrical Equipment,59.5
TruAlt Bioenergy,TRUALT,Agricultural Food & other Products,Other Agricultural Products,425.25
TruCap Finance,TRU,Finance,Non Banking Financial Company (NBFC),4.05
Trust Fintech,TRUST,IT - Software,Software Products,30
TSC India,TSC,Leisure Services,"Tour, Travel Related Services",43.05
Tsf Investments,TSFINV,Finance,Investment Company,404.7
TTK Healthcare,TTKHLTCARE,Diversified,Diversified,1100.2
TTK Prestige,TTKPRESTIG,Consumer Durables,Household Appliances,562.75
Tube Investments,TIINDIA,Auto Components,Auto Components & Equipments,2698
Tunwal E-Motors,TUNWAL,Automobiles,2/3 Wheelers,25.1
Turtlemint Fintech,TURTLEMINT,Financial Technology (Fintech),Financial Technology (Fintech),144.08
Tuticorin Alkali,TUTIALKA,Chemicals & Petrochemicals,Commodity Chemicals,60.36
TV Vision,TVVISION,Entertainment,TV Broadcasting & Software Production,3.38
TVS Elec.,TVSELECT,IT - Hardware,Computers Hardware & Equipments,420.85
TVS Holdings,TVSHLTD,Finance,Investment Company,13374
TVS Infra. Trust,TVSINVIT,Commercial Services & Supplies,Diversified Commercial Services,119
TVS Motor Co.,TVSMOTOR,Automobiles,2/3 Wheelers,4133.1
TVS Srichakra,TVSSRICHAK,Auto Components,Tyres & Rubber Products,5237.5
TVS Supply,TVSSCS,Transport Services,Logistics Solution Provider,130.41
Twamev Constr.,TICL,Construction,Civil Construction,8.12
U P Hotels,UPHOT,Leisure Services,Hotels & Resorts,1388
U. Y. Fincorp,UYFINCORP,Finance,Non Banking Financial Company (NBFC),19.73
Ucal,UCAL,Auto Components,Auto Components & Equipments,146.02
UCO Bank,UCOBANK,Banks,Public Sector Bank,24.78
Uday Jewellery,UDAYJEW,Consumer Durables,"Gems, Jewellery And Watches",143
Udayshivakumar,USK,Construction,Civil Construction,20.99
Uflex,UFLEX,Industrial Products,Packaging,675.6
UFO Moviez,UFO,Entertainment,"Film Production, Distribution & Exhibition",65.09
Ugar Sugar Works,UGARSUGAR,Agricultural Food & other Products,Sugar,53.35
Ugro Capital,UGROCAP,Finance,Non Banking Financial Company (NBFC),86.35
Ujaas Energy,UEL,Power,Power Generation,241.6
Ujjivan Small,UJJIVANSFB,Banks,Other Bank,64.43
Ultra Wiring,UWCSL,Auto Components,Auto Components & Equipments,110.25
Ultramarine Pig.,ULTRAMAR,Chemicals & Petrochemicals,Dyes And Pigments,437.15
UltraTech Cem.,ULTRACEMCO,Cement & Cement Products,Cement & Cement Products,11408
Uma Converter,UMA,Industrial Products,Packaging,18
Uma Exports,UMAEXPORTS,Commercial Services & Supplies,Trading & Distributors,23.97
Umiya Buildcon,UMIYA-MRO,Telecom -  Equipment & Accessories,Telecom -  Equipment & Accessories,104.42
Unichem Labs.,UNICHEMLAB,Pharmaceuticals & Biotechnology,Pharmaceuticals,550.2
Unicommerce,UNIECOM,IT - Software,Software Products,87.62
Unihealth Hosp,UNIHEALTH,Healthcare Services,Hospital,724
Uniinfo Telecom,UNIINFO,Telecom - Services,Other Telecom Services,11
Unilex Colour &C,UNILEX,Chemicals & Petrochemicals,Dyes And Pigments,27.75
Unimech Aero.,UNIMECH,Aerospace & Defense,Aerospace & Defense,1502.7
Union Bank (I),UNIONBANK,Banks,Public Sector Bank,187.22
Uniparts India,UNIPARTS,Auto Components,Auto Components & Equipments,874.05
Uniphos Enter.,UNIENTER,Chemicals & Petrochemicals,Trading - Chemicals,93.19
Unitech,UNITECH,Realty,"Residential, Commercial Projects",4.08
United Breweries,UBL,Beverages,Breweries & Distilleries,1279.4
United Drilling,UNIDT,Industrial Manufacturing,Industrial Products,225.46
United Foodbrands,UFBL,Leisure Services,Restaurants,700.35
United Heat,UHTL,Industrial Products,Other Industrial Products,158.4
United Nilgiri,UNITEDTEA,Agricultural Food & other Products,Tea & Coffee,442.8
United Polyfab,UNITEDPOLY,Textiles & Apparels,Other Textile Products,41.66
United Spirits,UNITDSPR,Beverages,Breweries & Distilleries,1471.7
Univa Foods,UNIVAFOODS,Leisure Services,Hotels & Resorts,9.03
Univastu India,UNIVASTU,Construction,Civil Construction,168.34
Universal Cables,UNIVCABLES,Industrial Products,Cables - Electricals,1576.3
Universus Photo,UNIVPHOTO,Consumer Durables,Consumer Electronics,490.4
Uno Minda,UNOMINDA,Auto Components,Auto Components & Equipments,1249.7
Updater Services,UDS,Commercial Services & Supplies,Diversified Commercial Services,239.03
UPL,UPL,Fertilizers & Agrochemicals,Pesticides & Agrochemicals,582.15
Upsurge Seeds,USASEEDS,Agricultural Food & other Products,Other Agricultural Products,92.4
Uravi Defence &,URAVIDEF,Auto Components,Auto Components & Equipments,118.2
Urban Company,URBANCO,Retailing,E-Retail/ E-Commerce,181.09
Urban Enviro,URBAN,Other Utilities,Waste Management,117.6
Urja Global,URJA,Electrical Equipment,Other Electrical Equipment,9.18
Usha Financial,USHAFIN,Finance,Non Banking Financial Company (NBFC),54.7
Usha Mart. Edu.,UMESLTD,Other Consumer Services,E-Learning,5.09
Usha Martin,USHAMART,Industrial Products,Iron & Steel Products,514.15
Ushanti Colour,UCL,Chemicals & Petrochemicals,Dyes And Pigments,249.75
UTI AMC,UTIAMC,Capital Markets,Asset Management Company,880.55
Utkal Speciality,UTKAL,"Paper, Forest & Jute Products",Paper & Paper Products,48.95
Utkarsh Small F.,UTKARSHBNK,Banks,Other Bank,14.56
Utssav CZ Gold,UTSSAV,Consumer Durables,"Gems, Jewellery And Watches",468.3
Uttam Sug.Mills,UTTAMSUGAR,Agricultural Food & other Products,Sugar,281.2
V I P Inds.,VIPIND,Consumer Durables,Plastic Products - Consumer,314.05
V R Infraspace,VR,Realty,"Residential, Commercial Projects",102
V-Guard Industri,VGUARD,Consumer Durables,Household Appliances,335.4
V-Marc India,VMARCIND,Industrial Products,Cables - Electricals,320.1
V-Mart Retail,VMART,Retailing,Diversified Retail,824.2
V.L.Infraproject,VLINFRA,Construction,Civil Construction,27.8
V2 Retail,V2RETAIL,Retailing,Speciality Retail,216.5
Va Tech Wabag,WABAG,Other Utilities,Water Supply & Management,2005.3
Vadilal Enterp.,VADILENT,Food Products,Dairy Products,10045
Vadilal Inds.,VADILALIND,Food Products,Dairy Products,7655
Vadivarhe Speci.,VSCL,Chemicals & Petrochemicals,Specialty Chemicals,20.9
Vaibhav Global,VAIBHAVGBL,Consumer Durables,"Gems, Jewellery And Watches",218.74
Vaidya Sane,MADHAVBAUG,Healthcare Equipment & Supplies,Medical Equipment & Supplies,160.5
Vaishali Pharma,VAISHALI,Pharmaceuticals & Biotechnology,Pharmaceuticals,8.32
Vakrangee,VAKRANGEE,IT - Services,IT Enabled Services,5.79
Valiant Laborato,VALIANTLAB,Pharmaceuticals & Biotechnology,Pharmaceuticals,105.97
Valiant Organics,VALIANTORG,Chemicals & Petrochemicals,Specialty Chemicals,320.25
Valor Estate,DBREALTY,Realty,"Residential, Commercial Projects",102.57
Value 360 Commu.,VALUE360,Media,Advertising & Media Agencies,74
Vardhman Acrylic,VARDHACRLC,Textiles & Apparels,Other Textile Products,43.59
Vardhman Hold.,VHL,Finance,Investment Company,3626.4
Vardhman Polytex,VARDMNPOLY,Textiles & Apparels,Other Textile Products,5.87
Vardhman Special,VSSL,Industrial Products,Iron & Steel Products,364.15
Vardhman Textile,VTL,Textiles & Apparels,Other Textile Products,598.2
Varroc Engineer,VARROC,Auto Components,Auto Components & Equipments,826.35
Varun Beverages,VBL,Beverages,Other Beverages,407.6
Varvee Global,VGL,Textiles & Apparels,Other Textile Products,53.31
Vasa Denticity,DENTALKART,Healthcare Equipment & Supplies,Medical Equipment & Supplies,412
Vascon Engineers,VASCONEQ,Realty,"Residential, Commercial Projects",30.47
Vaswani Industri,VASWANI,Ferrous Metals,Sponge Iron,47.01
Vaxtex Cotfab,VCL,Textiles & Apparels,Garments & Apparels,1.58
Vdeal System,VDEAL,Electrical Equipment,Other Electrical Equipment,157
Vedant Fashions,MANYAVAR,Retailing,Speciality Retail,594.2
Vedanta,VEDL,Diversified Metals,Diversified Metals,272.1
Vedanta Aluminium Metal,VAML,Non - Ferrous Metals,Aluminium,437.75
Vedanta Iron & Steel,VISL,Ferrous Metals,Iron & Steel,35.39
Vedanta Oil and Gas,VOGL,Oil,Oil Exploration & Production,38.02
Vedanta Power,VEDPOWER,Power,Power Generation,34.2
Vedavaag Systems,VEDAVAAG,IT - Services,IT Enabled Services,18.17
Veedol Corporat,VEEDOL,Petroleum Products,Lubricants,1476.8
Veekayem Fash.,VEEKAYEM,Textiles & Apparels,Garments & Apparels,113.05
Veljan Denison,VELJAN,Auto Components,Auto Components & Equipments,1878.9
Venky's (India),VENKEYS,Food Products,Meat Products including Poultry,1659.6
Ventive Hospital,VENTIVE,Leisure Services,Hotels & Resorts,588.2
Venus Pipes,VENUSPIPES,Industrial Products,Iron & Steel Products,1631
Venus Remedies,VENUSREM,Pharmaceuticals & Biotechnology,Pharmaceuticals,1694.4
Vera Synthetic,VERA,Textiles & Apparels,Other Textile Products,86.25
Veranda Learning,VERANDA,Other Consumer Services,E-Learning,242.63
Vertexplus Tech.,VERTEXPLUS,IT - Services,IT Enabled Services,56.7
Vertis Infra.,VERTIS,Transport Infrastructure,"Road AssetsToll, Annuity, Hybrid-Annuity",115.05
Vertoz,VERTOZ,Media,Advertising & Media Agencies,37.66
Vesuvius India,VESUVIUS,Industrial Products,Electrodes & Refractories,419.15
Veto Switchgears,VETO,Consumer Durables,Consumer Electronics,125.5
Viaz Tyres,VIAZ,Auto Components,Tyres & Rubber Products,67.5
Vibhor Steel,VSTL,Industrial Products,Iron & Steel Products,117.66
Vibrant Glo. Cap,VGCL,Finance,Non Banking Financial Company (NBFC),52.62
Viceroy Hotels,VHLTD,Leisure Services,Hotels & Resorts,118.21
Victory Ele.,VICTORYEV,Automobiles,2/3 Wheelers,15.65
Vidhi Specialty,VIDHIING,Chemicals & Petrochemicals,Specialty Chemicals,347.75
Vidya Wires,VIDYAWIRES,Industrial Products,"Aluminium, Copper & Zinc Products",90.13
Vigor Plast,VIGOR,Industrial Products,Plastic Products - Industrial,102.5
Vijay Solvex,VIJSOLX,Agricultural Food & other Products,Edible Oil,687.7
Vijaya Diagnost.,VIJAYA,Healthcare Services,Healthcare Service Provider,1493.2
Vijaypd Ceutical,VIJAYPD,Electrical Equipment,Heavy Electrical Equipment,63
Viji Finance,VIJIFIN,Finance,Non Banking Financial Company (NBFC),16.58
Vikas Ecotech,VIKASECO,Chemicals & Petrochemicals,Specialty Chemicals,1.07
Vikas Lifecare,VIKASLIFE,Commercial Services & Supplies,Trading & Distributors,1.29
Vikas Proppant,VIKASPROP,Agricultural Food & other Products,Other Agricultural Products,0.26
Vikas Wsp,VIKASWSP,Agricultural Food & other Products,Other Agricultural Products,0.9
Vikram Solar,VIKRAMSOLR,Electrical Equipment,Other Electrical Equipment,168.45
Vikran Engg.,VIKRAN,Construction,Civil Construction,60.77
Vilas Transcore,VILAS,Industrial Products,Other Industrial Products,353.7
Vilin Bio Med,VILINBIO,Pharmaceuticals & Biotechnology,Pharmaceuticals,54.25
Vimta Labs,VIMTALABS,Healthcare Services,"Healthcare Research, Analytics & Technology",635.65
Vinati Organics,VINATIORGA,Chemicals & Petrochemicals,Specialty Chemicals,1310.7
Vindhya Telelink,VINDHYATEL,Construction,Civil Construction,2732.7
Vineet Laborator,VINEETLAB,Pharmaceuticals & Biotechnology,Pharmaceuticals,37.37
Vinit Mobile,VMOBILE,Retailing,Speciality Retail,58.85
Vinny Overseas,VINNY,Textiles & Apparels,Garments & Apparels,1.02
Vinsys IT Serv.,VINSYS,Other Consumer Services,Education,597
Vintage Coffee,VINCOFE,Agricultural Food & other Products,Tea & Coffee,170.65
Vinyas Innovativ,VINYAS,Industrial Manufacturing,Industrial Products,1559.35
Vinyl Chemicals,VINYLINDIA,Chemicals & Petrochemicals,Trading - Chemicals,232.38
VIP Clothing,VIPCLOTHNG,Textiles & Apparels,Garments & Apparels,20.15
Vipul Ltd,VIPULLTD,Realty,"Residential, Commercial Projects",13.98
Virat Industries,VIRAT,Textiles & Apparels,Garments & Apparels,423.35
Virinchi,VIRINCHI,IT - Software,Software Products,14.7
Virtual Galaxy,VGINFOTECH,IT - Software,Software Products,139.4
Virtual Global,VIRTUALG,Other Consumer Services,Education,0.47
Virtuoso Optoel.,VOEPL,Consumer Durables,Diversified consumer products,553.2
VISA Chrome,VISACHROME,Ferrous Metals,Ferro & Silica Manganese,38.34
Visagar Polytex,VIVIDHA,Textiles & Apparels,Garments & Apparels,0.52
Visaka Industrie,VISAKAIND,Cement & Cement Products,Cement & Cement Products,93.37
Visaman Global,VISAMAN,Industrial Products,Iron & Steel Products,61.4
Visdem Technosys,VISDEM,Consumer Durables,Consumer Electronics,103.75
Vishal Fabrics,VISHAL,Textiles & Apparels,Garments & Apparels,18.67
Vishal Mega Mart,VMM,Retailing,Diversified Retail,106.14
Vishnu Chemicals,VISHNU,Chemicals & Petrochemicals,Specialty Chemicals,702
Vishnu Prakash R,VPRPL,Construction,Civil Construction,36.28
Vishnusurya Pro.,VISHNUINFR,Other Construction Materials,Other Construction Materials,158
Vishwaraj Sugar,VISHWARAJ,Agricultural Food & other Products,Sugar,5.9
Vishwas Agri,VISHWAS,Agricultural Food & other Products,Other Agricultural Products,44.2
Vision Infra,VIESL,Commercial Services & Supplies,Diversified Commercial Services,393.1
Vital Chemtech,VITAL,Chemicals & Petrochemicals,Specialty Chemicals,55.72
Viviana Power,VIVIANA,Construction,Civil Construction,804.7
Vivid Electromech,VIVIDEL,Electrical Equipment,Other Electrical Equipment,1591.6
Vivimed Labs.,VIVIMEDLAB,Pharmaceuticals & Biotechnology,Pharmaceuticals,6.58
Vivo Bio Tech,VIVOBIOT,Pharmaceuticals & Biotechnology,Biotechnology,18.8
Vivo Collaborat.,VIVO,Telecom - Services,Other Telecom Services,151.05
Viyash Scientific,VIYASH,Pharmaceuticals & Biotechnology,Pharmaceuticals,265.85
VL E-Governance,VLEGOV,IT - Services,IT Enabled Services,10.61
VLS Finance,VLSFINANCE,Finance,Investment Company,246.44
VMS TMT,VMSTMT,Industrial Products,Iron & Steel Products,45.46
Vodafone Idea,IDEA,Telecom - Services,Telecom - Cellular & Fixed line services,15.02
Voith Paper,VOITHPAPR,Textiles & Apparels,Other Textile Products,1458.6
Voler Car,VOLERCAR,Transport Services,Road Transport,246.95
Volt.Transform.,VOLTAMP,Electrical Equipment,Heavy Electrical Equipment,11418
Voltas,VOLTAS,Consumer Durables,Household Appliances,1170
Vraj Iron,VRAJ,Ferrous Metals,Sponge Iron,121.71
VRL Logistics,VRLLOG,Transport Services,Logistics Solution Provider,297.7
VST Industries,VSTIND,Cigarettes & Tobacco Products,Cigarettes & Tobacco Products,208.15
VST Till. Tract.,VSTTILLERS,"Agricultural, Commercial & Construction Vehicles",Tractors,4187.6
VTM,VTMLTD,Textiles & Apparels,Other Textile Products,56.12
W H Brady,WHBRADY,Industrial Products,Other Industrial Products,482.2
W I Plywoods,WIPL,Consumer Durables,Plywood Boards/ Laminates,167.99
W S Inds.,WSI,Construction,Civil Construction,60.37
Waaree Energies,WAAREEENER,Electrical Equipment,Other Electrical Equipment,2635
Waaree Renewab.,WAAREERTL,Electrical Equipment,Other Electrical Equipment,858.95
Wakefit Innovati,WAKEFIT,Consumer Durables,"Furniture, Home Furnishing",151.55
Walchan. Inds.,WALCHANNAG,Industrial Manufacturing,Industrial Products,208.61
Walpar Nutrition,WALPAR,Pharmaceuticals & Biotechnology,Pharmaceuticals,23.75
Wanbury,WANBURY,Pharmaceuticals & Biotechnology,Pharmaceuticals,246.2
Wardwizard Inno.,WARDINMOBI,Automobiles,2/3 Wheelers,5.86
Waterbase,WATERBASE,Food Products,Seafood,48.63
Waterways Leisur,CORDELIA,Leisure Services,"Tour, Travel Related Services",103.9
We Win Ltd,WEWIN,Commercial Services & Supplies,Business Process Outsourcing (BPO)/ Knowledge Process Outsourcing (KPO),41.91
Wealth First Por,WEALTH,Finance,Other Financial Services,841.7
Websol Energy,WEBELSOLAR,Electrical Equipment,Other Electrical Equipment,74.53
Weizmann,WEIZMANIND,Textiles & Apparels,Other Textile Products,74.5
Welspun Corp,WELCORP,Industrial Products,Iron & Steel Products,2590.6
Welspun Enterp,WELENT,Construction,Civil Construction,813.6
Welspun Investme,WELINV,Finance,Investment Company,2230.7
Welspun Living,WELSPUNLIV,Textiles & Apparels,Other Textile Products,208.51
Welspun Special.,WELSPLSOL,Industrial Products,Iron & Steel Products,59.55
Wendt India,WENDT,Industrial Products,Abrasives & Bearings,8160
West Coast Paper,WSTCSTPAPR,"Paper, Forest & Jute Products",Paper & Paper Products,650.25
Western Carriers,WCIL,Transport Services,Logistics Solution Provider,83.38
Westlife Food,WESTLIFE,Leisure Services,Restaurants,530.6
Wework India,WEWORK,Commercial Services & Supplies,Diversified Commercial Services,666.95
Wheels India,WHEELS,Auto Components,Auto Components & Equipments,1724.9
Whirlpool India,WHIRLPOOL,Consumer Durables,Household Appliances,815.95
Williamson Magor,WILLAMAGOR,Finance,Investment Company,25.4
Windlas Biotech,WINDLAS,Pharmaceuticals & Biotechnology,Pharmaceuticals,1126.35
Windsor Machines,WINDMACHIN,Industrial Manufacturing,Industrial Products,304.25
Winsol Engineers,WINSOL,Construction,Civil Construction,116
Wipro,WIPRO,IT - Software,Computers - Software & Consulting,176.4
Wise Travel,WTICAB,Transport Services,Road Transport,104.15
Wockhardt,WOCKPHARMA,Pharmaceuticals & Biotechnology,Pharmaceuticals,2088.7
WOL 3D India,WOL3D,Industrial Products,Other Industrial Products,136.5
Womancart,WOMANCART,Retailing,E-Retail/ E-Commerce,105.7
Wonder Electric.,WEL,Consumer Durables,Household Appliances,76.03
Wonderla Holiday,WONDERLA,Leisure Services,Amusement Parks/ Other Recreation,533.9
Worth Peripheral,WORTHPERI,Industrial Products,Packaging,154.99
WPIL,WPIL,Industrial Manufacturing,Industrial Products,443.9
Xchanging Sol.,XCHANGING,IT - Software,Computers - Software & Consulting,61.4
Xelpmoc Design,XELPMOC,IT - Software,Software Products,80.14
XPRO India,XPROINDIA,Industrial Products,Packaging,1325.1
XT Global Infot.,XTGLOBAL,IT - Software,Computers - Software & Consulting,31.69
Xtranet Techno.,XTRANET,IT - Services,IT Enabled Services,234.24
Yaap Digital,YAAP,Media,Advertising & Media Agencies,137.8
Yash Optics,YASHOPTICS,Consumer Durables,Diversified consumer products,123.75
Yasho Industries,YASHO,Chemicals & Petrochemicals,Specialty Chemicals,4134.1
Yasons Chemex,YCCL,Chemicals & Petrochemicals,Dyes And Pigments,8.6
Yatharth Hospit.,YATHARTH,Healthcare Services,Hospital,991.1
Yatra Online,YATRA,Leisure Services,"Tour, Travel Related Services",113.49
Yes Bank,YESBANK,Banks,Private Sector Bank,22.5
Yogi Ltd,YOGI,Finance,Non Banking Financial Company (NBFC),163.45
Yudiz Solutions,YUDIZ,IT - Software,Computers - Software & Consulting,26.95
Yuken India,YUKEN,Industrial Products,"Compressors, Pumps & Diesel Engines",1010.8
Z F Steering,ZFSTEERING,Auto Components,Auto Components & Equipments,667.5
Z-Tech (India),ZTECH,Other Utilities,Waste Management,476.3
Zaggle Prepaid,ZAGGLE,IT - Services,IT Enabled Services,180.77
Zeal Global Serv,ZEAL,Transport Services,Logistics Solution Provider,65.5
Zee Entertainmen,ZEEL,Entertainment,TV Broadcasting & Software Production,91.61
Zee Learn,ZEELEARN,Other Consumer Services,Education,7.09
Zee Media,ZEEMEDIA,Entertainment,TV Broadcasting & Software Production,8.22
Zen Technologies,ZENTEC,Aerospace & Defense,Aerospace & Defense,1801.4
Zenith Drugs,ZENITHDRUG,Pharmaceuticals & Biotechnology,Pharmaceuticals,42.75
Zenith Exports,ZENITHEXPO,Consumer Durables,Leather And Leather Products,204.1
Zenith Steel,ZENITHSTL,Industrial Products,Iron & Steel Products,5.9
Zensar Tech.,ZENSARTECH,IT - Software,Computers - Software & Consulting,461.55
ZF Commercial,ZFCVINDIA,Auto Components,Auto Components & Equipments,2551.9
Zim Laboratories,ZIMLAB,Pharmaceuticals & Biotechnology,Pharmaceuticals,125.5
Zodiac Cloth. Co,ZODIACLOTH,Textiles & Apparels,Garments & Apparels,72.23
Zodiac Energy,ZODIAC,Construction,Civil Construction,240.17
Zota Health Care,ZOTA,Pharmaceuticals & Biotechnology,Pharmaceuticals,1132.4
Zuari Agro Chem.,ZUARI,Fertilizers & Agrochemicals,Fertilizers,225.56
Zuari Industries,ZUARIIND,Agricultural Food & other Products,Sugar,276.45
Zydus Lifesci.,ZYDUSLIFE,Pharmaceuticals & Biotechnology,Pharmaceuticals,1120
Zydus Wellness,ZYDUSWELL,Food Products,Packaged Foods,531.7
